-- phpMyAdmin SQL Dump
-- version 4.2.7.1
-- http://www.phpmyadmin.net
--
-- Host: localhost
-- Generation Time: Mar 13, 2015 at 09:35 AM
-- Server version: 5.5.29-cll
-- PHP Version: 5.4.30

SET SQL_MODE = "NO_AUTO_VALUE_ON_ZERO";
SET time_zone = "+00:00";


/*!40101 SET @OLD_CHARACTER_SET_CLIENT=@@CHARACTER_SET_CLIENT */;
/*!40101 SET @OLD_CHARACTER_SET_RESULTS=@@CHARACTER_SET_RESULTS */;
/*!40101 SET @OLD_COLLATION_CONNECTION=@@COLLATION_CONNECTION */;
/*!40101 SET NAMES utf8 */;

--
-- Database: `av_itech`
--

-- --------------------------------------------------------

--
-- Table structure for table `department`
--

CREATE TABLE IF NOT EXISTS `department` (
`id` int(11) NOT NULL,
  `department_code` varchar(255) NOT NULL,
  `name` varchar(255) NOT NULL,
  `description` text NOT NULL
) ENGINE=InnoDB  DEFAULT CHARSET=utf8 AUTO_INCREMENT=3 ;

--
-- Dumping data for table `department`
--

INSERT INTO `department` (`id`, `department_code`, `name`, `description`) VALUES
(1, '10', 'การเงิน และ การบัญชี', ''),
(2, '001', 'Ed.Tech', 'Education Technology');

-- --------------------------------------------------------

--
-- Table structure for table `enumeration`
--

CREATE TABLE IF NOT EXISTS `enumeration` (
`id` int(11) NOT NULL,
  `enumeration_type_code` varchar(255) NOT NULL,
  `name` varchar(255) NOT NULL,
  `description` text NOT NULL
) ENGINE=InnoDB  DEFAULT CHARSET=utf8 AUTO_INCREMENT=8 ;

--
-- Dumping data for table `enumeration`
--

INSERT INTO `enumeration` (`id`, `enumeration_type_code`, `name`, `description`) VALUES
(1, 'DAY_IN_WEEK', 'Sunday', ''),
(2, 'DAY_IN_WEEK', 'Monday', ''),
(3, 'DAY_IN_WEEK', 'Tuesday', ''),
(4, 'DAY_IN_WEEK', 'Wednesday', ''),
(5, 'DAY_IN_WEEK', 'Thursday', ''),
(6, 'DAY_IN_WEEK', 'Friday', ''),
(7, 'DAY_IN_WEEK', 'Saturday', '');

-- --------------------------------------------------------

--
-- Table structure for table `enumeration_type`
--

CREATE TABLE IF NOT EXISTS `enumeration_type` (
  `code` varchar(255) NOT NULL,
  `name` varchar(255) NOT NULL,
  `description` text NOT NULL
) ENGINE=InnoDB DEFAULT CHARSET=utf8;

--
-- Dumping data for table `enumeration_type`
--

INSERT INTO `enumeration_type` (`code`, `name`, `description`) VALUES
('DAY_IN_WEEK', 'Day in week', '');

-- --------------------------------------------------------

--
-- Table structure for table `equipment`
--

CREATE TABLE IF NOT EXISTS `equipment` (
`id` int(11) NOT NULL,
  `equipment_type_id` int(11) NOT NULL,
  `equipment_type_list_id` int(11) NOT NULL,
  `room_id` int(11) DEFAULT NULL,
  `name` varchar(255) NOT NULL,
  `description` text NOT NULL,
  `ip_address` varchar(255) NOT NULL,
  `client_user` varchar(20) NOT NULL,
  `client_pass` varchar(20) NOT NULL,
  `mac_address` varchar(255) NOT NULL,
  `status` varchar(20) NOT NULL,
  `barcode` varchar(200) NOT NULL,
  `img_path` varchar(255) NOT NULL
) ENGINE=InnoDB  DEFAULT CHARSET=utf8 AUTO_INCREMENT=2967 ;

--
-- Dumping data for table `equipment`
--

INSERT INTO `equipment` (`id`, `equipment_type_id`, `equipment_type_list_id`, `room_id`, `name`, `description`, `ip_address`, `client_user`, `client_pass`, `mac_address`, `status`, `barcode`, `img_path`) VALUES
(1, 4, 0, 1302, 'Sound Mic (Cable)', 'Sound Mic (Cable)', '', '', '', '', 'A', '', ''),
(2, 5, 0, 1302, 'DVD', 'DVD', '', '', '', '', 'A', '', ''),
(3, 6, 0, 1302, 'Visualizer', 'Visualizer', '', '', '', '', 'A', '', ''),
(4, 8, 0, 1302, 'COM', 'COM', '', '', '', '', 'A', '', ''),
(5, 9, 0, 1302, 'LCD', 'LCD', '', '', '', '', 'A', '', ''),
(6, 4, 0, 1303, 'Sound Mic (Cable)', 'Sound Mic (Cable)', '', '', '', '', 'A', '', ''),
(7, 5, 0, 1303, 'DVD', 'DVD', '', '', '', '', 'A', '332', ''),
(8, 6, 0, 1303, 'Visualizer', 'Visualizer', '', '', '', '', 'A', '', ''),
(9, 8, 0, 1303, 'COM', 'COM', '', '', '', '', 'A', '', ''),
(10, 9, 0, 1303, 'LCD', 'LCD', '', '', '', '', 'A', '', ''),
(11, 4, 0, 1304, 'Sound Mic (Cable)', 'Sound Mic (Cable)', '', '', '', '', 'A', '', ''),
(12, 5, 0, 1304, 'DVD', 'DVD', '', '', '', '', 'A', '', ''),
(13, 6, 0, 1304, 'Visualizer', 'Visualizer', '', '', '', '', 'A', '', ''),
(14, 8, 0, 1304, 'COM', 'COM', '', '', '', '', 'A', '', ''),
(15, 9, 0, 1304, 'LCD', 'LCD', '', '', '', '', 'A', '', ''),
(16, 4, 0, 1305, 'Sound Mic (Cable)', 'Sound Mic (Cable)', '', '', '', '', 'A', '', ''),
(17, 5, 0, 1305, 'DVD', 'DVD', '', '', '', '', 'A', '', ''),
(18, 6, 0, 1305, 'Visualizer', 'Visualizer', '', '', '', '', 'A', '', ''),
(19, 8, 0, 1305, 'COM', 'COM', '', '', '', '', 'A', '', ''),
(20, 9, 0, 1305, 'LCD', 'LCD', '', '', '', '', 'A', '', ''),
(21, 4, 0, 1306, 'Sound Mic (Cable)', 'Sound Mic (Cable)', '', '', '', '', 'A', '', ''),
(22, 5, 0, 1306, 'DVD', 'DVD', '', '', '', '', 'A', '', ''),
(23, 6, 0, 1306, 'Visualizer', 'Visualizer', '', '', '', '', 'A', '', ''),
(24, 8, 0, 1306, 'COM', 'COM', '', '', '', '', 'A', '', ''),
(25, 9, 0, 1306, 'LCD', 'LCD', '', '', '', '', 'A', '', ''),
(26, 4, 0, 1307, 'Sound Mic (Cable)', 'Sound Mic (Cable)', '', '', '', '', 'A', '', ''),
(27, 5, 0, 1307, 'DVD', 'DVD', '', '', '', '', 'A', '', ''),
(28, 6, 0, 1307, 'Visualizer', 'Visualizer', '', '', '', '', 'A', '', ''),
(29, 8, 0, 1307, 'COM', 'COM', '', '', '', '', 'A', '', ''),
(30, 9, 0, 1307, 'LCD', 'LCD', '', '', '', '', 'A', '', ''),
(31, 4, 0, 1308, 'Sound Mic (Cable)', 'Sound Mic (Cable)', '', '', '', '', 'A', '', ''),
(32, 5, 0, 1308, 'DVD', 'DVD', '', '', '', '', 'A', '', ''),
(33, 6, 0, 1308, 'Visualizer', 'Visualizer', '', '', '', '', 'A', '', ''),
(34, 8, 0, 1308, 'COM', 'COM', '', '', '', '', 'A', '', ''),
(35, 9, 0, 1308, 'LCD', 'LCD', '', '', '', '', 'A', '', ''),
(36, 4, 0, 1314, 'Sound Mic (Cable)', 'Sound Mic (Cable)', '', '', '', '', 'A', '', ''),
(37, 5, 0, 1314, 'DVD', 'DVD', '', '', '', '', 'A', '', ''),
(38, 6, 0, 1314, 'Visualizer', 'Visualizer', '', '', '', '', 'A', '', ''),
(39, 8, 0, 1314, 'COM', 'COM', '', '', '', '', 'A', '', ''),
(40, 9, 0, 1314, 'LCD', 'LCD', '', '', '', '', 'A', '', ''),
(41, 4, 0, 1315, 'Sound Mic (Cable)', 'Sound Mic (Cable)', '', '', '', '', 'A', '', ''),
(42, 5, 0, 1315, 'DVD', 'DVD', '', '', '', '', 'A', '', ''),
(43, 6, 0, 1315, 'Visualizer', 'Visualizer', '', '', '', '', 'A', '', ''),
(44, 8, 0, 1315, 'COM', 'COM', '', '', '', '', 'A', '', ''),
(45, 9, 0, 1315, 'LCD', 'LCD', '', '', '', '', 'A', '', ''),
(46, 4, 0, 1402, 'Sound Mic (Cable)', 'Sound Mic (Cable)', '', '', '', '', 'A', '', ''),
(47, 5, 0, 1402, 'DVD', 'DVD', '', '', '', '', 'A', '', ''),
(48, 6, 0, 1402, 'Visualizer', 'Visualizer', '', '', '', '', 'A', '', ''),
(49, 8, 0, 1402, 'COM', 'COM', '', '', '', '', 'A', '', ''),
(50, 9, 0, 1402, 'LCD', 'LCD', '', '', '', '', 'A', '', ''),
(51, 4, 0, 1403, 'Sound Mic (Cable)', 'Sound Mic (Cable)', '', '', '', '', 'A', '', ''),
(52, 5, 0, 1403, 'DVD', 'DVD', '', '', '', '', 'A', '', ''),
(53, 6, 0, 1403, 'Visualizer', 'Visualizer', '', '', '', '', 'A', '', ''),
(54, 8, 0, 1403, 'COM', 'COM', '', '', '', '', 'A', '', ''),
(55, 9, 0, 1403, 'LCD', 'LCD', '', '', '', '', 'A', '', ''),
(56, 4, 0, 1404, 'Sound Mic (Cable)', 'Sound Mic (Cable)', '', '', '', '', 'A', '', ''),
(57, 5, 0, 1404, 'DVD', 'DVD', '', '', '', '', 'A', '', ''),
(58, 6, 0, 1404, 'Visualizer', 'Visualizer', '', '', '', '', 'A', '', ''),
(59, 8, 0, 1404, 'COM', 'COM', '', '', '', '', 'A', '', ''),
(60, 9, 0, 1404, 'LCD', 'LCD', '', '', '', '', 'A', '', ''),
(61, 4, 0, 1405, 'Sound Mic (Cable)', 'Sound Mic (Cable)', '', '', '', '', 'A', '', ''),
(62, 5, 0, 1405, 'DVD', 'DVD', '', '', '', '', 'A', '', ''),
(63, 6, 0, 1405, 'Visualizer', 'Visualizer', '', '', '', '', 'A', '', ''),
(64, 8, 0, 1405, 'COM', 'COM', '', '', '', '', 'A', '', ''),
(65, 9, 0, 1405, 'LCD', 'LCD', '', '', '', '', 'A', '', ''),
(66, 4, 0, 1406, 'Sound Mic (Cable)', 'Sound Mic (Cable)', '', '', '', '', 'A', '', ''),
(67, 5, 0, 1406, 'DVD', 'DVD', '', '', '', '', 'A', '', ''),
(68, 6, 0, 1406, 'Visualizer', 'Visualizer', '', '', '', '', 'A', '', ''),
(69, 8, 0, 1406, 'COM', 'COM', '', '', '', '', 'A', '', ''),
(70, 9, 0, 1406, 'LCD', 'LCD', '', '', '', '', 'A', '', ''),
(71, 4, 0, 1407, 'Sound Mic (Cable)', 'Sound Mic (Cable)', '', '', '', '', 'A', '', ''),
(72, 5, 0, 1407, 'DVD', 'DVD', '', '', '', '', 'A', '', ''),
(73, 6, 0, 1407, 'Visualizer', 'Visualizer', '', '', '', '', 'A', '', ''),
(74, 8, 0, 1407, 'COM', 'COM', '', '', '', '', 'A', '', ''),
(75, 9, 0, 1407, 'LCD', 'LCD', '', '', '', '', 'A', '', ''),
(76, 4, 0, 1408, 'Sound Mic (Cable)', 'Sound Mic (Cable)', '', '', '', '', 'A', '', ''),
(77, 5, 0, 1408, 'DVD', 'DVD', '', '', '', '', 'A', '', ''),
(78, 6, 0, 1408, 'Visualizer', 'Visualizer', '', '', '', '', 'A', '', ''),
(79, 8, 0, 1408, 'COM', 'COM', '', '', '', '', 'A', '', ''),
(80, 9, 0, 1408, 'LCD', 'LCD', '', '', '', '', 'A', '', ''),
(81, 4, 0, 1417, 'Sound Mic (Cable)', 'Sound Mic (Cable)', '', '', '', '', 'A', '', ''),
(82, 5, 0, 1417, 'DVD', 'DVD', '', '', '', '', 'A', '', ''),
(83, 6, 0, 1417, 'Visualizer', 'Visualizer', '', '', '', '', 'A', '', ''),
(84, 8, 0, 1417, 'COM', 'COM', '', '', '', '', 'A', '', ''),
(85, 9, 0, 1417, 'LCD', 'LCD', '', '', '', '', 'A', '', ''),
(86, 4, 0, 1418, 'Sound Mic (Cable)', 'Sound Mic (Cable)', '', '', '', '', 'A', '', ''),
(87, 5, 0, 1418, 'DVD', 'DVD', '', '', '', '', 'A', '', ''),
(88, 6, 0, 1418, 'Visualizer', 'Visualizer', '', '', '', '', 'A', '', ''),
(89, 8, 0, 1418, 'COM', 'COM', '', '', '', '', 'A', '', ''),
(90, 9, 0, 1418, 'LCD', 'LCD', '', '', '', '', 'A', '', ''),
(91, 4, 0, 1419, 'Sound Mic (Cable)', 'Sound Mic (Cable)', '', '', '', '', 'A', '', ''),
(92, 5, 0, 1419, 'DVD', 'DVD', '', '', '', '', 'A', '', ''),
(93, 6, 0, 1419, 'Visualizer', 'Visualizer', '', '', '', '', 'A', '', ''),
(94, 8, 0, 1419, 'COM', 'COM', '', '', '', '', 'A', '', ''),
(95, 9, 0, 1419, 'LCD', 'LCD', '', '', '', '', 'A', '', ''),
(96, 4, 0, 1502, 'Sound Mic (Cable)', 'Sound Mic (Cable)', '', '', '', '', 'A', '', ''),
(97, 5, 0, 1502, 'DVD', 'DVD', '', '', '', '', 'A', '', ''),
(98, 6, 0, 1502, 'Visualizer', 'Visualizer', '', '', '', '', 'A', '', ''),
(99, 8, 0, 1502, 'COM', 'COM', '', '', '', '', 'A', '', ''),
(100, 9, 0, 1502, 'LCD', 'LCD', '', '', '', '', 'A', '', ''),
(101, 4, 0, 1503, 'Sound Mic (Cable)', 'Sound Mic (Cable)', '', '', '', '', 'A', '', ''),
(102, 5, 0, 1503, 'DVD', 'DVD', '', '', '', '', 'A', '', ''),
(103, 6, 0, 1503, 'Visualizer', 'Visualizer', '', '', '', '', 'A', '', ''),
(104, 8, 0, 1503, 'COM', 'COM', '', '', '', '', 'A', '', ''),
(105, 9, 0, 1503, 'LCD', 'LCD', '', '', '', '', 'A', '', ''),
(106, 4, 0, 1504, 'Sound Mic (Cable)', 'Sound Mic (Cable)', '', '', '', '', 'A', '', ''),
(107, 5, 0, 1504, 'DVD', 'DVD', '', '', '', '', 'A', '', ''),
(108, 6, 0, 1504, 'Visualizer', 'Visualizer', '', '', '', '', 'A', '', ''),
(109, 8, 0, 1504, 'COM', 'COM', '', '', '', '', 'A', '', ''),
(110, 9, 0, 1504, 'LCD', 'LCD', '', '', '', '', 'A', '', ''),
(111, 4, 0, 2302, 'Sound Mic (Cable)', 'Sound Mic (Cable)', '', '', '', '', 'A', '', ''),
(112, 5, 0, 2302, 'DVD', 'DVD', '', '', '', '', 'A', '', ''),
(113, 6, 0, 2302, 'Visualizer', 'Visualizer', '', '', '', '', 'A', '', ''),
(114, 8, 0, 2302, 'COM', 'COM', '', '', '', '', 'A', '', ''),
(115, 9, 0, 2302, 'LCD', 'LCD', '', '', '', '', 'A', '', ''),
(116, 4, 0, 2303, 'Sound Mic (Cable)', 'Sound Mic (Cable)', '', '', '', '', 'A', '', ''),
(117, 5, 0, 2303, 'DVD', 'DVD', '', '', '', '', 'A', '', ''),
(118, 6, 0, 2303, 'Visualizer', 'Visualizer', '', '', '', '', 'A', '', ''),
(119, 8, 0, 2303, 'COM', 'COM', '', '', '', '', 'A', '', ''),
(120, 9, 0, 2303, 'LCD', 'LCD', '', '', '', '', 'A', '', ''),
(121, 4, 0, 2306, 'Sound Mic (Cable)', 'Sound Mic (Cable)', '', '', '', '', 'A', '', ''),
(122, 5, 0, 2306, 'DVD', 'DVD', '', '', '', '', 'A', '', ''),
(123, 6, 0, 2306, 'Visualizer', 'Visualizer', '', '', '', '', 'A', '', ''),
(124, 8, 0, 2306, 'COM', 'COM', '', '', '', '', 'A', '', ''),
(125, 9, 0, 2306, 'LCD', 'LCD', '', '', '', '', 'A', '', ''),
(126, 4, 0, 2307, 'Sound Mic (Cable)', 'Sound Mic (Cable)', '', '', '', '', 'A', '', ''),
(127, 5, 0, 2307, 'DVD', 'DVD', '', '', '', '', 'A', '', ''),
(128, 6, 0, 2307, 'Visualizer', 'Visualizer', '', '', '', '', 'A', '', ''),
(129, 8, 0, 2307, 'COM', 'COM', '', '', '', '', 'A', '', ''),
(130, 9, 0, 2307, 'LCD', 'LCD', '', '', '', '', 'A', '', ''),
(131, 4, 0, 2308, 'Sound Mic (Cable)', 'Sound Mic (Cable)', '', '', '', '', 'A', '', ''),
(132, 5, 0, 2308, 'DVD', 'DVD', '', '', '', '', 'A', '', ''),
(133, 6, 0, 2308, 'Visualizer', 'Visualizer', '', '', '', '', 'A', '', ''),
(134, 8, 0, 2308, 'COM', 'COM', '', '', '', '', 'A', '', ''),
(135, 9, 0, 2308, 'LCD', 'LCD', '', '', '', '', 'A', '', ''),
(136, 4, 0, 3302, 'Sound Mic (Cable)', 'Sound Mic (Cable)', '', '', '', '', 'A', '', ''),
(137, 5, 0, 3302, 'DVD', 'DVD', '', '', '', '', 'A', '', ''),
(138, 6, 0, 3302, 'Visualizer', 'Visualizer', '', '', '', '', 'A', '', ''),
(139, 8, 0, 3302, 'COM', 'COM', '', '', '', '', 'A', '', ''),
(140, 9, 0, 3302, 'LCD', 'LCD', '', '', '', '', 'A', '', ''),
(141, 4, 0, 3303, 'Sound Mic (Cable)', 'Sound Mic (Cable)', '', '', '', '', 'A', '', ''),
(142, 5, 0, 3303, 'DVD', 'DVD', '', '', '', '', 'A', '', ''),
(143, 6, 0, 3303, 'Visualizer', 'Visualizer', '', '', '', '', 'A', '', ''),
(144, 8, 0, 3303, 'COM', 'COM', '', '', '', '', 'A', '', ''),
(145, 9, 0, 3303, 'LCD', 'LCD', '', '', '', '', 'A', '', ''),
(146, 4, 0, 3304, 'Sound Mic (Cable)', 'Sound Mic (Cable)', '', '', '', '', 'A', '', ''),
(147, 5, 0, 3304, 'DVD', 'DVD', '', '', '', '', 'A', '', ''),
(148, 6, 0, 3304, 'Visualizer', 'Visualizer', '', '', '', '', 'A', '', ''),
(149, 8, 0, 3304, 'COM', 'COM', '', '', '', '', 'A', '', ''),
(150, 9, 0, 3304, 'LCD', 'LCD', '', '', '', '', 'A', '', ''),
(151, 4, 0, 3305, 'Sound Mic (Cable)', 'Sound Mic (Cable)', '', '', '', '', 'A', '', ''),
(152, 5, 0, 3305, 'DVD', 'DVD', '', '', '', '', 'A', '', ''),
(153, 6, 0, 3305, 'Visualizer', 'Visualizer', '', '', '', '', 'A', '', ''),
(154, 8, 0, 3305, 'COM', 'COM', '', '', '', '', 'A', '', ''),
(155, 9, 0, 3305, 'LCD', 'LCD', '', '', '', '', 'A', '', ''),
(156, 4, 0, 3306, 'Sound Mic (Cable)', 'Sound Mic (Cable)', '', '', '', '', 'A', '', ''),
(157, 5, 0, 3306, 'DVD', 'DVD', '', '', '', '', 'A', '', ''),
(158, 6, 0, 3306, 'Visualizer', 'Visualizer', '', '', '', '', 'A', '', ''),
(159, 8, 0, 3306, 'COM', 'COM', '', '', '', '', 'A', '', ''),
(160, 9, 0, 3306, 'LCD', 'LCD', '', '', '', '', 'A', '', ''),
(161, 4, 0, 3315, 'Sound Mic (Cable)', 'Sound Mic (Cable)', '', '', '', '', 'A', '', ''),
(162, 5, 0, 3315, 'DVD', 'DVD', '', '', '', '', 'A', '', ''),
(163, 6, 0, 3315, 'Visualizer', 'Visualizer', '', '', '', '', 'A', '', ''),
(164, 8, 0, 3315, 'COM', 'COM', '', '', '', '', 'A', '', ''),
(165, 9, 0, 3315, 'LCD', 'LCD', '', '', '', '', 'A', '', ''),
(166, 4, 0, 3316, 'Sound Mic (Cable)', 'Sound Mic (Cable)', '', '', '', '', 'A', '', ''),
(167, 5, 0, 3316, 'DVD', 'DVD', '', '', '', '', 'A', '', ''),
(168, 6, 0, 3316, 'Visualizer', 'Visualizer', '', '', '', '', 'A', '', ''),
(169, 8, 0, 3316, 'COM', 'COM', '', '', '', '', 'A', '', ''),
(170, 9, 0, 3316, 'LCD', 'LCD', '', '', '', '', 'A', '', ''),
(171, 4, 0, 3317, 'Sound Mic (Cable)', 'Sound Mic (Cable)', '', '', '', '', 'A', '', ''),
(172, 5, 0, 3317, 'DVD', 'DVD', '', '', '', '', 'A', '', ''),
(173, 6, 0, 3317, 'Visualizer', 'Visualizer', '', '', '', '', 'A', '', ''),
(174, 8, 0, 3317, 'COM', 'COM', '', '', '', '', 'A', '', ''),
(175, 9, 0, 3317, 'LCD', 'LCD', '', '', '', '', 'A', '', ''),
(176, 4, 0, 3407, 'Sound Mic (Cable)', 'Sound Mic (Cable)', '', '', '', '', 'A', '', ''),
(177, 5, 0, 3407, 'DVD', 'DVD', '', '', '', '', 'A', '', ''),
(178, 6, 0, 3407, 'Visualizer', 'Visualizer', '', '', '', '', 'A', '', ''),
(179, 8, 0, 3407, 'COM', 'COM', '10.27.3.200', 'AV_MUIC', '1234', '5C:F9:DD:DD:29:1C', 'A', '', ''),
(180, 9, 0, 3407, 'LCD', 'LCD', '', '', '', '', 'A', '', ''),
(181, 4, 0, 3408, 'Sound Mic (Cable)', 'Sound Mic (Cable)', '', '', '', '', 'A', '', ''),
(182, 5, 0, 3408, 'DVD', 'DVD', '', '', '', '', 'A', '', ''),
(183, 6, 0, 3408, 'Visualizer', 'Visualizer', '', '', '', '', 'A', '', ''),
(184, 8, 0, 3408, 'COM', 'COM', '10.27.3.146', 'AV_MUIC', '1234', '5C:F9:DD:DD:31:25', 'A', '', ''),
(185, 9, 0, 3408, 'LCD', 'LCD', '', '', '', '', 'A', '', ''),
(186, 4, 0, 3409, 'Sound Mic (Cable)', 'Sound Mic (Cable)', '', '', '', '', 'A', '', ''),
(187, 5, 0, 3409, 'DVD', 'DVD', '', '', '', '', 'A', '', ''),
(188, 6, 0, 3409, 'Visualizer', 'Visualizer', '', '', '', '', 'A', '', ''),
(189, 8, 0, 3409, 'COM', 'COM', '10.27.7.82', 'AV_MUIC', '1234', '5C:F9:DD:DD:1C:94', 'A', '', ''),
(190, 9, 0, 3409, 'LCD', 'LCD', '', '', '', '', 'A', '', ''),
(191, 4, 0, 3410, 'Sound Mic (Cable)', 'Sound Mic (Cable)', '', '', '', '', 'A', '', ''),
(192, 5, 0, 3410, 'DVD', 'DVD', '', '', '', '', 'A', '', ''),
(193, 6, 0, 3410, 'Visualizer', 'Visualizer', '', '', '', '', 'A', '', ''),
(194, 8, 0, 3410, 'COM', 'COM', '', '', '', '', 'A', '', ''),
(195, 9, 0, 3410, 'LCD', 'LCD', '', '', '', '', 'A', '', ''),
(196, 4, 0, 3411, 'Sound Mic (Cable)', 'Sound Mic (Cable)', '', '', '', '', 'A', '', ''),
(197, 5, 0, 3411, 'DVD', 'DVD', '', '', '', '', 'A', '', ''),
(198, 6, 0, 3411, 'Visualizer', 'Visualizer', '10.27.3.212', '', '', '', 'A', '', ''),
(199, 8, 0, 3411, 'COM', 'COM', '10.27.3.149', '', '', '', 'A', '', ''),
(200, 9, 0, 3411, 'LCD', 'LCD', '', '', '', '', 'A', '', ''),
(201, 4, 0, 3412, 'Sound Mic (Cable)', 'Sound Mic (Cable)', '', '', '', '', 'A', '', ''),
(202, 5, 0, 3412, 'DVD', 'DVD', '', '', '', '', 'A', '', ''),
(203, 6, 0, 3412, 'Visualizer', 'Visualizer', '', '', '', '', 'A', '', ''),
(204, 8, 0, 3412, 'COM', 'COM', '10.27.1.143', 'AV_MUIC', 'av_muic', '3C-D9-2B-62-35-AD', 'A', '', ''),
(205, 9, 0, 3412, 'LCD', 'LCD', '', '', '', '', 'A', '', ''),
(206, 4, 0, 3420, 'Sound Mic (Cable)', 'Sound Mic (Cable)', '', '', '', '', 'A', '', ''),
(207, 5, 0, 3420, 'DVD', 'DVD', '', '', '', '', 'A', '', ''),
(208, 6, 0, 3420, 'Visualizer', 'Visualizer', '', '', '', '', 'A', '', ''),
(209, 8, 0, 3420, 'COM', 'COM', '', '', '', '', 'A', '', ''),
(210, 9, 0, 3420, 'LCD', 'LCD', '', '', '', '', 'A', '', ''),
(211, 4, 0, 3421, 'Sound Mic (Cable)', 'Sound Mic (Cable)', '', '', '', '', 'A', '', ''),
(212, 5, 0, 3421, 'DVD', 'DVD', '', '', '', '', 'A', '', ''),
(213, 6, 0, 3421, 'Visualizer', 'Visualizer', '', '', '', '', 'A', '', ''),
(214, 8, 0, 3421, 'COM', 'COM', '', '', '', '', 'A', '', ''),
(215, 9, 0, 3421, 'LCD', 'LCD', '', '', '', '', 'A', '', ''),
(216, 4, 0, 3422, 'Sound Mic (Cable)', 'Sound Mic (Cable)', '', '', '', '', 'A', '', ''),
(217, 5, 0, 3422, 'DVD', 'DVD', '', '', '', '', 'A', '', ''),
(218, 6, 0, 3422, 'Visualizer', 'Visualizer', '10.27.3.210', '', '', '', 'A', '', ''),
(219, 8, 0, 3422, 'COM', 'COM', '10.27.7.90', 'AV_MUIC', '1234', '5C:F9:DD:DD:32:D4', 'A', '', ''),
(220, 9, 0, 3422, 'LCD', 'LCD', '', '', '', '', 'A', '', ''),
(221, 4, 0, 5207, 'Sound Mic (Cable)', 'Sound Mic (Cable)', '', '', '', '', 'A', '', ''),
(222, 5, 0, 5207, 'DVD', 'DVD', '', '', '', '', 'A', '', ''),
(223, 6, 0, 5207, 'Visualizer', 'Visualizer', '', '', '', '', 'A', '', ''),
(224, 8, 0, 5207, 'COM', 'COM', '', '', '', '', 'A', '', ''),
(225, 9, 0, 5207, 'LCD', 'LCD', '', '', '', '', 'A', '', ''),
(226, 4, 0, 5208, 'Sound Mic (Cable)', 'Sound Mic (Cable)', '', '', '', '', 'A', '', ''),
(227, 5, 0, 5208, 'DVD', 'DVD', '', '', '', '', 'A', '', ''),
(228, 6, 0, 5208, 'Visualizer', 'Visualizer', '', '', '', '', 'A', '', ''),
(229, 8, 0, 5208, 'COM', 'COM', '', '', '', '', 'A', '', ''),
(230, 9, 0, 5208, 'LCD', 'LCD', '', '', '', '', 'A', '', ''),
(231, 4, 0, 5209, 'Sound Mic (Cable)', 'Sound Mic (Cable)', '', '', '', '', 'A', '', ''),
(232, 5, 0, 5209, 'DVD', 'DVD', '', '', '', '', 'A', '', ''),
(233, 6, 0, 5209, 'Visualizer', 'Visualizer', '', '', '', '', 'A', '', ''),
(234, 8, 0, 5209, 'COM', 'COM', '', '', '', '', 'A', '', ''),
(235, 9, 0, 5209, 'LCD', 'LCD', '', '', '', '', 'A', '', ''),
(236, 4, 0, 5210, 'Sound Mic (Cable)', 'Sound Mic (Cable)', '', '', '', '', 'A', '', ''),
(237, 5, 0, 5210, 'DVD', 'DVD', '', '', '', '', 'A', '', ''),
(238, 6, 0, 5210, 'Visualizer', 'Visualizer', '', '', '', '', 'A', '', ''),
(239, 8, 0, 5210, 'COM', 'COM', '', '', '', '', 'A', '', ''),
(240, 9, 0, 5210, 'LCD', 'LCD', '', '', '', '', 'A', '', ''),
(241, 4, 0, 5211, 'Sound Mic (Cable)', 'Sound Mic (Cable)', '', '', '', '', 'A', '', ''),
(242, 5, 0, 5211, 'DVD', 'DVD', '', '', '', '', 'A', '', ''),
(243, 6, 0, 5211, 'Visualizer', 'Visualizer', '', '', '', '', 'A', '', ''),
(244, 8, 0, 5211, 'COM', 'COM', '', '', '', '', 'A', '', ''),
(245, 9, 0, 5211, 'LCD', 'LCD', '', '', '', '', 'A', '', ''),
(246, 4, 0, 5212, 'Sound Mic (Cable)', 'Sound Mic (Cable)', '', '', '', '', 'A', '', ''),
(247, 5, 0, 5212, 'DVD', 'DVD', '', '', '', '', 'A', '', ''),
(248, 6, 0, 5212, 'Visualizer', 'Visualizer', '', '', '', '', 'A', '', ''),
(249, 8, 0, 5212, 'COM', 'COM', '', '', '', '', 'A', '', ''),
(250, 9, 0, 5212, 'LCD', 'LCD', '', '', '', '', 'A', '', ''),
(251, 4, 0, 5301, 'Sound Mic (Cable)', 'Sound Mic (Cable)', '', '', '', '', 'A', '', ''),
(252, 5, 0, 5301, 'DVD', 'DVD', '', '', '', '', 'A', '', ''),
(253, 6, 0, 5301, 'Visualizer', 'Visualizer', '', '', '', '', 'A', '', ''),
(254, 8, 0, 5301, 'COM', 'COM', '', '', '', '', 'A', '', ''),
(255, 9, 0, 5301, 'LCD', 'LCD', '', '', '', '', 'A', '', ''),
(256, 4, 0, 5307, 'Sound Mic (Cable)', 'Sound Mic (Cable)', '', '', '', '', 'A', '', ''),
(257, 5, 0, 5307, 'DVD', 'DVD', '', '', '', '', 'A', '', ''),
(258, 6, 0, 5307, 'Visualizer', 'Visualizer', '', '', '', '', 'A', '', ''),
(259, 8, 0, 5307, 'COM', 'COM', '', '', '', '', 'A', '', ''),
(260, 9, 0, 5307, 'LCD', 'LCD', '', '', '', '', 'A', '', ''),
(261, 4, 0, 5308, 'Sound Mic (Cable)', 'Sound Mic (Cable)', '', '', '', '', 'A', '', ''),
(262, 5, 0, 5308, 'DVD', 'DVD', '', '', '', '', 'A', '', ''),
(263, 6, 0, 5308, 'Visualizer', 'Visualizer', '', '', '', '', 'A', '', ''),
(264, 8, 0, 5308, 'COM', 'COM', '', '', '', '', 'A', '', ''),
(265, 9, 0, 5308, 'LCD', 'LCD', '', '', '', '', 'A', '', ''),
(266, 4, 0, 5309, 'Sound Mic (Cable)', 'Sound Mic (Cable)', '', '', '', '', 'A', '', ''),
(267, 5, 0, 5309, 'DVD', 'DVD', '', '', '', '', 'A', '', ''),
(268, 6, 0, 5309, 'Visualizer', 'Visualizer', '', '', '', '', 'A', '', ''),
(269, 8, 0, 5309, 'COM', 'COM', '', '', '', '', 'A', '', ''),
(270, 9, 0, 5309, 'LCD', 'LCD', '', '', '', '', 'A', '', ''),
(271, 4, 0, 5310, 'Sound Mic (Cable)', 'Sound Mic (Cable)', '', '', '', '', 'A', '', ''),
(272, 5, 0, 5310, 'DVD', 'DVD', '', '', '', '', 'A', '', ''),
(273, 6, 0, 5310, 'Visualizer', 'Visualizer', '', '', '', '', 'A', '', ''),
(274, 8, 0, 5310, 'COM', 'COM', '', '', '', '', 'A', '', ''),
(275, 9, 0, 5310, 'LCD', 'LCD', '', '', '', '', 'A', '', ''),
(276, 4, 0, 5311, 'Sound Mic (Cable)', 'Sound Mic (Cable)', '', '', '', '', 'A', '', ''),
(277, 5, 0, 5311, 'DVD', 'DVD', '', '', '', '', 'A', '', ''),
(278, 6, 0, 5311, 'Visualizer', 'Visualizer', '', '', '', '', 'A', '', ''),
(279, 8, 0, 5311, 'COM', 'COM', '', '', '', '', 'A', '', ''),
(280, 9, 0, 5311, 'LCD', 'LCD', '', '', '', '', 'A', '', ''),
(281, 4, 0, 5312, 'Sound Mic (Cable)', 'Sound Mic (Cable)', '', '', '', '', 'A', '', ''),
(282, 5, 0, 5312, 'DVD', 'DVD', '', '', '', '', 'A', '', ''),
(283, 6, 0, 5312, 'Visualizer', 'Visualizer', '', '', '', '', 'A', '', ''),
(284, 8, 0, 5312, 'COM', 'COM', '', '', '', '', 'A', '', ''),
(285, 9, 0, 5312, 'LCD', 'LCD', '', '', '', '', 'A', '', ''),
(286, 4, 0, 5313, 'Sound Mic (Cable)', 'Sound Mic (Cable)', '', '', '', '', 'A', '', ''),
(287, 5, 0, 5313, 'DVD', 'DVD', '', '', '', '', 'A', '', ''),
(288, 6, 0, 5313, 'Visualizer', 'Visualizer', '', '', '', '', 'A', '', ''),
(289, 8, 0, 5313, 'COM', 'COM', '', '', '', '', 'A', '', ''),
(290, 9, 0, 5313, 'LCD', 'LCD', '', '', '', '', 'A', '', ''),
(291, 8, 0, 1309, 'COM', 'COM', '', '', '', '', 'A', '', ''),
(292, 9, 0, 1309, 'LCD', 'LCD', '', '', '', '', 'A', '', ''),
(293, 9, 0, 1312, 'LCD', 'LCD', '', '', '', '', 'A', '', ''),
(294, 9, 0, 1506, 'LCD', 'LCD', '', '', '', '', 'A', '', ''),
(295, 8, 0, 3307, 'COM', 'COM', '', '', '', '', 'A', '', ''),
(296, 9, 0, 3307, 'LCD', 'LCD', '', '', '', '', 'A', '', ''),
(297, 6, 0, 3414, 'Visualizer', 'Visualizer', '', '', '', '', 'A', '', ''),
(298, 8, 0, 3414, 'COM', 'COM', '', '', '', '', 'A', '', ''),
(299, 9, 0, 3414, 'LCD', 'LCD', '', '', '', '', 'A', '', ''),
(300, 4, 0, 3415, 'Sound Mic (Cable)', 'Sound Mic (Cable)', '', '', '', '', 'A', '', ''),
(301, 5, 0, 3415, 'DVD', 'DVD', '', '', '', '', 'A', '', ''),
(302, 6, 0, 3415, 'Visualizer', 'Visualizer', '', '', '', '', 'A', '', ''),
(303, 8, 0, 3415, 'COM', 'COM', '', '', '', '', 'A', '', ''),
(304, 9, 0, 3415, 'LCD', 'LCD', '', '', '', '', 'A', '', ''),
(305, 9, 0, 3508, 'LCD', 'LCD', '', '', '', '', 'A', '', ''),
(306, 8, 0, 1108, 'COM', 'COM', '', '', '', '', 'A', '', ''),
(307, 9, 0, 1108, 'LCD', 'LCD', '', '', '', '', 'A', '', ''),
(308, 9, 0, 1210, 'LCD', 'LCD', '', '', '', '', 'A', '', ''),
(309, 5, 0, 1210, 'DVD', 'DVD', '', '', '', '', 'A', '', ''),
(310, 4, 0, 1210, 'Sound Mic (Cable)', 'Sound Mic (Cable)', '', '', '', '', 'A', '', ''),
(311, 4, 0, 1210, 'Sound Mic (Cable)', 'Sound Mic (Cable)', '', '', '', '', 'A', '', ''),
(312, 4, 0, 1210, 'Sound Mic (Cable)', 'Sound Mic (Cable)', '', '', '', '', 'A', '', ''),
(313, 6, 0, 1214, 'Visualizer', 'Visualizer', '', '', '', '', 'A', '', ''),
(314, 8, 0, 1214, 'COM', 'COM', '', '', '', '', 'A', '', ''),
(315, 9, 0, 1214, 'LCD', 'LCD', '', '', '', '', 'A', '', ''),
(316, 9, 0, 1318, 'LCD', 'LCD', '', '', '', '', 'A', '', ''),
(317, 9, 0, 1318, 'LCD', 'LCD', '', '', '', '', 'A', '', ''),
(318, 9, 0, 1318, 'LCD', 'LCD', '', '', '', '', 'A', '', ''),
(319, 5, 0, 1318, 'DVD', 'DVD', '', '', '', '', 'A', '', ''),
(320, 6, 0, 1318, 'Visualizer', 'Visualizer', '', '', '', '', 'A', '', ''),
(321, 4, 0, 1318, 'Sound Mic (Cable)', 'Sound Mic (Cable)', '', '', '', '', 'A', '', ''),
(322, 4, 0, 1318, 'Sound Mic (Cable)', 'Sound Mic (Cable)', '', '', '', '', 'A', '', ''),
(323, 4, 0, 1318, 'Sound Mic (Cable)', 'Sound Mic (Cable)', '', '', '', '', 'A', '', ''),
(324, 4, 0, 1318, 'Sound Mic (Cable)', 'Sound Mic (Cable)', '', '', '', '', 'A', '', ''),
(325, 4, 0, 1318, 'Sound Mic (Cable)', 'Sound Mic (Cable)', '', '', '', '', 'A', '', ''),
(326, 4, 0, 1318, 'Sound Mic (Cable)', 'Sound Mic (Cable)', '', '', '', '', 'A', '', ''),
(327, 3, 0, 1318, 'Sounc Mic(Wireless)', 'Sounc Mic(Wireless)', '', '', '', '', 'A', '', ''),
(328, 3, 0, 1318, 'Sounc Mic(Wireless)', 'Sounc Mic(Wireless)', '', '', '', '', 'A', '', ''),
(329, 3, 0, 1318, 'Sounc Mic(Wireless)', 'Sounc Mic(Wireless)', '', '', '', '', 'A', '', ''),
(330, 8, 0, 2207, 'COM', 'COM', '', '', '', '', 'A', '', ''),
(331, 9, 0, 2207, 'LCD', 'LCD', '', '', '', '', 'A', '', ''),
(332, 6, 0, 2207, 'Visualizer', 'Visualizer', '', '', '', '', 'A', '', ''),
(333, 9, 0, 7, 'LCD', 'LCD', '', '', '', '', 'A', '', ''),
(334, 9, 0, 7, 'LCD', 'LCD', '', '', '', '', 'A', '', ''),
(335, 9, 0, 7, 'LCD', 'LCD', '', '', '', '', 'A', '', ''),
(336, 9, 0, 7, 'LCD', 'LCD', '', '', '', '', 'A', '', ''),
(337, 9, 0, 7, 'LCD', 'LCD', '', '', '', '', 'A', '', ''),
(338, 7, 0, 7, 'COM(NOTEBOOK)', 'COM(NOTEBOOK)', '', '', '', '', 'A', '', ''),
(339, 7, 0, 7, 'COM(NOTEBOOK)', 'COM(NOTEBOOK)', '', '', '', '', 'A', '', ''),
(340, 7, 0, 7, 'COM(NOTEBOOK)', 'COM(NOTEBOOK)', '', '', '', '', 'A', '', ''),
(341, 7, 0, 7, 'COM(NOTEBOOK)', 'COM(NOTEBOOK)', '', '', '', '', 'A', '', ''),
(342, 7, 0, 7, 'COM(NOTEBOOK)', 'COM(NOTEBOOK)', '', '', '', '', 'A', '', ''),
(343, 7, 0, 7, 'COM(NOTEBOOK)', 'COM(NOTEBOOK)', '', '', '', '', 'A', '', ''),
(344, 7, 0, 7, 'COM(NOTEBOOK)', 'COM(NOTEBOOK)', '', '', '', '', 'A', '', ''),
(345, 7, 0, 7, 'COM(NOTEBOOK)', 'COM(NOTEBOOK)', '', '', '', '', 'A', '', ''),
(346, 6, 0, 7, 'Visualizer', 'Visualizer', '', '', '', '', 'A', '', ''),
(347, 6, 0, 7, 'Visualizer', 'Visualizer', '', '', '', '', 'A', '', ''),
(348, 6, 0, 7, 'Visualizer', 'Visualizer', '', '', '', '', 'A', '', ''),
(349, 6, 0, 7, 'Visualizer', 'Visualizer', '', '', '', '', 'A', '', ''),
(350, 5, 0, 7, 'DVD', 'DVD', '', '', '', '', 'A', '', ''),
(351, 5, 0, 7, 'DVD', 'DVD', '', '', '', '', 'A', '', ''),
(352, 5, 0, 7, 'DVD', 'DVD', '', '', '', '', 'A', '', ''),
(353, 5, 0, 7, 'DVD', 'DVD', '', '', '', '', 'A', '', ''),
(354, 5, 0, 7, 'DVD', 'DVD', '', '', '', '', 'A', '', ''),
(355, 5, 0, 7, 'DVD', 'DVD', '', '', '', '', 'A', '333', ''),
(356, 5, 0, 7, 'DVD', 'DVD', '', '', '', '', 'A', '', ''),
(357, 5, 0, 7, 'DVD', 'DVD', '', '', '', '', 'A', '', ''),
(358, 5, 0, 7, 'DVD', 'DVD', '', '', '', '', 'A', '', ''),
(359, 5, 0, 7, 'DVD', 'DVD', '', '', '', '', 'A', '', ''),
(360, 3, 0, 7, 'Sounc Mic(Wireless)', 'Sounc Mic(Wireless)', '', '', '', '', 'A', '', ''),
(361, 3, 0, 7, 'Sounc Mic(Wireless)', 'Sounc Mic(Wireless)', '', '', '', '', 'A', '12345', ''),
(362, 3, 0, 7, 'Sounc Mic(Wireless)', 'Sounc Mic(Wireless)', '', '', '', '', 'A', '', ''),
(363, 3, 0, 7, 'Sounc Mic(Wireless)', 'Sounc Mic(Wireless)', '', '', '', '', 'A', '', ''),
(364, 1, 0, 7, 'Portable Sound System', 'Portable Sound System', '', '', '', '', 'A', '1357', ''),
(365, 1, 0, 7, 'Portable Sound System', 'Portable Sound System', '', '', '', '', 'A', '', ''),
(366, 10, 0, 7, 'LED TV', 'LED TV', '', '', '', '', 'A', '', ''),
(367, 10, 0, 7, 'LED TV', 'LED TV', '', '', '', '', 'A', '', ''),
(368, 4, 0, 7, 'Sound Mic (Cable)', 'Sound Mic (Cable)', '', '', '', '', 'A', '', ''),
(369, 4, 0, 7, 'Sound Mic (Cable)', 'Sound Mic (Cable)', '', '', '', '', 'A', '', ''),
(370, 4, 0, 7, 'Sound Mic (Cable)', 'Sound Mic (Cable)', '', '', '', '', 'A', '', ''),
(371, 4, 0, 7, 'Sound Mic (Cable)', 'Sound Mic (Cable)', '', '', '', '', 'A', '', ''),
(372, 4, 0, 7, 'Sound Mic (Cable)', 'Sound Mic (Cable)', '', '', '', '', 'A', '', ''),
(373, 4, 0, 7, 'Sound Mic (Cable)', 'Sound Mic (Cable)', '', '', '', '', 'A', '', ''),
(374, 4, 0, 7, 'Sound Mic (Cable)', 'Sound Mic (Cable)', '', '', '', '', 'A', '', ''),
(375, 4, 0, 7, 'Sound Mic (Cable)', 'Sound Mic (Cable)', '', '', '', '', 'A', '', ''),
(376, 4, 0, 7, 'Sound Mic (Cable)', 'Sound Mic (Cable)', '', '', '', '', 'A', '', ''),
(377, 4, 0, 7, 'Sound Mic (Cable)', 'Sound Mic (Cable)', '', '', '', '', 'A', '', ''),
(378, 4, 0, 7, 'Sound Mic (Cable)', 'Sound Mic (Cable)', '', '', '', '', 'A', '', ''),
(379, 4, 0, 7, 'Sound Mic (Cable)', 'Sound Mic (Cable)', '', '', '', '', 'A', '', ''),
(380, 4, 0, 7, 'Sound Mic (Cable)', 'Sound Mic (Cable)', '', '', '', '', 'A', '', ''),
(381, 4, 0, 7, 'Sound Mic (Cable)', 'Sound Mic (Cable)', '', '', '', '', 'A', '', ''),
(382, 4, 0, 7, 'Sound Mic (Cable)', 'Sound Mic (Cable)', '', '', '', '', 'A', '', ''),
(383, 4, 0, 7, 'Sound Mic (Cable)', 'Sound Mic (Cable)', '', '', '', '', 'A', '', ''),
(384, 4, 0, 7, 'Sound Mic (Cable)', 'Sound Mic (Cable)', '', '', '', '', 'A', '', ''),
(385, 4, 0, 7, 'Sound Mic (Cable)', 'Sound Mic (Cable)', '', '', '', '', 'A', '', ''),
(386, 4, 0, 7, 'Sound Mic (Cable)', 'Sound Mic (Cable)', '', '', '', '', 'A', '', ''),
(387, 4, 0, 7, 'Sound Mic (Cable)', 'Sound Mic (Cable)', '', '', '', '', 'A', '', ''),
(388, 4, 0, 7, 'Sound Mic (Cable)', 'Sound Mic (Cable)', '', '', '', '', 'A', '', ''),
(389, 4, 0, 7, 'Sound Mic (Cable)', 'Sound Mic (Cable)', '', '', '', '', 'A', '', ''),
(390, 4, 0, 7, 'Sound Mic (Cable)', 'Sound Mic (Cable)', '', '', '', '', 'A', '', ''),
(391, 4, 0, 7, 'Sound Mic (Cable)', 'Sound Mic (Cable)', '', '', '', '', 'A', '', ''),
(392, 4, 0, 7, 'Sound Mic (Cable)', 'Sound Mic (Cable)', '', '', '', '', 'A', '', ''),
(393, 4, 0, 7, 'Sound Mic (Cable)', 'Sound Mic (Cable)', '', '', '', '', 'A', '', ''),
(394, 4, 0, 7, 'Sound Mic (Cable)', 'Sound Mic (Cable)', '', '', '', '', 'A', '', ''),
(395, 4, 0, 7, 'Sound Mic (Cable)', 'Sound Mic (Cable)', '', '', '', '', 'A', '', ''),
(396, 4, 0, 7, 'Sound Mic (Cable)', 'Sound Mic (Cable)', '', '', '', '', 'A', '', ''),
(397, 4, 0, 7, 'Sound Mic (Cable)', 'Sound Mic (Cable)', '', '', '', '', 'A', '', ''),
(398, 4, 0, 7, 'Sound Mic (Cable)', 'Sound Mic (Cable)', '', '', '', '', 'A', '', ''),
(399, 4, 0, 7, 'Sound Mic (Cable)', 'Sound Mic (Cable)', '', '', '', '', 'A', '', ''),
(400, 4, 0, 7, 'Sound Mic (Cable)', 'Sound Mic (Cable)', '', '', '', '', 'A', '', ''),
(401, 4, 0, 7, 'Sound Mic (Cable)', 'Sound Mic (Cable)', '', '', '', '', 'A', '', ''),
(402, 4, 0, 7, 'Sound Mic (Cable)', 'Sound Mic (Cable)', '', '', '', '', 'A', '', ''),
(403, 4, 0, 7, 'Sound Mic (Cable)', 'Sound Mic (Cable)', '', '', '', '', 'A', '', ''),
(404, 4, 0, 7, 'Sound Mic (Cable)', 'Sound Mic (Cable)', '', '', '', '', 'A', '', ''),
(405, 4, 0, 7, 'Sound Mic (Cable)', 'Sound Mic (Cable)', '', '', '', '', 'A', '', ''),
(406, 4, 0, 7, 'Sound Mic (Cable)', 'Sound Mic (Cable)', '', '', '', '', 'A', '', ''),
(407, 4, 0, 7, 'Sound Mic (Cable)', 'Sound Mic (Cable)', '', '', '', '', 'A', '', ''),
(408, 2, 0, 7, 'Remote Presenter', 'Remote Presenter', '', '', '', '', 'A', '2245', ''),
(409, 2, 0, 7, 'Remote Presenter', 'Remote Presenter', '', '', '', '', 'A', '', ''),
(410, 2, 0, 7, 'Remote Presenter', 'Remote Presenter', '', '', '', '', 'A', '', ''),
(411, 2, 0, 7, 'Remote Presenter', 'Remote Presenter', '', '', '', '', 'A', '', ''),
(412, 2, 0, 7, 'Remote Presenter', 'Remote Presenter', '', '', '', '', 'A', '', ''),
(413, 2, 0, 7, 'Remote Presenter', 'Remote Presenter', '', '', '', '', 'A', '', ''),
(414, 2, 0, 7, 'Remote Presenter', 'Remote Presenter', '', '', '', '', 'A', '', ''),
(415, 2, 0, 7, 'Remote Presenter', 'Remote Presenter', '', '', '', '', 'A', '', ''),
(416, 2, 0, 7, 'Remote Presenter', 'Remote Presenter', '', '', '', '', 'A', '', ''),
(417, 2, 0, 7, 'Remote Presenter', 'Remote Presenter', '', '', '', '', 'A', '', ''),
(418, 2, 0, 7, 'Remote Presenter', 'Remote Presenter', '', '', '', '', 'A', '', ''),
(419, 2, 0, 7, 'Remote Presenter', 'Remote Presenter', '', '', '', '', 'A', '', ''),
(420, 2, 0, 7, 'Remote Presenter', 'Remote Presenter', '', '', '', '', 'A', '', ''),
(421, 2, 0, 7, 'Remote Presenter', 'Remote Presenter', '', '', '', '', 'A', '', ''),
(422, 2, 0, 7, 'Remote Presenter', 'Remote Presenter', '', '', '', '', 'A', '', ''),
(423, 2, 0, 7, 'Remote Presenter', 'Remote Presenter', '', '', '', '', 'A', '', ''),
(424, 2, 0, 7, 'Remote Presenter', 'Remote Presenter', '', '', '', '', 'A', '', ''),
(425, 2, 0, 7, 'Remote Presenter', 'Remote Presenter', '', '', '', '', 'A', '', ''),
(426, 2, 0, 7, 'Remote Presenter', 'Remote Presenter', '', '', '', '', 'A', '', ''),
(427, 2, 0, 7, 'Remote Presenter', 'Remote Presenter', '', '', '', '', 'A', '', ''),
(428, 2, 0, 7, 'Remote Presenter', 'Remote Presenter', '', '', '', '', 'A', '', ''),
(429, 2, 0, 7, 'Remote Presenter', 'Remote Presenter', '', '', '', '', 'A', '', ''),
(430, 2, 0, 7, 'Remote Presenter', 'Remote Presenter', '', '', '', '', 'A', '', ''),
(431, 2, 0, 7, 'Remote Presenter', 'Remote Presenter', '', '', '', '', 'A', '', ''),
(432, 2, 0, 7, 'Remote Presenter', 'Remote Presenter', '', '', '', '', 'A', '', ''),
(433, 2, 0, 7, 'Remote Presenter', 'Remote Presenter', '', '', '', '', 'A', '', ''),
(434, 2, 0, 7, 'Remote Presenter', 'Remote Presenter', '', '', '', '', 'A', '', ''),
(435, 2, 0, 7, 'Remote Presenter', 'Remote Presenter', '', '', '', '', 'A', '', ''),
(436, 2, 0, 7, 'Remote Presenter', 'Remote Presenter', '', '', '', '', 'A', '', ''),
(437, 2, 0, 7, 'Remote Presenter', 'Remote Presenter', '', '', '', '', 'A', '', ''),
(438, 2, 0, 7, 'Remote Presenter', 'Remote Presenter', '', '', '', '', 'A', '', ''),
(439, 2, 0, 7, 'Remote Presenter', 'Remote Presenter', '', '', '', '', 'A', '', ''),
(440, 2, 0, 7, 'Remote Presenter', 'Remote Presenter', '', '', '', '', 'A', '', ''),
(441, 2, 0, 7, 'Remote Presenter', 'Remote Presenter', '', '', '', '', 'A', '', ''),
(442, 2, 0, 7, 'Remote Presenter', 'Remote Presenter', '', '', '', '', 'A', '', ''),
(443, 2, 0, 7, 'Remote Presenter', 'Remote Presenter', '', '', '', '', 'A', '', ''),
(444, 2, 0, 7, 'Remote Presenter', 'Remote Presenter', '', '', '', '', 'A', '', ''),
(445, 2, 0, 7, 'Remote Presenter', 'Remote Presenter', '', '', '', '', 'A', '', ''),
(446, 2, 0, 7, 'Remote Presenter', 'Remote Presenter', '', '', '', '', 'A', '444', ''),
(447, 2, 0, 7, 'Remote Presenter', 'Remote Presenter', '', '', '', '', 'A', '', ''),
(2590, 11, 1002, 5314, 'Canon EOS 5D Mark III + 24-105', 'EF24-105F/4L IS USM+Charger+LP-E6', '', '', '', '', 'A', '404000008820', ''),
(2591, 11, 1002, 5314, 'Canon EOS 5D Mark III + 24-105', 'EF24-105F/4L IS USM+Charger+LP-E7', '', '', '', '', 'A', '404000007619', ''),
(2592, 11, 1002, 5314, 'Canon EOS 5D Mark III + 24-105', 'EF24-105F/4L IS USM+Charger+LP-E8', '', '', '', '', 'A', '404000007620', ''),
(2593, 11, 1003, 5314, 'Canon  5D Mark III(BODY)', '', '', '', '', '', 'A', '404000008529', ''),
(2594, 11, 1003, 5314, 'Canon  5D Mark III(BODY)', '', '', '', '', '', 'A', '404000008530', ''),
(2595, 11, 1003, 5314, 'Canon  5D Mark III(BODY)', '', '', '', '', '', 'A', '404000015086', ''),
(2596, 11, 1003, 5314, 'Canon  5D Mark III(BODY)', '', '', '', '', '', 'A', '404000015087', ''),
(2597, 11, 1003, 5314, 'Canon  5D Mark III(BODY)', '', '', '', '', '', 'A', '404000015088', ''),
(2598, 11, 1003, 5314, 'Canon  5D Mark III(BODY)', '', '', '', '', '', 'A', '404000015089', ''),
(2599, 11, 1003, 5314, 'Canon  5D Mark III(BODY)', '', '', '', '', '', 'A', '404000015090', ''),
(2600, 11, 1004, 5314, 'Canon EOS 5D MKII', '', '', '', '', '', 'A', '404000005136', ''),
(2601, 11, 1004, 5314, 'Canon EOS 5D MKII', '', '', '', '', '', 'A', '404000004697', ''),
(2602, 11, 1005, 5314, 'Canon EOS 6D + 24-105 F4', '', '', '', '', '', 'A', '404000015091', ''),
(2603, 11, 1005, 5314, 'Canon EOS 6D + 24-105 F4', '', '', '', '', '', 'A', '404000015092', ''),
(2604, 11, 1005, 5314, 'Canon EOS 6D + 24-105 F4', '', '', '', '', '', 'A', '404000015093', ''),
(2605, 11, 1005, 5314, 'Canon EOS 6D + 24-105 F4', '', '', '', '', '', 'A', '404000015094', ''),
(2606, 11, 1005, 5314, 'Canon EOS 6D + 24-105 F4', '', '', '', '', '', 'A', '404000015095', ''),
(2607, 11, 1006, 5314, 'Canon EOS 7D', '', '', '', '', '', 'A', '404000004698', ''),
(2608, 11, 1006, 5314, 'Canon EOS 7D', '', '', '', '', '', 'A', '404000005137', ''),
(2609, 11, 1007, 5314, 'Canon EOS 550D', '', '', '', '', '', 'A', '404000004699', ''),
(2610, 11, 1007, 5314, 'Canon EOS 550D', '', '', '', '', '', 'A', '404000004700', ''),
(2611, 12, 1008, 5314, 'Sony VCL-HGA07 0.7 Converter Lens-30/37mm.', '', '', '', '', '', 'A', '404000004163', ''),
(2612, 12, 1008, 5314, 'Sony VCL-HGA07 0.7 Converter Lens-30/37mm.', '', '', '', '', '', 'A', '404000004164', ''),
(2613, 12, 1008, 5314, 'Sony VCL-HGA07 0.7 Converter Lens-30/37mm.', '', '', '', '', '', 'A', '404000004165', ''),
(2614, 12, 1008, 5314, 'Sony VCL-HGA07 0.7 Converter Lens-30/37mm.', '', '', '', '', '', 'A', '404000004166', ''),
(2615, 12, 1009, 5314, 'Sony VCL-HG1737C 1.7xTele Conversion Lens', '', '', '', '', '', 'A', '404000004167', ''),
(2616, 12, 1009, 5314, 'Sony VCL-HG1737C 1.7xTele Conversion Lens', '', '', '', '', '', 'A', '404000004168', ''),
(2617, 12, 1010, 5314, 'Lens Canon EF 70-200mm.F2.8L IS2USM', '', '', '', '', '', 'A', '404000004705', ''),
(2618, 12, 1010, 5314, 'Lens Canon EF 70-200mm.F2.8L IS2USM', '', '', '', '', '', 'A', '404000004706', ''),
(2619, 12, 1010, 5314, 'Lens Canon EF 70-200mm.F2.8L IS2USM', '', '', '', '', '', 'A', '404000004708', ''),
(2620, 12, 1010, 5314, 'Lens Canon EF 70-200mm.F2.8L IS2USM', '', '', '', '', '', 'A', '404000009125', ''),
(2621, 12, 1011, 5314, 'Lens Canon EF 24-70mm.F2.8L IS2USM', '', '', '', '', '', 'A', '404000004709', ''),
(2622, 12, 1011, 5314, 'Lens Canon EF 24-70mm.F2.8L IS2USM', '', '', '', '', '', 'A', '404000004710', ''),
(2623, 12, 1011, 5314, 'Lens Canon EF 24-70mm.F2.8L IS2USM', '', '', '', '', '', 'A', '404000004712', ''),
(2624, 12, 1011, 5314, 'Lens Canon EF 24-70mm.F2.8L IS2USM', '', '', '', '', '', 'A', '404000009124', ''),
(2625, 12, 1012, 5314, 'Lens Canon EF 24-105  F4', '', '', '', '', '', 'A', '404000010596', ''),
(2626, 12, 1012, 5314, 'Lens Canon EF 24-105  F4', '', '', '', '', '', 'A', '404000010597', ''),
(2627, 12, 1012, 5314, 'Lens Canon EF 24-105  F4', '', '', '', '', '', 'A', '404000010598', ''),
(2628, 12, 1012, 5314, 'Lens Canon EF 24-105  F4', '', '', '', '', '', 'A', '404000010599', ''),
(2629, 12, 1012, 5314, 'Lens Canon EF 24-105  F4', '', '', '', '', '', 'A', '404000010600', ''),
(2630, 12, 1012, 5314, 'Lens Canon EF 24-105  F4', '', '', '', '', '', 'A', '404000010601', ''),
(2631, 12, 1012, 5314, 'Lens Canon EF 24-105  F4', '', '', '', '', '', 'A', '404000010602', ''),
(2632, 12, 1012, 5314, 'Lens Canon EF 24-105  F4', '', '', '', '', '', 'A', '404000010603', ''),
(2633, 12, 1012, 5314, 'Lens Canon EF 24-105  F4', '', '', '', '', '', 'A', '404000010604', ''),
(2634, 12, 1012, 5314, 'Lens Canon EF 24-105  F4', '', '', '', '', '', 'A', '404000010605', ''),
(2635, 12, 1012, 5314, 'Lens Canon EF 24-105  F4', '', '', '', '', '', 'A', '404000010606', ''),
(2636, 12, 1013, 5314, 'Lens TOKINA 11-16mm F2.8IF For CanonMount', '', '', '', '', '', 'A', '404000009117', ''),
(2637, 12, 1013, 5314, 'Lens TOKINA 11-16mm F2.8IF For CanonMount', '', '', '', '', '', 'A', '404000004713', ''),
(2638, 12, 1013, 5314, 'Lens TOKINA 11-16mm F2.8IF For CanonMount', '', '', '', '', '', 'A', '404000004714', ''),
(2639, 12, 1014, 5314, 'Lens Canon EF 50mm.F1.8', '', '', '', '', '', 'A', '904000003741', ''),
(2640, 12, 1014, 5314, 'Lens Canon EF 50mm.F1.8', '', '', '', '', '', 'A', '904000003742', ''),
(2641, 12, 1015, 5314, 'LUMIX G VARIO 45-200 mm.F/4.0-F5.6', '', '', '', '', '', 'A', '404000009114', ''),
(2642, 12, 1016, 5314, 'LUMIX G VARIO 14-45 mm.F/3.5-F5.6 ASPH.', '', '', '', '', '', 'A', '404000009115', ''),
(2643, 12, 1017, 5314, 'Lens 35 mm.F1.4 DG HSM', '', '', '', '', '', 'A', '404000009116', ''),
(2644, 12, 1018, 5314, 'Lens EF 50 mm. F1.4 USM', '', '', '', '', '', 'A', '404000009118', ''),
(2645, 12, 1018, 5314, 'Lens EF 50 mm. F1.4 USM', '', '', '', '', '', 'A', '404000009119', ''),
(2646, 12, 1019, 5314, 'Lens EF 85 mm. F1.2LII USM', '', '', '', '', '', 'A', '404000009120', ''),
(2647, 12, 1019, 5314, 'Lens EF 85 mm. F1.2LII USM', '', '', '', '', '', 'A', '404000009121', ''),
(2648, 12, 1020, 5314, 'Lens EF 100 mm. F2.8L Macro IS USM', '', '', '', '', '', 'A', '404000009122', ''),
(2649, 12, 1020, 5314, 'Lens EF 100 mm. F2.8L Macro IS USM', '', '', '', '', '', 'A', '404000009123', ''),
(2650, 12, 1021, 5314, 'Kipon Lens Adapter EOS-Micro4/3 W/IRIS', '', '', '', '', '', 'A', '404000005068', ''),
(2651, 13, 1022, 5314, 'Sony HVR-Z7P HDV + optional item', '', '', '', '', '', 'A', '404000004047', ''),
(2652, 13, 1022, 5314, 'Sony HVR-Z7P HDV + optional item', '', '', '', '', '', 'A', '404000004048', ''),
(2653, 13, 1022, 5314, 'Sony HVR-Z7P HDV + optional item', '', '', '', '', '', 'A', '404000004049', ''),
(2654, 13, 1022, 5314, 'Sony HVR-Z7P HDV + optional item', '', '', '', '', '', 'A', '404000004050', ''),
(2655, 13, 1023, 5314, 'Sony HVR-HD1000P Camcorder', '', '', '', '', '', 'A', '404000004051', ''),
(2656, 13, 1023, 5314, 'Sony HVR-HD1000P Camcorder', '', '', '', '', '', 'A', '404000004052', ''),
(2657, 13, 1023, 5314, 'Sony HVR-HD1000P Camcorder', '', '', '', '', '', 'A', '404000004053', ''),
(2658, 13, 1023, 5314, 'Sony HVR-HD1000P Camcorder', '', '', '', '', '', 'A', '404000004054', ''),
(2659, 13, 1023, 5314, 'Sony HVR-HD1000P Camcorder', '', '', '', '', '', 'A', '404000004055', ''),
(2660, 13, 1023, 5314, 'Sony HVR-HD1000P Camcorder', '', '', '', '', '', 'A', '404000004056', ''),
(2661, 13, 1023, 5314, 'Sony HVR-HD1000P Camcorder', '', '', '', '', '', 'A', '404000004057', ''),
(2662, 13, 1023, 5314, 'Sony HVR-HD1000P Camcorder', '', '', '', '', '', 'A', '404000004058', ''),
(2663, 13, 1023, 5314, 'Sony HVR-HD1000P Camcorder', '', '', '', '', '', 'A', '404000004059', ''),
(2664, 13, 1023, 5314, 'Sony HVR-HD1000P Camcorder', '', '', '', '', '', 'A', '404000004060', ''),
(2665, 13, 1023, 5314, 'Sony HVR-HD1000P Camcorder', '', '', '', '', '', 'A', '404000004061', ''),
(2666, 13, 1024, 5314, 'AVCCM Pro HD Camera Panasonic AG-AF102EN (1)', '', '', '', '', '', 'A', '404000009113', ''),
(2667, 13, 1025, 5314, 'AVCCM Pro HD Camera Panasonic AG-AF102EN (2)', '', '', '', '', '', 'A', '404000005066', ''),
(2668, 14, 1026, 5314, 'Shoulder Tripod', '', '', '', '', '', 'A', '404000007246', ''),
(2669, 14, 1026, 5314, 'Shoulder Tripod', '', '', '', '', '', 'A', '404000007247', ''),
(2670, 14, 1027, 5314, 'Car mount tripod', '', '', '', '', '', 'A', '404000007248', ''),
(2671, 14, 1028, 5314, 'Peter Shoulder Brace (BCS-050)', '', '', '', '', '', 'A', '404000004042', ''),
(2672, 14, 1028, 5314, 'Peter Shoulder Brace (BCS-050)', '', '', '', '', '', 'A', '404000004043', ''),
(2673, 14, 1029, 5314, 'Manfrotto MVK502AM', '', '', '', '', '', 'A', '404000009092', ''),
(2674, 14, 1029, 5314, 'Manfrotto MVK502AM', '', '', '', '', '', 'A', '404000009093', ''),
(2675, 14, 1029, 5314, 'Manfrotto MVK502AM', '', '', '', '', '', 'A', '404000009094', ''),
(2676, 14, 1029, 5314, 'Manfrotto MVK502AM', '', '', '', '', '', 'A', '404000009095', ''),
(2677, 14, 1030, 5314, 'Sachtler FSB 4 TRIPOD', '', '', '', '', '', 'A', '404000005112', ''),
(2678, 14, 1030, 5314, 'Sachtler FSB 4 TRIPOD', '', '', '', '', '', 'A', '404000005113', ''),
(2679, 14, 1030, 5314, 'Sachtler FSB 4 TRIPOD', '', '', '', '', '', 'A', '404000005114', ''),
(2680, 14, 1030, 5314, 'Sachtler FSB 4 TRIPOD', '', '', '', '', '', 'A', '404000005115', ''),
(2681, 14, 1030, 5314, 'Sachtler FSB 4 TRIPOD', '', '', '', '', '', 'A', '404000005116', ''),
(2682, 14, 1030, 5314, 'Sachtler FSB 4 TRIPOD', '', '', '', '', '', 'A', '404000005117', ''),
(2683, 14, 1030, 5314, 'Sachtler FSB 4 TRIPOD', '', '', '', '', '', 'A', '404000005118', ''),
(2684, 14, 1030, 5314, 'Sachtler FSB 4 TRIPOD', '', '', '', '', '', 'A', '404000005119', ''),
(2685, 14, 1030, 5314, 'Sachtler FSB 4 TRIPOD', '', '', '', '', '', 'A', '404000005120', ''),
(2686, 14, 1030, 5314, 'Sachtler FSB 4 TRIPOD', '', '', '', '', '', 'A', '404000005121', ''),
(2687, 14, 1031, 5314, 'Jib Crane 14 feet', '', '', '', '', '', 'A', '404000007242', ''),
(2688, 14, 1031, 5314, 'Jib Crane 14 feet', '', '', '', '', '', 'A', '404000007243', ''),
(2689, 14, 1032, 5314, 'Jib Crane 9 feet', '', '', '', '', '', 'A', '404000007244', ''),
(2690, 14, 1032, 5314, 'Jib Crane 9 feet', '', '', '', '', '', 'A', '404000007245', ''),
(2691, 15, 1033, 5314, 'Avanger Manfrotto A2033L (c-stand)', '', '', '', '', '', 'A', '404000004547', ''),
(2692, 15, 1033, 5314, 'Avanger Manfrotto A2033L (c-stand)', '', '', '', '', '', 'A', '404000004548', ''),
(2693, 15, 1033, 5314, 'Avanger Manfrotto A2033L (c-stand)', '', '', '', '', '', 'A', '404000004549', ''),
(2694, 15, 1033, 5314, 'Avanger Manfrotto A2033L (c-stand)', '', '', '', '', '', 'A', '404000004550', ''),
(2695, 15, 1033, 5314, 'Avanger Manfrotto A2033L (c-stand)', '', '', '', '', '', 'A', '404000004551', ''),
(2696, 15, 1033, 5314, 'Avanger Manfrotto A2033L (c-stand)', '', '', '', '', '', 'A', '404000004552', ''),
(2697, 15, 1033, 5314, 'Avanger Manfrotto A2033L (c-stand)', '', '', '', '', '', 'A', '404000004553', ''),
(2698, 15, 1033, 5314, 'Avanger Manfrotto A2033L (c-stand)', '', '', '', '', '', 'A', '404000004554', ''),
(2699, 15, 1033, 5314, 'Avanger Manfrotto A2033L (c-stand)', '', '', '', '', '', 'A', '404000004555', ''),
(2700, 15, 1033, 5314, 'Avanger Manfrotto A2033L (c-stand)', '', '', '', '', '', 'A', '404000004556', ''),
(2701, 15, 1034, 5314, 'Avanger Manfrotto D520  (arm)', '', '', '', '', '', 'A', '904000003532', ''),
(2702, 15, 1034, 5314, 'Avanger Manfrotto D520  (arm)', '', '', '', '', '', 'A', '904000003533', ''),
(2703, 15, 1034, 5314, 'Avanger Manfrotto D520  (arm)', '', '', '', '', '', 'A', '904000003534', ''),
(2704, 15, 1034, 5314, 'Avanger Manfrotto D520  (arm)', '', '', '', '', '', 'A', '904000003535', ''),
(2705, 15, 1034, 5314, 'Avanger Manfrotto D520  (arm)', '', '', '', '', '', 'A', '904000003536', ''),
(2706, 15, 1034, 5314, 'Avanger Manfrotto D520  (arm)', '', '', '', '', '', 'A', '904000003537', ''),
(2707, 15, 1034, 5314, 'Avanger Manfrotto D520  (arm)', '', '', '', '', '', 'A', '904000003538', ''),
(2708, 15, 1034, 5314, 'Avanger Manfrotto D520  (arm)', '', '', '', '', '', 'A', '904000003539', ''),
(2709, 15, 1034, 5314, 'Avanger Manfrotto D520  (arm)', '', '', '', '', '', 'A', '904000003540', ''),
(2710, 15, 1034, 5314, 'Avanger Manfrotto D520  (arm)', '', '', '', '', '', 'A', '904000003541', ''),
(2711, 16, 1035, 5314, 'CN-900HS LED LIGHT + Light Stand', '', '', '', '', '', 'A', '404000008419', ''),
(2712, 16, 1035, 5314, 'CN-900HS LED LIGHT + Light Stand', '', '', '', '', '', 'A', '404000008420', ''),
(2713, 16, 1035, 5314, 'CN-900HS LED LIGHT + Light Stand', '', '', '', '', '', 'A', '404000008421', ''),
(2714, 16, 1035, 5314, 'CN-900HS LED LIGHT + Light Stand', '', '', '', '', '', 'A', '404000008422', ''),
(2715, 16, 1035, 5314, 'CN-900HS LED LIGHT + Light Stand', '', '', '', '', '', 'A', '404000008423', ''),
(2716, 16, 1035, 5314, 'CN-900HS LED LIGHT + Light Stand', '', '', '', '', '', 'A', '404000008424', ''),
(2717, 16, 1035, 5314, 'CN-900HS LED LIGHT + Light Stand', '', '', '', '', '', 'A', '404000008425', ''),
(2718, 16, 1035, 5314, 'CN-900HS LED LIGHT + Light Stand', '', '', '', '', '', 'A', '404000008426', ''),
(2719, 16, 1035, 5314, 'CN-900HS LED LIGHT + Light Stand', '', '', '', '', '', 'A', '404000008427', ''),
(2720, 16, 1035, 5314, 'CN-900HS LED LIGHT + Light Stand', '', '', '', '', '', 'A', '404000008428', ''),
(2721, 16, 1035, 5314, 'CN-900HS LED LIGHT + Light Stand', '', '', '', '', '', 'A', '404000008429', ''),
(2722, 16, 1035, 5314, 'CN-900HS LED LIGHT + Light Stand', '', '', '', '', '', 'A', '404000008430', ''),
(2723, 16, 1036, 5314, 'Dedo light 150 W + Light stand', '', '', '', '', '', 'A', '404000008431', ''),
(2724, 16, 1036, 5314, 'Dedo light 150 W + Light stand', '', '', '', '', '', 'A', '404000008432', ''),
(2725, 16, 1036, 5314, 'Dedo light 150 W + Light stand', '', '', '', '', '', 'A', '404000008433', ''),
(2726, 16, 1037, 5314, 'ARRi 300W PLUS PRESNEL + Light stand', '', '', '', '', '', 'A', '404000008434', ''),
(2727, 16, 1037, 5314, 'ARRi 300W PLUS PRESNEL + Light stand', '', '', '', '', '', 'A', '404000008435', ''),
(2728, 16, 1037, 5314, 'ARRi 300W PLUS PRESNEL + Light stand', '', '', '', '', '', 'A', '404000008436', ''),
(2729, 16, 1037, 5314, 'ARRi 300W PLUS PRESNEL + Light stand', '', '', '', '', '', 'A', '404000008437', ''),
(2730, 16, 1037, 5314, 'ARRi 300W PLUS PRESNEL + Light stand', '', '', '', '', '', 'A', '404000008438', ''),
(2731, 16, 1037, 5314, 'ARRi 300W PLUS PRESNEL + Light stand', '', '', '', '', '', 'A', '404000008439', ''),
(2732, 16, 1037, 5314, 'ARRi 650W PLUS PRESNEL + Light stand', '', '', '', '', '', 'A', '404000008440', ''),
(2733, 16, 1037, 5314, 'ARRi 650W PLUS PRESNEL + Light stand', '', '', '', '', '', 'A', '404000008441', ''),
(2734, 16, 1037, 5314, 'ARRi 650W PLUS PRESNEL + Light stand', '', '', '', '', '', 'A', '404000008442', ''),
(2735, 16, 1038, 5314, 'KINO FLO GRAFFERKIT', '', '', '', '', '', 'A', '404000004726', ''),
(2736, 16, 1038, 5314, 'KINO FLO GRAFFERKIT', '', '', '', '', '', 'A', '404000004727', ''),
(2737, 16, 1039, 5314, 'KINO FLO Interview KIT', '', '', '', '', '', 'A', '404000004728', ''),
(2738, 16, 1040, 5314, '800W ARRI set', '', '', '', '', '', 'A', '404000005129', ''),
(2739, 16, 1040, 5314, '800W ARRI set', '', '', '', '', '', 'A', '404000005130', ''),
(2740, 16, 1040, 5314, '800W ARRI set', '', '', '', '', '', 'A', '404000005131', ''),
(2741, 16, 1040, 5314, '800W ARRI set', '', '', '', '', '', 'A', '404000005132', ''),
(2742, 16, 1040, 5314, '800W ARRI set', '', '', '', '', '', 'A', '404000005133', ''),
(2743, 16, 1040, 5314, '800W ARRI set', '', '', '', '', '', 'A', '404000005134', ''),
(2744, 16, 1041, 5314, 'Nikon FM 10 Film Camera ', '', '', '', '', '', 'A', '404000004092', ''),
(2745, 16, 1041, 5314, 'Nikon FM 10 Film Camera ', '', '', '', '', '', 'A', '404000004093', ''),
(2746, 16, 1041, 5314, 'Nikon FM 10 Film Camera ', '', '', '', '', '', 'A', '404000004094', ''),
(2747, 16, 1041, 5314, 'Nikon FM 10 Film Camera ', '', '', '', '', '', 'A', '404000004095', ''),
(2748, 16, 1041, 5314, 'Nikon FM 10 Film Camera ', '', '', '', '', '', 'A', '404000004096', ''),
(2749, 16, 1041, 5314, 'Nikon FM 10 Film Camera ', '', '', '', '', '', 'A', '404000004097', ''),
(2750, 16, 1041, 5314, 'Nikon FM 10 Film Camera ', '', '', '', '', '', 'A', '404000004098', ''),
(2751, 16, 1041, 5314, 'Nikon FM 10 Film Camera ', '', '', '', '', '', 'A', '404000004099', ''),
(2752, 16, 1041, 5314, 'Nikon FM 10 Film Camera ', '', '', '', '', '', 'A', '404000004100', ''),
(2753, 16, 1041, 5314, 'Nikon FM 10 Film Camera ', '', '', '', '', '', 'A', '404000004101', ''),
(2754, 16, 1041, 5314, 'Nikon FM 10 Film Camera ', '', '', '', '', '', 'A', '404000004102', ''),
(2755, 16, 1041, 5314, 'Nikon FM 10 Film Camera ', '', '', '', '', '', 'A', '404000004103', ''),
(2756, 16, 1041, 5314, 'Nikon FM 10 Film Camera ', '', '', '', '', '', 'A', '404000004104', ''),
(2757, 16, 1041, 5314, 'Nikon FM 10 Film Camera ', '', '', '', '', '', 'A', '404000004105', ''),
(2758, 16, 1041, 5314, 'Nikon FM 10 Film Camera ', '', '', '', '', '', 'A', '404000004106', ''),
(2759, 16, 1041, 5314, 'Nikon FM 10 Film Camera ', '', '', '', '', '', 'A', '404000004107', ''),
(2760, 16, 1041, 5314, 'Nikon FM 10 Film Camera ', '', '', '', '', '', 'A', '404000004108', ''),
(2761, 16, 1041, 5314, 'Nikon FM 10 Film Camera ', '', '', '', '', '', 'A', '404000004109', ''),
(2762, 16, 1041, 5314, 'Nikon FM 10 Film Camera ', '', '', '', '', '', 'A', '404000004110', ''),
(2763, 16, 1041, 5314, 'Nikon FM 10 Film Camera ', '', '', '', '', '', 'A', '404000004111', ''),
(2764, 16, 1041, 5314, 'Nikon FM 10 Film Camera ', '', '', '', '', '', 'A', '404000004112', ''),
(2765, 16, 1041, 5314, 'Nikon FM 10 Film Camera ', '', '', '', '', '', 'A', '404000004113', ''),
(2766, 16, 1041, 5314, 'Nikon FM 10 Film Camera ', '', '', '', '', '', 'A', '404000004114', ''),
(2767, 16, 1041, 5314, 'Nikon FM 10 Film Camera ', '', '', '', '', '', 'A', '404000004115', ''),
(2768, 16, 1041, 5314, 'Nikon FM 10 Film Camera ', '', '', '', '', '', 'A', '404000004116', '');
INSERT INTO `equipment` (`id`, `equipment_type_id`, `equipment_type_list_id`, `room_id`, `name`, `description`, `ip_address`, `client_user`, `client_pass`, `mac_address`, `status`, `barcode`, `img_path`) VALUES
(2769, 16, 1041, 5314, 'Nikon FM 10 Film Camera ', '', '', '', '', '', 'A', '404000004117', ''),
(2770, 17, 1041, 5314, 'Nikon FM 10 Film Camera ', '', '', '', '', '', 'A', '404000004118', ''),
(2771, 18, 1041, 5314, 'Nikon FM 10 Film Camera ', '', '', '', '', '', 'A', '404000004119', ''),
(2772, 18, 1042, 5314, 'Flag 30x36 inch', '', '', '', '', '', 'A', '404000004557', ''),
(2773, 18, 1042, 5314, 'Flag 30x36 inch', '', '', '', '', '', 'A', '404000004558', ''),
(2774, 18, 1042, 5314, 'Flag 30x36 inch', '', '', '', '', '', 'A', '404000004559', ''),
(2775, 18, 1042, 5314, 'Flag 30x36 inch', '', '', '', '', '', 'A', '404000004560', ''),
(2776, 18, 1042, 5314, 'Flag 30x36 inch', '', '', '', '', '', 'A', '404000004561', ''),
(2777, 18, 1042, 5314, 'Flag 30x36 inch', '', '', '', '', '', 'A', '404000004562', ''),
(2778, 18, 1042, 5314, 'Flag 30x36 inch', '', '', '', '', '', 'A', '404000004563', ''),
(2779, 18, 1042, 5314, 'Flag 30x36 inch', '', '', '', '', '', 'A', '404000004564', ''),
(2780, 18, 1042, 5314, 'Flag 30x36 inch', '', '', '', '', '', 'A', '404000004565', ''),
(2781, 18, 1042, 5314, 'Flag 30x36 inch', '', '', '', '', '', 'A', '404000004566', ''),
(2782, 18, 1042, 5314, 'Flag 30x36 inch', '', '', '', '', '', 'A', '404000004567', ''),
(2783, 18, 1042, 5314, 'Flag 30x36 inch', '', '', '', '', '', 'A', '404000004568', ''),
(2784, 18, 1043, 5314, 'Meat Axe Flag 24x48 inch', '', '', '', '', '', 'A', '404000004569', ''),
(2785, 18, 1043, 5314, 'Meat Axe Flag 24x48 inch', '', '', '', '', '', 'A', '404000004570', ''),
(2786, 18, 1043, 5314, 'Meat Axe Flag 24x48 inch', '', '', '', '', '', 'A', '404000004571', ''),
(2787, 18, 1043, 5314, 'Meat Axe Flag 24x48 inch', '', '', '', '', '', 'A', '404000004572', ''),
(2788, 18, 1044, 5314, 'High Temperature Metal Flag 24x36 inch', '', '', '', '', '', 'A', '404000004573', ''),
(2789, 18, 1044, 5314, 'High Temperature Metal Flag 24x36 inch', '', '', '', '', '', 'A', '404000004574', ''),
(2790, 18, 1044, 5314, 'High Temperature Metal Flag 24x36 inch', '', '', '', '', '', 'A', '404000004575', ''),
(2791, 18, 1044, 5314, 'High Temperature Metal Flag 24x36 inch', '', '', '', '', '', 'A', '404000004576', ''),
(2792, 18, 1044, 5314, 'High Temperature Metal Flag 24x36 inch', '', '', '', '', '', 'A', '404000004577', ''),
(2793, 18, 1044, 5314, 'High Temperature Metal Flag 24x36 inch', '', '', '', '', '', 'A', '404000004578', ''),
(2794, 18, 1044, 5314, 'High Temperature Metal Flag 24x36 inch', '', '', '', '', '', 'A', '404000004579', ''),
(2795, 18, 1044, 5314, 'High Temperature Metal Flag 24x36 inch', '', '', '', '', '', 'A', '404000004580', ''),
(2796, 18, 1045, 5314, 'Flag 24x30 inch', '', '', '', '', '', 'A', '904000003488', ''),
(2797, 18, 1045, 5314, 'Flag 24x30 inch', '', '', '', '', '', 'A', '904000003489', ''),
(2798, 18, 1045, 5314, 'Flag 24x30 inch', '', '', '', '', '', 'A', '904000003490', ''),
(2799, 18, 1045, 5314, 'Flag 24x30 inch', '', '', '', '', '', 'A', '904000003491', ''),
(2800, 18, 1045, 5314, 'Flag 24x30 inch', '', '', '', '', '', 'A', '904000003492', ''),
(2801, 18, 1045, 5314, 'Flag 24x30 inch', '', '', '', '', '', 'A', '904000003493', ''),
(2802, 18, 1045, 5314, 'Flag 24x30 inch', '', '', '', '', '', 'A', '904000003494', ''),
(2803, 18, 1045, 5314, 'Flag 24x30 inch', '', '', '', '', '', 'A', '904000003495', ''),
(2804, 18, 1046, 5314, 'Flag 24x36 inch', '', '', '', '', '', 'A', '904000003496', ''),
(2805, 18, 1046, 5314, 'Flag 24x36 inch', '', '', '', '', '', 'A', '904000003497', ''),
(2806, 18, 1046, 5314, 'Flag 24x36 inch', '', '', '', '', '', 'A', '904000003498', ''),
(2807, 18, 1046, 5314, 'Flag 24x36 inch', '', '', '', '', '', 'A', '904000003499', ''),
(2808, 18, 1046, 5314, 'Flag 24x36 inch', '', '', '', '', '', 'A', '904000003500', ''),
(2809, 18, 1046, 5314, 'Flag 24x36 inch', '', '', '', '', '', 'A', '904000003501', ''),
(2810, 18, 1046, 5314, 'Flag 24x36 inch', '', '', '', '', '', 'A', '904000003502', ''),
(2811, 18, 1046, 5314, 'Flag 24x36 inch', '', '', '', '', '', 'A', '904000003503', ''),
(2812, 18, 1046, 5314, 'Flag 24x36 inch', '', '', '', '', '', 'A', '904000003504', ''),
(2813, 18, 1046, 5314, 'Flag 24x36 inch', '', '', '', '', '', 'A', '904000003505', ''),
(2814, 18, 1046, 5314, 'Flag 24x36 inch', '', '', '', '', '', 'A', '904000003506', ''),
(2815, 18, 1046, 5314, 'Flag 24x36 inch', '', '', '', '', '', 'A', '904000003507', ''),
(2816, 18, 1047, 5314, 'Flag 18x24 inch', '', '', '', '', '', 'A', '904000003508', ''),
(2817, 18, 1047, 5314, 'Flag 18x24 inch', '', '', '', '', '', 'A', '904000003509', ''),
(2818, 18, 1047, 5314, 'Flag 18x24 inch', '', '', '', '', '', 'A', '904000003510', ''),
(2819, 18, 1047, 5314, 'Flag 18x24 inch', '', '', '', '', '', 'A', '904000003511', ''),
(2820, 18, 1047, 5314, 'Flag 18x24 inch', '', '', '', '', '', 'A', '904000003512', ''),
(2821, 18, 1047, 5314, 'Flag 18x24 inch', '', '', '', '', '', 'A', '904000003513', ''),
(2822, 18, 1047, 5314, 'Flag 18x24 inch', '', '', '', '', '', 'A', '904000003514', ''),
(2823, 18, 1047, 5314, 'Flag 18x24 inch', '', '', '', '', '', 'A', '904000003515', ''),
(2824, 18, 1047, 5314, 'Flag 18x24 inch', '', '', '', '', '', 'A', '904000003516', ''),
(2825, 18, 1047, 5314, 'Flag 18x24 inch', '', '', '', '', '', 'A', '904000003517', ''),
(2826, 18, 1047, 5314, 'Flag 18x24 inch', '', '', '', '', '', 'A', '904000003518', ''),
(2827, 18, 1047, 5314, 'Flag 18x24 inch', '', '', '', '', '', 'A', '904000003519', ''),
(2828, 18, 1048, 5314, 'Flag 12x18 inch', '', '', '', '', '', 'A', '904000003520', ''),
(2829, 18, 1048, 5314, 'Flag 12x18 inch', '', '', '', '', '', 'A', '904000003521', ''),
(2830, 18, 1048, 5314, 'Flag 12x18 inch', '', '', '', '', '', 'A', '904000003522', ''),
(2831, 18, 1048, 5314, 'Flag 12x18 inch', '', '', '', '', '', 'A', '904000003523', ''),
(2832, 18, 1048, 5314, 'Flag 12x18 inch', '', '', '', '', '', 'A', '904000003524', ''),
(2833, 18, 1048, 5314, 'Flag 12x18 inch', '', '', '', '', '', 'A', '904000003525', ''),
(2834, 18, 1048, 5314, 'Flag 12x18 inch', '', '', '', '', '', 'A', '904000003526', ''),
(2835, 18, 1048, 5314, 'Flag 12x18 inch', '', '', '', '', '', 'A', '904000003527', ''),
(2836, 18, 1048, 5314, 'Flag 12x18 inch', '', '', '', '', '', 'A', '904000003528', ''),
(2837, 18, 1048, 5314, 'Flag 12x18 inch', '', '', '', '', '', 'A', '904000003529', ''),
(2838, 18, 1048, 5314, 'Flag 12x18 inch', '', '', '', '', '', 'A', '904000003530', ''),
(2839, 18, 1048, 5314, 'Flag 12x18 inch', '', '', '', '', '', 'A', '904000003531', ''),
(2840, 19, 1049, 5314, 'ZOOM H4N Digital Recorder', '', '', '', '', '', 'A', '403000002463', ''),
(2841, 19, 1049, 5314, 'ZOOM H4N Digital Recorder', '', '', '', '', '', 'A', '403000002480', ''),
(2842, 19, 1050, 5314, 'ZOOM H6 Digital Recorder', '', '', '', '', '', 'A', '403000004325', ''),
(2843, 19, 1050, 5314, 'ZOOM H6 Digital Recorder', '', '', '', '', '', 'A', '403000004326', ''),
(2844, 19, 1050, 5314, 'ZOOM H6 Digital Recorder', '', '', '', '', '', 'A', '403000004327', ''),
(2845, 19, 1050, 5314, 'ZOOM H6 Digital Recorder', '', '', '', '', '', 'A', '403000004328', ''),
(2846, 19, 1051, 5314, 'Headphone Extreme Isolation EX29 ', '', '', '', '', '', 'A', '404000004523', ''),
(2847, 19, 1052, 5314, 'Condenser Microphone  Avant Electronics', '', '', '', '', '', 'A', '404000004529', ''),
(2848, 19, 1053, 5314, 'Sennheiser Long-gun', '', '', '', '', '', 'A', '404000004583', ''),
(2849, 19, 1054, 5314, 'Boom Microphone with case', '', '', '', '', '', 'A', '404000009090', ''),
(2850, 19, 1054, 5314, 'Boom Microphone with case', '', '', '', '', '', 'A', '404000005111', ''),
(2851, 19, 1055, 5314, 'PS01 Pop Filter With Goose Neck', '', '', '', '', '', 'A', '0', ''),
(2852, 19, 1056, 5314, 'XLR Microphone Panasonic Model AG-MC 200G', '', '', '', '', '', 'A', '404000005067', ''),
(2853, 19, 1057, 5314, 'Audio Interface MOTU Ultralite Hybrid', '', '', '', '', '', 'A', '403000002365', ''),
(2854, 20, 1058, 5314, 'Marshall  V-LCD70MD-3G', '', '', '', '', '', 'A', '404000008709', ''),
(2855, 20, 1058, 5314, 'Marshall  V-LCD70MD-3G', '', '', '', '', '', 'A', '404000008710', ''),
(2856, 20, 1058, 5314, 'Marshall  V-LCD70MD-3G', '', '', '', '', '', 'A', '404000008711', ''),
(2857, 20, 1059, 5314, '8 inch LCD HDMI/HD-SD Monitor', '', '', '', '', '', 'A', '404000004716', ''),
(2858, 21, 1060, 5314, 'Doorway Dolly', '', '', '', '', '', 'A', '404000004533', ''),
(2859, 21, 1061, 5314, 'Hot button for tracks 4PSC/SET', '', '', '', '', '', 'A', '404000004534', ''),
(2860, 21, 1062, 5314, 'Track Straight 4 ft', '', '', '', '', '', 'A', '404000004535', ''),
(2861, 21, 1062, 5314, 'Track Straight 4 ft', '', '', '', '', '', 'A', '404000004536', ''),
(2862, 21, 1062, 5314, 'Track Straight 4 ft', '', '', '', '', '', 'A', '404000004537', ''),
(2863, 21, 1062, 5314, 'Track Straight 4 ft', '', '', '', '', '', 'A', '404000004538', ''),
(2864, 21, 1062, 5314, 'Track Straight 4 ft', '', '', '', '', '', 'A', '404000004539', ''),
(2865, 21, 1062, 5314, 'Track Straight 4 ft', '', '', '', '', '', 'A', '404000004540', ''),
(2866, 21, 1062, 5314, 'Track Straight 4 ft', '', '', '', '', '', 'A', '404000004541', ''),
(2867, 21, 1062, 5314, 'Track Straight 4 ft', '', '', '', '', '', 'A', '404000004542', ''),
(2868, 21, 1062, 5314, 'Track Straight 4 ft', '', '', '', '', '', 'A', '404000004543', ''),
(2869, 21, 1062, 5314, 'Track Straight 4 ft', '', '', '', '', '', 'A', '404000004544', ''),
(2870, 21, 1062, 5314, 'Track Straight 4 ft', '', '', '', '', '', 'A', '404000004545', ''),
(2871, 21, 1062, 5314, 'Track Straight 4 ft', '', '', '', '', '', 'A', '404000004546', ''),
(2872, 21, 1063, 5314, 'Track Curve for 20 FT Diameter', '', '', '', '', '', 'A', '404000004587', ''),
(2873, 21, 1063, 5314, 'Track Curve for 20 FT Diameter', '', '', '', '', '', 'A', '404000004588', ''),
(2874, 21, 1063, 5314, 'Track Curve for 20 FT Diameter', '', '', '', '', '', 'A', '404000004589', ''),
(2875, 21, 1063, 5314, 'Track Curve for 20 FT Diameter', '', '', '', '', '', 'A', '404000004590', ''),
(2876, 21, 1063, 5314, 'Track Curve for 20 FT Diameter', '', '', '', '', '', 'A', '404000004591', ''),
(2877, 21, 1063, 5314, 'Track Curve for 20 FT Diameter', '', '', '', '', '', 'A', '404000004592', ''),
(2878, 21, 1063, 5314, 'Track Curve for 20 FT Diameter', '', '', '', '', '', 'A', '404000004593', ''),
(2879, 21, 1063, 5314, 'Track Curve for 20 FT Diameter', '', '', '', '', '', 'A', '404000004594', ''),
(2880, 22, 1064, 5314, 'Recorder Sony GV-HD700E', '', '', '', '', '', 'A', '404000004454', ''),
(2881, 24, 1065, 5314, 'Sony HVR-MRC1K CF Memmory Recording Unit', '', '', '', '', '', 'A', '404000004159', ''),
(2882, 24, 1065, 5314, 'Sony HVR-MRC1K CF Memmory Recording Unit', '', '', '', '', '', 'A', '404000004160', ''),
(2883, 24, 1066, 5314, 'Sony HVR-DR60 Hard Disk Units', '', '', '', '', '', 'A', '404000004161', ''),
(2884, 24, 1066, 5314, 'Sony HVR-DR60 Hard Disk Units', '', '', '', '', '', 'A', '404000004162', ''),
(2885, 27, 1067, 5314, 'Generator 220 V Jiangdong', 'รุ่น JD6500-EC', '', '', '', '', 'A', '403000003726', ''),
(2886, 27, 1068, 5314, 'Mark VB Director Viewfinder', '', '', '', '', '', 'A', '404000004595', ''),
(2887, 27, 1069, 5314, 'Animation Work Station Wacom table Storage', '', '', '', '', '', 'A', '410000015429', ''),
(2888, 27, 1070, 5314, 'Bag for Canon 5D.7D', '', '', '', '', '', 'A', '904000004662', ''),
(2889, 27, 1071, 5314, 'Studio flash Set', '', '', '', '', '', 'A', '404000005135', ''),
(2890, 7, 0, 7, 'COM(NOTEBOOK)', 'COM(NOTEBOOK)', '', '', '', '', '', '', ''),
(2891, 7, 0, 7, 'COM(NOTEBOOK)', 'COM(NOTEBOOK)', '', '', '', '', '', '', ''),
(2892, 7, 0, 7, 'COM(NOTEBOOK)', 'COM(NOTEBOOK)', '', '', '', '', '', '', ''),
(2893, 7, 0, 7, 'COM(NOTEBOOK)', 'COM(NOTEBOOK)', '', '', '', '', '', '', ''),
(2894, 6, 0, 7, 'Visualizer', 'Visualizer', '', '', '', '', '', '', ''),
(2895, 9, -1, 1, 'COM(NOTEBOOK)', 'COM(NOTEBOOK)', '', '', '', '', 'A', '', ''),
(2896, 9, -1, 2, 'COM(NOTEBOOK)', 'COM(NOTEBOOK)', '', '', '', '', 'A', '', ''),
(2897, 9, -1, 3, 'COM(NOTEBOOK)', 'COM(NOTEBOOK)', '', '', '', '', 'A', '', ''),
(2898, 9, -1, 4, 'COM(NOTEBOOK)', 'COM(NOTEBOOK)', '', '', '', '', 'A', '', ''),
(2899, 9, -1, 5, 'COM(NOTEBOOK)', 'COM(NOTEBOOK)', '', '', '', '', 'A', '', ''),
(2900, 9, -1, 6, 'COM(NOTEBOOK)', 'COM(NOTEBOOK)', '', '', '', '', 'A', '', ''),
(2901, 7, -1, 1506, 'COM(NOTEBOOK)', 'COM(NOTEBOOK)', '', '', '', '', 'A', '', ''),
(2902, 7, -1, 3414, 'COM(NOTEBOOK)', 'COM(NOTEBOOK)', '', '', '', '', 'A', '', ''),
(2903, 7, -1, 3415, 'COM(NOTEBOOK)', 'COM(NOTEBOOK)', '', '', '', '', 'A', '', ''),
(2904, 7, -1, 1210, 'COM(NOTEBOOK)', 'COM(NOTEBOOK)', '', '', '', '', 'A', '', ''),
(2905, 7, -1, 1214, 'COM(NOTEBOOK)', 'COM(NOTEBOOK)', '', '', '', '', 'A', '', ''),
(2906, 7, -1, 1318, 'COM(NOTEBOOK)', 'COM(NOTEBOOK)', '', '', '', '', 'A', '', ''),
(2907, 7, -1, 2207, 'COM(NOTEBOOK)', 'COM(NOTEBOOK)', '', '', '', '', 'A', '', ''),
(2908, 7, -1, 1, 'COM(NOTEBOOK)', 'COM(NOTEBOOK)', '', '', '', '', 'A', '', ''),
(2909, 7, -1, 2, 'COM(NOTEBOOK)', 'COM(NOTEBOOK)', '', '', '', '', 'A', '', ''),
(2910, 7, -1, 3, 'COM(NOTEBOOK)', 'COM(NOTEBOOK)', '', '', '', '', 'A', '', ''),
(2911, 7, -1, 4, 'COM(NOTEBOOK)', 'COM(NOTEBOOK)', '', '', '', '', 'A', '', ''),
(2912, 7, -1, 5, 'COM(NOTEBOOK)', 'COM(NOTEBOOK)', '', '', '', '', 'A', '', ''),
(2913, 7, -1, 6, 'COM(NOTEBOOK)', 'COM(NOTEBOOK)', '', '', '', '', 'A', '', ''),
(2914, 6, -1, 1210, 'Visualizer', 'Visualizer', '', '', '', '', 'A', '', ''),
(2915, 6, -1, 1, 'Visualizer', 'Visualizer', '', '', '', '', 'A', '', ''),
(2916, 6, -1, 2, 'Visualizer', 'Visualizer', '', '', '', '', 'A', '', ''),
(2917, 6, -1, 3, 'Visualizer', 'Visualizer', '', '', '', '', 'A', '', ''),
(2918, 6, -1, 4, 'Visualizer', 'Visualizer', '', '', '', '', 'A', '', ''),
(2919, 6, -1, 5, 'Visualizer', 'Visualizer', '', '', '', '', 'A', '', ''),
(2920, 6, -1, 6, 'Visualizer', 'Visualizer', '', '', '', '', 'A', '', ''),
(2921, 5, -1, 1, 'DVD', 'DVD', '', '', '', '', 'A', '', ''),
(2922, 4, -1, 1214, 'Sound Mic (Cable)', 'Sound Mic (Cable)', '', '', '', '', 'A', '', ''),
(2923, 4, -1, 2207, 'Sound Mic (Cable)', 'Sound Mic (Cable)', '', '', '', '', 'A', '', ''),
(2924, 4, -1, 1, 'Sound Mic (Cable)', 'Sound Mic (Cable)', '', '', '', '', 'A', '', ''),
(2925, 3, -1, 3414, 'Sounc Mic(Wireless)', 'Sounc Mic(Wireless)', '', '', '', '', 'A', '', ''),
(2926, 3, -1, 3415, 'Sounc Mic(Wireless)', 'Sounc Mic(Wireless)', '', '', '', '', 'A', '', ''),
(2927, 3, -1, 1210, 'Sounc Mic(Wireless)', 'Sounc Mic(Wireless)', '', '', '', '', 'A', '', ''),
(2928, 3, -1, 1, 'Sounc Mic(Wireless)', 'Sounc Mic(Wireless)', '', '', '', '', 'A', '', ''),
(2929, 3, -1, 2, 'Sounc Mic(Wireless)', 'Sounc Mic(Wireless)', '', '', '', '', 'A', '', ''),
(2930, 3, -1, 3, 'Sounc Mic(Wireless)', 'Sounc Mic(Wireless)', '', '', '', '', 'A', '', ''),
(2931, 3, -1, 4, 'Sounc Mic(Wireless)', 'Sounc Mic(Wireless)', '', '', '', '', 'A', '', ''),
(2932, 3, -1, 5, 'Sounc Mic(Wireless)', 'Sounc Mic(Wireless)', '', '', '', '', 'A', '', ''),
(2933, 3, -1, 6, 'Sounc Mic(Wireless)', 'Sounc Mic(Wireless)', '', '', '', '', 'A', '', ''),
(2934, 2, -1, 3414, 'Remote Presenter', 'Remote Presenter', '', '', '', '', 'A', '', ''),
(2935, 2, -1, 3415, 'Remote Presenter', 'Remote Presenter', '', '', '', '', 'A', '', ''),
(2936, 2, -1, 1210, 'Remote Presenter', 'Remote Presenter', '', '', '', '', 'A', '', ''),
(2937, 2, -1, 1214, 'Remote Presenter', 'Remote Presenter', '', '', '', '', 'A', '', ''),
(2938, 2, -1, 1318, 'Remote Presenter', 'Remote Presenter', '', '', '', '', 'A', '', ''),
(2939, 2, -1, 2207, 'Remote Presenter', 'Remote Presenter', '', '', '', '', 'A', '', ''),
(2940, 2, -1, 1, 'Remote Presenter', 'Remote Presenter', '', '', '', '', 'A', '', ''),
(2941, 2, -1, 2, 'Remote Presenter', 'Remote Presenter', '', '', '', '', 'A', '', ''),
(2942, 2, -1, 3, 'Remote Presenter', 'Remote Presenter', '', '', '', '', 'A', '', ''),
(2943, 2, -1, 4, 'Remote Presenter', 'Remote Presenter', '', '', '', '', 'A', '', ''),
(2944, 2, -1, 5, 'Remote Presenter', 'Remote Presenter', '', '', '', '', 'A', '', ''),
(2945, 1, -1, 3414, 'Portable Sound System', 'Portable Sound System', '', '', '', '', 'A', '', ''),
(2946, 1, -1, 3415, 'Portable Sound System', 'Portable Sound System', '', '', '', '', 'A', '', ''),
(2947, 1, -1, 1210, 'Portable Sound System', 'Portable Sound System', '', '', '', '', 'A', '', ''),
(2948, 1, -1, 1214, 'Portable Sound System', 'Portable Sound System', '', '', '', '', 'A', '', ''),
(2949, 1, -1, 1318, 'Portable Sound System', 'Portable Sound System', '', '', '', '', 'A', '', ''),
(2950, 1, -1, 2207, 'Portable Sound System', 'Portable Sound System', '', '', '', '', 'A', '', ''),
(2951, 1, -1, 1, 'Portable Sound System', 'Portable Sound System', '', '', '', '', 'A', '', ''),
(2952, 1, -1, 2, 'Portable Sound System', 'Portable Sound System', '', '', '', '', 'A', '', ''),
(2953, 1, -1, 3, 'Portable Sound System', 'Portable Sound System', '', '', '', '', 'A', '', ''),
(2954, 1, -1, 4, 'Portable Sound System', 'Portable Sound System', '', '', '', '', 'A', '', ''),
(2955, 1, -1, 5, 'Portable Sound System', 'Portable Sound System', '', '', '', '', 'A', '', ''),
(2956, 10, -1, 3414, 'LED TV', 'LED TV', '', '', '', '', 'A', '', ''),
(2957, 10, -1, 3415, 'LED TV', 'LED TV', '', '', '', '', 'A', '', ''),
(2958, 10, -1, 1210, 'LED TV', 'LED TV', '', '', '', '', 'A', '', ''),
(2959, 10, -1, 1214, 'LED TV', 'LED TV', '', '', '', '', 'A', '', ''),
(2960, 10, -1, 1318, 'LED TV', 'LED TV', '', '', '', '', 'A', '', ''),
(2961, 10, -1, 2207, 'LED TV', 'LED TV', '', '', '', '', 'A', '', ''),
(2962, 10, -1, 1, 'LED TV', 'LED TV', '', '', '', '', 'A', '', ''),
(2963, 10, -1, 2, 'LED TV', 'LED TV', '', '', '', '', 'A', '', ''),
(2964, 10, -1, 3, 'LED TV', 'LED TV', '', '', '', '', 'A', '', ''),
(2965, 10, -1, 4, 'LED TV', 'LED TV', '', '', '', '', 'A', '', ''),
(2966, 10, -1, 5, 'LED TV', 'LED TV', '', '', '', '', 'A', '', '');

-- --------------------------------------------------------

--
-- Table structure for table `equipment_cracked_log`
--

CREATE TABLE IF NOT EXISTS `equipment_cracked_log` (
`id` int(11) NOT NULL,
  `equipment_id` int(11) NOT NULL,
  `cracked_date` date NOT NULL,
  `status` varchar(255) NOT NULL
) ENGINE=InnoDB  DEFAULT CHARSET=utf8 AUTO_INCREMENT=4 ;

-- --------------------------------------------------------

--
-- Table structure for table `equipment_type`
--

CREATE TABLE IF NOT EXISTS `equipment_type` (
`id` int(11) NOT NULL,
  `equipment_type_code` varchar(255) NOT NULL,
  `name` varchar(255) NOT NULL,
  `description` text NOT NULL
) ENGINE=InnoDB  DEFAULT CHARSET=utf8 AUTO_INCREMENT=28 ;

--
-- Dumping data for table `equipment_type`
--

INSERT INTO `equipment_type` (`id`, `equipment_type_code`, `name`, `description`) VALUES
(1, '1001', 'Portable Sound System', 'Portable Sound System'),
(2, '1002', 'Remote Presenter', 'Remote Presenter'),
(3, '1003', 'Sounc Mic(Wireless)', 'Sounc Mic(Wireless)'),
(4, '1004', 'Sound Mic (Cable)', 'Sound Mic (Cable)'),
(5, '1005', 'DVD', 'DVD'),
(6, '1006', 'Visualizer', 'Visualizer'),
(7, '1007', 'COM(NOTEBOOK)', 'COM(NOTEBOOK)'),
(8, '1008', 'COM', 'COM'),
(9, '1009', 'LCD', 'LCD'),
(10, '1010', 'LED TV', 'LED TV'),
(11, '1011', 'DSLR', 'DSLR'),
(12, '1012', 'Lens', 'Lens'),
(13, '1013', 'VIDEO CAM', 'VIDEO CAM'),
(14, '1014', 'Tripod', 'Tripod'),
(15, '1015', 'C-Stand', 'C-Stand'),
(16, '1016', 'Lighting', 'Lighting'),
(17, '1017', 'Film camera', 'Film camera'),
(18, '1018', 'Flag', 'Flag'),
(19, '1019', 'Audio', 'Audio'),
(20, '1020', 'Monitor', 'Monitor'),
(21, '1021', 'Dolly', 'Dolly'),
(22, '1022', 'Player', 'Player'),
(24, '1024', 'Recorder Media', 'Recorder Media'),
(27, '1027', 'Etc', 'Etc');

-- --------------------------------------------------------

--
-- Table structure for table `equipment_type_list`
--

CREATE TABLE IF NOT EXISTS `equipment_type_list` (
`id` int(11) NOT NULL,
  `equipment_type_id` int(11) DEFAULT NULL,
  `name` varchar(100) DEFAULT NULL
) ENGINE=MyISAM  DEFAULT CHARSET=utf8 AUTO_INCREMENT=1072 ;

--
-- Dumping data for table `equipment_type_list`
--

INSERT INTO `equipment_type_list` (`id`, `equipment_type_id`, `name`) VALUES
(1002, 11, 'Canon EOS 5D Mark III + 24-105'),
(1003, 11, 'Canon  5D Mark III(BODY)'),
(1004, 11, 'Canon EOS 5D MKII'),
(1005, 11, 'Canon EOS 6D + 24-105 F4'),
(1006, 11, 'Canon EOS 7D'),
(1007, 11, 'Canon EOS 550D'),
(1008, 12, 'Sony VCL-HGA07 0.7 Converter Lens-30/37mm.'),
(1009, 12, 'Sony VCL-HG1737C 1.7xTele Conversion Lens'),
(1010, 12, 'Lens Canon EF 70-200mm.F2.8L IS2USM'),
(1011, 12, 'Lens Canon EF 24-70mm.F2.8L IS2USM'),
(1012, 12, 'Lens Canon EF 24-105  F4'),
(1013, 12, 'Lens TOKINA 11-16mm F2.8IF For CanonMount'),
(1014, 12, 'Lens Canon EF 50mm.F1.8'),
(1015, 12, 'LUMIX G VARIO 45-200 mm.F/4.0-F5.6'),
(1016, 12, 'LUMIX G VARIO 14-45 mm.F/3.5-F5.6 ASPH.'),
(1017, 12, 'Lens 35 mm.F1.4 DG HSM'),
(1018, 12, 'Lens EF 50 mm. F1.4 USM'),
(1019, 12, 'Lens EF 85 mm. F1.2LII USM'),
(1020, 12, 'Lens EF 100 mm. F2.8L Macro IS USM'),
(1021, 12, 'Kipon Lens Adapter EOS-Micro4/3 W/IRIS'),
(1022, 13, 'Sony HVR-Z7P HDV + optional item'),
(1023, 13, 'Sony HVR-HD1000P Camcorder'),
(1024, 13, 'AVCCM Pro HD Camera Panasonic AG-AF102EN (1)'),
(1025, 13, 'AVCCM Pro HD Camera Panasonic AG-AF102EN (2)'),
(1026, 14, 'Shoulder Tripod'),
(1027, 14, 'Car mount tripod'),
(1028, 14, 'Peter Shoulder Brace (BCS-050)'),
(1029, 14, 'Manfrotto MVK502AM'),
(1030, 14, 'Sachtler FSB 4 TRIPOD'),
(1031, 14, 'Jib Crane 14 feet'),
(1032, 14, 'Jib Crane 9 feet'),
(1033, 15, 'Avanger Manfrotto A2033L (c-stand)'),
(1034, 15, 'Avanger Manfrotto D520  (arm)'),
(1035, 16, 'CN-900HS LED LIGHT + Light Stand'),
(1036, 16, 'Dedo light 150 W + Light stand'),
(1037, 16, 'ARRi 300W PLUS PRESNEL + Light stand'),
(1038, 16, 'KINO FLO GRAFFERKIT'),
(1039, 16, 'KINO FLO Interview KIT'),
(1040, 16, '800W ARRI set'),
(1041, 16, 'Nikon FM 10 Film Camera '),
(1042, 18, 'Flag 30x36 inch'),
(1043, 18, 'Meat Axe Flag 24x48 inch'),
(1044, 18, 'High Temperature Metal Flag 24x36 inch'),
(1045, 18, 'Flag 24x30 inch'),
(1046, 18, 'Flag 24x36 inch'),
(1047, 18, 'Flag 18x24 inch'),
(1048, 18, 'Flag 12x18 inch'),
(1049, 19, 'ZOOM H4N Digital Recorder'),
(1050, 19, 'ZOOM H6 Digital Recorder'),
(1051, 19, 'Headphone Extreme Isolation EX29 '),
(1052, 19, 'Condenser Microphone  Avant Electronics'),
(1053, 19, 'Sennheiser Long-gun'),
(1054, 19, 'Boom Microphone with case'),
(1055, 19, 'PS01 Pop Filter With Goose Neck'),
(1056, 19, 'XLR Microphone Panasonic Model AG-MC 200G'),
(1057, 19, 'Audio Interface MOTU Ultralite Hybrid'),
(1058, 20, 'Marshall  V-LCD70MD-3G'),
(1059, 20, '8 inch LCD HDMI/HD-SD Monitor'),
(1060, 21, 'Doorway Dolly'),
(1061, 21, 'Hot button for tracks 4PSC/SET'),
(1062, 21, 'Track Straight 4 ft'),
(1063, 21, 'Track Curve for 20 FT Diameter'),
(1064, 22, 'Recorder Sony GV-HD700E'),
(1065, 24, 'Sony HVR-MRC1K CF Memmory Recording Unit'),
(1066, 24, 'Sony HVR-DR60 Hard Disk Units'),
(1067, 27, 'Generator 220 V Jiangdong'),
(1068, 27, 'Mark VB Director Viewfinder'),
(1069, 27, 'Animation Work Station Wacom table Storage'),
(1070, 27, 'Bag for Canon 5D.7D'),
(1071, 27, 'Studio flash Set');

-- --------------------------------------------------------

--
-- Table structure for table `event_type`
--

CREATE TABLE IF NOT EXISTS `event_type` (
`id` int(11) NOT NULL,
  `name` varchar(255) NOT NULL,
  `description` text NOT NULL
) ENGINE=InnoDB  DEFAULT CHARSET=utf8 AUTO_INCREMENT=8 ;

--
-- Dumping data for table `event_type`
--

INSERT INTO `event_type` (`id`, `name`, `description`) VALUES
(1, 'Meeting', ''),
(2, 'Seminar', ''),
(3, 'Teaching', ''),
(4, 'Visitting', ''),
(5, 'Exhibition', ''),
(6, 'FAA Student', 'FAA Student'),
(7, 'FAA Lecturer', 'FAA Lecturer');

-- --------------------------------------------------------

--
-- Table structure for table `gallery`
--

CREATE TABLE IF NOT EXISTS `gallery` (
`id` int(11) NOT NULL,
  `name` varchar(255) NOT NULL,
  `description` text NOT NULL,
  `file_path` varchar(255) NOT NULL
) ENGINE=InnoDB DEFAULT CHARSET=utf8 AUTO_INCREMENT=1 ;

-- --------------------------------------------------------

--
-- Table structure for table `link`
--

CREATE TABLE IF NOT EXISTS `link` (
`id` int(11) NOT NULL,
  `name` varchar(255) NOT NULL,
  `description` text NOT NULL,
  `url` varchar(255) NOT NULL
) ENGINE=InnoDB  DEFAULT CHARSET=utf8 AUTO_INCREMENT=8 ;

--
-- Dumping data for table `link`
--

INSERT INTO `link` (`id`, `name`, `description`, `url`) VALUES
(2, 'Intensive Mathematics', 'Intensive Mathematics', 'upload/files/1386317910/File.pdf'),
(3, 'Demand of MUIC students on the usage of e-Lecture for reviewing lessons', 'Demand of MUIC students on the usage of e-Lecture for reviewing lessons', 'upload/files/1386317902/File.pdf'),
(4, 'i2COM', 'i2COM', 'upload/files/1386317892/File.pdf'),
(5, 'The Acceptance of Technology Supporting Mobile Learning on 3G Wireless Network System of MUIC Instructors', 'THE ACCEPTANCE OF TECHNOLOGY SUPPORTING MOBILE LEARNING ON 3G WIRELESS NETWORK SYSTEM OF MUIC INSTRUCTOR1', 'upload/files/1386317883/File.pdf'),
(6, 'The Development of Web-Based Training on English Course for Language Proficiency Test for Academic Support Staff of Mahidol University International College', 'The Development of Web-Based Training on English Course for Language Proficiency Test for Academic Support Staff of Mahidol University International College', 'upload/files/1386317857/File.pdf'),
(7, 'iOS', 'Test', 'upload/files/1399367461/File.png');

-- --------------------------------------------------------

--
-- Table structure for table `news`
--

CREATE TABLE IF NOT EXISTS `news` (
`id` int(11) NOT NULL,
  `name` varchar(255) NOT NULL,
  `short_description` text NOT NULL,
  `description` text NOT NULL,
  `pic` varchar(255) DEFAULT NULL,
  `create_by` varchar(255) NOT NULL,
  `create_date` datetime NOT NULL
) ENGINE=InnoDB  DEFAULT CHARSET=utf8 AUTO_INCREMENT=14 ;

--
-- Dumping data for table `news`
--

INSERT INTO `news` (`id`, `name`, `short_description`, `description`, `pic`, `create_by`, `create_date`) VALUES
(10, 'Training on e-Learning Session 01', 'e-Learning Development of MUIC', 'Training on e-Learning Development of MUIC On Friday, November 23, 2012', 'upload/news/10/Training on e-Learning Session 01.jpg', '1', '2013-12-11 14:43:13'),
(11, 'Training on e-Learning Session 02', 'e-Learning Development of MUIC', 'Training on e-Learning Development of MUIC On Friday, March 22, 2013', 'upload/news/11/Training on e-Learning Session 02.jpg', '1', '2013-12-11 14:43:51'),
(12, 'Training on e-Learning Session 03', 'e-Learning Development of MUIC', 'Training on e-Learning Development of MUIC On Friday, June 28, 2013', 'upload/news/12/Training on e-Learning Session 03.jpg', '1', '2013-12-11 14:44:01'),
(13, 'Practical Training Workshop', 'Creative Multimedia for an Improving Quality of Academic Work.', 'Instructor Asst. Prof. Jintavee Khlaisang, Ed.D. Assistant Professor, Department of Educational Technology and Communications, Chulalongkorn University. Contents (The workshop is conducted in English.)\r\n1. Multimedia and Academic Works: Research Case Study\r\n2. Benefits of utilizing multimedia: From Idea to Innovative Creation\r\n3. Design and Improvement\r\n4. Rights and Copyrights of Utilizing Multimedia\r\n5. Design and Improvement: From Idea to Practice', 'upload/news/13/Practical Training Workshop.jpg', '1', '2013-12-11 14:44:12');

-- --------------------------------------------------------

--
-- Table structure for table `period`
--

CREATE TABLE IF NOT EXISTS `period` (
`id` int(11) NOT NULL,
  `period_group_id` int(11) NOT NULL,
  `name` varchar(255) NOT NULL,
  `description` text NOT NULL,
  `start_hour` int(11) NOT NULL,
  `start_min` int(11) NOT NULL,
  `end_hour` int(11) NOT NULL,
  `end_min` int(11) NOT NULL,
  `status_code` varchar(255) NOT NULL
) ENGINE=InnoDB  DEFAULT CHARSET=utf8 AUTO_INCREMENT=129 ;

--
-- Dumping data for table `period`
--

INSERT INTO `period` (`id`, `period_group_id`, `name`, `description`, `start_hour`, `start_min`, `end_hour`, `end_min`, `status_code`) VALUES
(1, 1, '08.00 - 09.50', '', 8, 0, 9, 50, 'PERIOD_ACTIVE'),
(2, 1, '10.00 - 11.50', '', 10, 0, 11, 50, 'PERIOD_ACTIVE'),
(3, 1, '12.00 - 13.50', '', 12, 0, 13, 50, 'PERIOD_ACTIVE'),
(4, 1, '14.00 - 15.50', '', 14, 0, 15, 50, 'PERIOD_ACTIVE'),
(5, 1, '16.00 - 17.50', '', 16, 0, 17, 50, 'PERIOD_ACTIVE'),
(6, 1, '18.00 - 19.50', '', 18, 0, 19, 50, 'PERIOD_ACTIVE'),
(101, 2, '08.00 - 08.30', '', 8, 0, 8, 30, 'PERIOD_ACTIVE'),
(102, 2, '08.30 - 09.00', '', 8, 30, 9, 0, 'PERIOD_ACTIVE'),
(103, 2, '09.00 - 09.30', '', 9, 0, 9, 30, 'PERIOD_ACTIVE'),
(104, 2, '09.30 - 10.00', '', 9, 30, 10, 0, 'PERIOD_ACTIVE'),
(105, 2, '10.00 - 10.30', '', 10, 0, 10, 30, 'PERIOD_ACTIVE'),
(106, 2, '10.30 - 11.00', '', 10, 30, 11, 0, 'PERIOD_ACTIVE'),
(107, 2, '11.00 - 11.30', '', 11, 0, 11, 30, 'PERIOD_ACTIVE'),
(108, 2, '11.30 - 12.00', '', 11, 30, 12, 0, 'PERIOD_ACTIVE'),
(109, 2, '12.00 - 12.30', '', 12, 0, 12, 30, 'PERIOD_ACTIVE'),
(110, 2, '12.30 - 13.00', '', 12, 30, 13, 0, 'PERIOD_ACTIVE'),
(111, 2, '13.00 - 13.30', '', 13, 0, 13, 30, 'PERIOD_ACTIVE'),
(112, 2, '13.30 - 14.00', '', 13, 30, 14, 0, 'PERIOD_ACTIVE'),
(113, 2, '14.00 - 14.30', '', 14, 0, 14, 30, 'PERIOD_ACTIVE'),
(114, 2, '14.30 - 15.00', '', 14, 30, 15, 0, 'PERIOD_ACTIVE'),
(115, 2, '15.00 - 15.30', '', 15, 0, 15, 30, 'PERIOD_ACTIVE'),
(116, 2, '15.30 - 16.00', '', 15, 30, 16, 0, 'PERIOD_ACTIVE'),
(117, 2, '16.00 - 16.30', '', 16, 0, 16, 30, 'PERIOD_ACTIVE'),
(118, 2, '16.30 - 17.00', '', 16, 30, 17, 0, 'PERIOD_ACTIVE'),
(119, 2, '17.00 - 17.30', '', 17, 0, 17, 30, 'PERIOD_ACTIVE'),
(120, 2, '17.30 - 18.00', '', 17, 30, 18, 0, 'PERIOD_ACTIVE'),
(121, 2, '18.00 - 18.30', '', 18, 0, 18, 30, 'PERIOD_ACTIVE'),
(122, 2, '18.30 - 19.00', '', 18, 30, 19, 0, 'PERIOD_ACTIVE'),
(123, 2, '19.00 - 19.30', '', 19, 0, 19, 30, 'PERIOD_ACTIVE'),
(124, 2, '19.30 - 20.00', '', 19, 30, 20, 0, 'PERIOD_ACTIVE'),
(125, 2, '20.00 - 20.30', '', 20, 0, 20, 30, 'PERIOD_INACTIVE'),
(126, 2, '20.30 - 21.00', '', 20, 30, 21, 0, 'PERIOD_INACTIVE'),
(127, 2, '21.00 - 21.30', '', 21, 0, 21, 30, 'PERIOD_INACTIVE'),
(128, 2, '21.30 - 22.00', '', 21, 30, 22, 0, 'PERIOD_INACTIVE');

-- --------------------------------------------------------

--
-- Table structure for table `period_group`
--

CREATE TABLE IF NOT EXISTS `period_group` (
`id` int(11) NOT NULL,
  `name` varchar(255) NOT NULL,
  `description` text NOT NULL,
  `status_code` varchar(255) NOT NULL
) ENGINE=InnoDB  DEFAULT CHARSET=utf8 AUTO_INCREMENT=3 ;

--
-- Dumping data for table `period_group`
--

INSERT INTO `period_group` (`id`, `name`, `description`, `status_code`) VALUES
(1, 'Default Period', 'Default period is make each period for 30 minutes. Start from 8.00 - 22.00', 'PERIOD_GROUP_ACTIVE'),
(2, 'Meeting Period', '', 'PERIOD_GROUP_ACTIVE');

-- --------------------------------------------------------

--
-- Table structure for table `permission`
--

CREATE TABLE IF NOT EXISTS `permission` (
  `permission_code` varchar(255) NOT NULL,
  `permission_group_id` int(11) DEFAULT NULL,
  `name` varchar(255) NOT NULL,
  `description` text NOT NULL
) ENGINE=InnoDB DEFAULT CHARSET=utf8;

--
-- Dumping data for table `permission`
--

INSERT INTO `permission` (`permission_code`, `permission_group_id`, `name`, `description`) VALUES
('APPROVE_BORROW', 4, 'Approver', 'Approver'),
('CHECK_STATUS_REQUEST_BOOKING', 3, 'Check Status Booking', ''),
('CHECK_STATUS_REQUEST_BORROW', 4, 'Check Status Borrow', ''),
('CONFIRM_USER', 1, 'Confirm User', ''),
('CREATE_DEPARTMENT', 8, 'Create Department', ''),
('CREATE_EQUIPMENT', 7, 'Create Equipment', ''),
('CREATE_EQUIPMENT_TYPE', 6, 'Create Equipment Type', ''),
('CREATE_GALLERY', 16, 'Create Gallery', ''),
('CREATE_LINK', 17, 'Create Link', ''),
('CREATE_NEWS', 15, 'Create News', ''),
('CREATE_POSITION', 10, 'Create Position', ''),
('CREATE_PRESEN_TYPE', 11, 'Create Present Type', ''),
('CREATE_REQUEST_BOOKING', 3, 'Create Request Booking', ''),
('CREATE_REQUEST_BORROW', 4, 'Create Request Borrow', ''),
('CREATE_REQUEST_SERVICE', 5, 'Create Request Service', ''),
('CREATE_ROLE', 2, 'Create Role', ''),
('CREATE_ROOM', 9, 'Create Room', ''),
('CREATE_SEMESTER', 14, 'Create Semester', ''),
('CREATE_SERVICE_TYPE', 12, 'Create Service Type', ''),
('CREATE_SERVICE_TYPE_ITEM', 13, 'Create Service Type Item', ''),
('CREATE_SOCIAL_MEDIA', 18, 'Create Social Media', ''),
('CREATE_USER', 1, 'Create User', 'Can create user login and user information for user.'),
('DELETE_DEPARTMENT', 8, 'Delete Department', ''),
('DELETE_EQUIPMENT', 7, 'Delete Equipment', ''),
('DELETE_EQUIPMENT_TYPE', 6, 'Delete Equipment Type', ''),
('DELETE_GALLERY', 16, 'Delete Gallery', ''),
('DELETE_LINK', 17, 'Delete Link', ''),
('DELETE_NEWS', 15, 'Delete News', ''),
('DELETE_POSITION', 10, 'Delete Position', ''),
('DELETE_PRESENT_TYPE', 11, 'Delete Present Type', ''),
('DELETE_REQUEST_BOOKING', 3, 'Delete Request Booking', ''),
('DELETE_REQUEST_BORROW', 4, 'Delete Request Borrow', ''),
('DELETE_REQUEST_SERVICE', 5, 'Delete Request Service', ''),
('DELETE_ROLE', 2, 'Delete Role', ''),
('DELETE_ROOM', 9, 'Delete Room', ''),
('DELETE_SEMESTER', 14, 'Delete Semester', ''),
('DELETE_SERVICE_TYPE', 12, 'Delete Service Type', ''),
('DELETE_SERVICE_TYPE_ITEM', 13, 'Delete Service Type Item', ''),
('DELETE_SOCIAL_MEDIA', 18, 'Delete Social Media', ''),
('DELETE_USER', 1, 'Delete User', ''),
('EDIT_REQUEST_BOOKING', 3, 'Edit', ''),
('FULL_ADMIN', NULL, 'Full Admin', '"Full Admin" can access all module.'),
('UPDATE_DEPARTMENT', 8, 'Update Department', ''),
('UPDATE_EQUIPMENT', 7, 'Update Equipment', ''),
('UPDATE_EQUIPMENT_TYPE', 6, 'Update Equipment Type', ''),
('UPDATE_GALLERY', 16, 'Update Gallery', ''),
('UPDATE_LINK', 17, 'Update Link', ''),
('UPDATE_NEWS', 15, 'Update News', ''),
('UPDATE_POSITION', 10, 'Update Position', ''),
('UPDATE_PRESENT_TYPE', 11, 'Update Present Type', ''),
('UPDATE_REQUEST_BORROW', 4, 'Update Request Borrow', ''),
('UPDATE_REQUEST_SERVICE', 5, 'Update Request Service', ''),
('UPDATE_ROLE', 2, 'Update Role', ''),
('UPDATE_ROOM', 9, 'Update Room', ''),
('UPDATE_SEMESTER', 14, 'Update Semester', ''),
('UPDATE_SERVICE_TYPE', 12, 'Update Service Type', ''),
('UPDATE_SERVICE_TYPE)ITEM', 13, 'Update Service Type Item', ''),
('UPDATE_SOCIAL_MEDIA', 18, 'Update Social Media', ''),
('UPDATE_USER', 1, 'Update User', ''),
('VIEW_ALL_REQUEST_BOOKING', 3, 'View All Request Booking', ''),
('VIEW_ALL_REQUEST_BORROW', 4, 'View All Request Borrow', ''),
('VIEW_ALL_REQUEST_SERVICE', 5, 'View All Request Service', ''),
('VIEW_DEPARTMENT', 8, 'View Department', ''),
('VIEW_EQUIPMENT', 7, 'View Equipment', ''),
('VIEW_EQUIPMENT_TYPE', 6, 'View Equipment Type', ''),
('VIEW_GALLERY', 16, 'View Gallery', ''),
('VIEW_LINK', 17, 'View Link', ''),
('VIEW_NEWS', 15, 'View News', ''),
('VIEW_POSITION', 10, 'View Position', ''),
('VIEW_PRESENT_TYPE', 11, 'View Present Type', ''),
('VIEW_REQUEST_BOOKING', 3, 'View Request Booking', ''),
('VIEW_REQUEST_BORROW', 4, 'View Request Borrow', ''),
('VIEW_REQUEST_SERVICE', 5, 'View Request Service', ''),
('VIEW_ROLE', 2, 'View Role', ''),
('VIEW_ROOM', 9, 'View Room', ''),
('VIEW_SEMESTER', 14, 'View Semester', ''),
('VIEW_SERVICE_TYPE', 12, 'View Service Type', ''),
('VIEW_SERVICE_TYPE_ITEM', 13, 'View Service Type Item', ''),
('VIEW_SOCIAL_MEDIA', 18, 'View Social Media', ''),
('VIEW_USER', 1, 'View User', 'View user information');

-- --------------------------------------------------------

--
-- Table structure for table `permission_group`
--

CREATE TABLE IF NOT EXISTS `permission_group` (
`id` int(11) NOT NULL,
  `name` varchar(255) NOT NULL,
  `description` text NOT NULL
) ENGINE=InnoDB  DEFAULT CHARSET=utf8 AUTO_INCREMENT=19 ;

--
-- Dumping data for table `permission_group`
--

INSERT INTO `permission_group` (`id`, `name`, `description`) VALUES
(1, 'User', ''),
(2, 'Role', ''),
(3, 'Request Booking', ''),
(4, 'Request Borrow', ''),
(5, 'Request Service', ''),
(6, 'Equipment Type', ''),
(7, 'Equipment', ''),
(8, 'Department', ''),
(9, 'Room', ''),
(10, 'Position', ''),
(11, 'Present Type', ''),
(12, 'Service Type', ''),
(13, 'Service Type Item', ''),
(14, 'Semester', ''),
(15, 'ED Tech News', ''),
(16, 'Gallery', ''),
(17, 'Link', ''),
(18, 'Social Media', '');

-- --------------------------------------------------------

--
-- Table structure for table `position`
--

CREATE TABLE IF NOT EXISTS `position` (
`id` int(11) NOT NULL,
  `position_code` varchar(255) NOT NULL,
  `name` varchar(255) NOT NULL,
  `description` text NOT NULL
) ENGINE=InnoDB  DEFAULT CHARSET=utf8 AUTO_INCREMENT=3 ;

-- --------------------------------------------------------

--
-- Table structure for table `present_type`
--

CREATE TABLE IF NOT EXISTS `present_type` (
`id` int(11) NOT NULL,
  `name` varchar(255) NOT NULL,
  `description` text NOT NULL
) ENGINE=InnoDB  DEFAULT CHARSET=utf8 AUTO_INCREMENT=6 ;

--
-- Dumping data for table `present_type`
--

INSERT INTO `present_type` (`id`, `name`, `description`) VALUES
(1, 'Powerpoint presentation', ''),
(2, 'VDO presentation', ''),
(3, 'MUIC presentation', ''),
(4, 'Paper or Written on paper', ''),
(5, 'Other', 'Other');

-- --------------------------------------------------------

--
-- Table structure for table `request_booking`
--

CREATE TABLE IF NOT EXISTS `request_booking` (
`id` int(11) NOT NULL,
  `user_login_id` int(11) NOT NULL,
  `request_booking_type_id` int(11) NOT NULL,
  `room_id` int(11) NOT NULL,
  `semester_id` int(11) DEFAULT NULL,
  `request_date` date DEFAULT NULL,
  `request_day_in_week` int(11) DEFAULT NULL,
  `period_start` int(11) NOT NULL,
  `period_end` int(11) NOT NULL,
  `description` text NOT NULL,
  `status_code` varchar(255) NOT NULL,
  `create_date` datetime NOT NULL,
  `course_name` varchar(255) NOT NULL,
  `request_sky_id` int(11) NOT NULL,
  `request_sky_noti_id` int(11) NOT NULL
) ENGINE=InnoDB  DEFAULT CHARSET=utf8 AUTO_INCREMENT=1113 ;

--
-- Dumping data for table `request_booking`
--

INSERT INTO `request_booking` (`id`, `user_login_id`, `request_booking_type_id`, `room_id`, `semester_id`, `request_date`, `request_day_in_week`, `period_start`, `period_end`, `description`, `status_code`, `create_date`, `course_name`, `request_sky_id`, `request_sky_noti_id`) VALUES
(84, 198, 1, 1302, NULL, '2014-09-08', NULL, 1, 1, '', 'REQUEST_APPROVE', '2014-09-07 14:12:59', 'TEST01', 0, 0),
(85, 198, 2, 1407, 7, NULL, 5, 1, 1, '', 'REQUEST_APPROVE', '2014-09-07 14:15:32', 'TEST02_SEM', 0, 0),
(88, 1, 2, 1308, 7, NULL, 2, 1, 1, '', 'REQUEST_APPROVE', '2014-09-20 09:37:18', '001', 0, 0),
(89, 1, 1, 1314, NULL, '2014-09-23', NULL, 1, 4, '', 'REQUEST_APPROVE', '2014-09-20 09:40:09', '001', 0, 0),
(90, 185, 1, 1314, NULL, '2014-09-24', NULL, 5, 5, '', 'REQUEST_APPROVE', '2014-09-24 13:47:34', 'ce111', 0, 0),
(91, 185, 1, 1406, NULL, '2014-09-24', NULL, 5, 5, '', 'REQUEST_APPROVE', '2014-09-24 13:48:29', 'ce333', 0, 0),
(92, 158, 1, 1303, NULL, '2014-11-27', NULL, 5, 5, '', 'REQUEST_APPROVE', '2014-09-24 13:49:32', 'ce33', 0, 0),
(93, 158, 2, 1405, 7, NULL, 5, 1, 3, '', 'REQUEST_APPROVE', '2014-09-24 13:50:21', 'c5', 0, 0),
(94, 1, 2, 1306, 7, NULL, 2, 1, 2, '', 'REQUEST_APPROVE', '2014-09-28 11:42:26', '001', 0, 0),
(96, 1, 2, 1306, 7, NULL, 4, 3, 4, '', 'REQUEST_APPROVE', '2014-11-03 08:13:52', '1123', 0, 0),
(98, 1, 1, 2307, NULL, '2014-07-15', NULL, 1, 1, '1745, BBA', 'REQUEST_APPROVE', '2014-06-24 10:00:26', '1745, BBA', 233, 9),
(99, 1, 1, 2307, NULL, '2014-07-19', NULL, 1, 1, '1745, BBA', 'REQUEST_APPROVE', '2014-06-24 10:08:25', '1745, BBA', 237, 9),
(100, 1, 1, 2307, NULL, '2014-07-14', NULL, 1, 1, '1745, BBA', 'REQUEST_APPROVE', '2014-06-24 10:10:45', '1745, BBA', 238, 9),
(101, 1, 1, 3306, NULL, '2014-07-17', NULL, 1, 2, 'Tel: 0899181232', 'REQUEST_APPROVE', '2014-07-16 10:31:21', 'Tel: 0899181232', 647, 9),
(102, 1, 1, 1417, NULL, '2014-07-28', NULL, 1, 1, '1745, BBA', 'REQUEST_APPROVE', '2014-06-24 10:04:43', '1745, BBA', 235, 9),
(103, 1, 1, 1417, NULL, '2014-07-29', NULL, 1, 1, '1745, BBA', 'REQUEST_APPROVE', '2014-06-24 10:06:00', '1745, BBA', 236, 9),
(104, 1, 1, 2307, NULL, '2014-07-23', NULL, 1, 1, '1745, BBA', 'REQUEST_APPROVE', '2014-06-25 06:55:35', '1745, BBA', 255, 9),
(105, 1, 1, 3302, NULL, '2014-07-15', NULL, 1, 1, '1745, BBA', 'REQUEST_APPROVE', '2014-06-27 01:58:22', '1745, BBA', 286, 9),
(106, 1, 1, 1404, NULL, '2014-07-07', NULL, 2, 3, '', 'REQUEST_APPROVE', '2014-07-06 06:49:17', '', 435, 9),
(107, 1, 1, 3414, NULL, '2014-07-30', NULL, 1, 1, 'งานพัสดุ 1306', 'REQUEST_APPROVE', '2014-07-28 08:44:15', 'งานพัสดุ 1306', 745, 9),
(108, 1, 1, 1318, NULL, '2014-07-09', NULL, 1, 3, 'I must use this room for our important final presentation. ', 'REQUEST_APPROVE', '2014-06-02 12:07:04', 'I must use this room for our important final presentation. ', 19, 9),
(109, 1, 1, 3410, NULL, '2014-07-18', NULL, 1, 1, 'Division: BBA\nTel: (66) 2-441-5090 ext. 1419\nE-mail: alessandro.sta@mahidol.ac.th\nRoom Requirements: Any room with projector and microphone', 'REQUEST_APPROVE', '2014-06-20 09:42:41', 'Division: BBA\nTel: (66) 2-441-5090 ext. 1419\nE-mail: alessandro.sta@mahidol.ac.th\nRoom Requirements: Any room with projector and microphone', 202, 9),
(110, 1, 1, -1, NULL, '2014-07-18', NULL, 1, 2, '', 'REQUEST_APPROVE', '2014-06-20 03:28:40', '', 195, 9),
(111, 1, 1, 1307, NULL, '2014-07-09', NULL, 1, 3, '', 'REQUEST_APPROVE', '2014-06-23 11:49:25', '', 219, 9),
(112, 1, 1, 2308, NULL, '2014-07-15', NULL, 1, 1, '1745, BBA', 'REQUEST_APPROVE', '2014-06-24 10:02:27', '1745, BBA', 234, 9),
(113, 1, 1, -1, NULL, '2014-07-29', NULL, 1, 2, '', 'REQUEST_APPROVE', '2014-06-12 08:49:22', '', 99, 9),
(114, 1, 1, 3414, NULL, '2014-07-28', NULL, 1, 1, '1305 \nงานพัสดุ \nห้อง 1207', 'REQUEST_APPROVE', '2014-07-16 09:39:27', '1305 \nงานพัสดุ \nห้อง 1207', 645, 9),
(115, 1, 1, 2207, NULL, '2014-07-22', NULL, 1, 1, '', 'REQUEST_APPROVE', '2014-07-16 06:03:06', '', 589, 9),
(116, 1, 1, -1, NULL, '2014-07-28', NULL, 1, 2, '', 'REQUEST_APPROVE', '2014-06-12 08:46:19', '', 98, 9),
(117, 1, 1, -1, NULL, '2014-07-18', NULL, 1, 2, 'IT ', 'REQUEST_APPROVE', '2014-07-18 01:13:42', 'IT ', 681, 9),
(118, 1, 1, 3421, NULL, '2014-07-17', NULL, 1, 1, '', 'REQUEST_APPROVE', '2014-07-16 16:57:22', '', 648, 9),
(119, 1, 1, 3412, NULL, '2014-07-08', NULL, 1, 1, '1511/ THM/ 3412', 'REQUEST_APPROVE', '2014-06-26 03:31:21', '1511/ THM/ 3412', 274, 9),
(120, 1, 1, 3414, NULL, '2014-07-22', NULL, 1, 1, 'Tel: Ext.1116\nDivision: PR\nRoom Requirement: -', 'REQUEST_APPROVE', '2014-07-16 02:56:37', 'Tel: Ext.1116\nDivision: PR\nRoom Requirement: -', 551, 9),
(121, 1, 1, 3316, NULL, '2014-07-17', NULL, 1, 3, '', 'REQUEST_APPROVE', '2014-07-02 12:20:17', '', 359, 9),
(122, 1, 1, 3304, NULL, '2014-07-17', NULL, 1, 2, 'prepare for exam', 'REQUEST_APPROVE', '2014-07-14 09:01:33', 'prepare for exam', 478, 9),
(123, 1, 1, 3415, NULL, '2014-07-23', NULL, 1, 2, 'นักศึกษา ป.โท defense 23 ก.ค.57 เวลา 9.00 -18.00 น. ขอห้องให้ (3515)', 'REQUEST_APPROVE', '2014-07-18 01:08:28', 'นักศึกษา ป.โท defense 23 ก.ค.57 เวลา 9.00 -18.00 น. ขอห้องให้ (3515)', 680, 9),
(124, 1, 1, 3410, NULL, '2014-07-07', NULL, 1, 3, 'Tel: 0818252922\nDivision: Computer Science \nRoom Requirements: Any lecture room ', 'REQUEST_APPROVE', '2014-07-03 06:41:44', 'Tel: 0818252922\nDivision: Computer Science \nRoom Requirements: Any lecture room ', 395, 9),
(125, 1, 1, -1, NULL, '2014-07-07', NULL, 1, 2, 'Tel: 0827866709\nDivision:  \nRoom Requirements: Any room', 'REQUEST_APPROVE', '2014-07-03 12:02:19', 'Tel: 0827866709\nDivision:  \nRoom Requirements: Any room', 408, 9),
(126, 1, 1, 3420, NULL, '2014-07-24', NULL, 1, 1, 'Accord Visit (พลังงาน)  วันที่ 24 ก.ค.57 เวลา 14.00-16.00 น. (ขอใช้ห้องประชุม 2207)', 'REQUEST_APPROVE', '2014-07-18 01:13:50', 'Accord Visit (พลังงาน)  วันที่ 24 ก.ค.57 เวลา 14.00-16.00 น. (ขอใช้ห้องประชุม 2207)', 682, 9),
(127, 1, 1, 2207, NULL, '2014-07-30', NULL, 1, 1, 'ขอใช้ห้อง 2207ค่ะ', 'REQUEST_APPROVE', '2014-07-22 03:25:14', 'ขอใช้ห้อง 2207ค่ะ', 705, 9),
(128, 1, 1, 2207, NULL, '2014-07-30', NULL, 1, 1, 'Tel : 1761\nDivision : THM \nReserved by : Teerawan Nuntakij\nRoom Requirements : meeting room', 'REQUEST_APPROVE', '2014-07-25 03:25:08', 'Tel : 1761\nDivision : THM \nReserved by : Teerawan Nuntakij\nRoom Requirements : meeting room', 724, 9),
(129, 1, 1, 3414, NULL, '2014-07-23', NULL, 1, 1, 'BBA, 1745, Meeting room', 'REQUEST_APPROVE', '2014-07-17 06:09:22', 'BBA, 1745, Meeting room', 654, 9),
(130, 1, 1, 1418, NULL, '2014-07-07', NULL, 1, 1, '', 'REQUEST_APPROVE', '2014-07-04 10:10:11', '', 425, 9),
(131, 1, 1, 2302, NULL, '2014-07-07', NULL, 1, 1, 'room with mirrror', 'REQUEST_APPROVE', '2014-07-04 10:05:39', 'room with mirrror', 423, 9),
(132, 1, 1, 2302, NULL, '2014-07-07', NULL, 1, 3, 'any room with mirror', 'REQUEST_APPROVE', '2014-07-04 10:07:58', 'any room with mirror', 424, 9),
(133, 1, 1, 1314, NULL, '2014-07-07', NULL, 1, 2, 'Tel: 0867565252\nDivision: THM\nRoom Requirements: Computer', 'REQUEST_APPROVE', '2014-07-04 13:32:35', 'Tel: 0867565252\nDivision: THM\nRoom Requirements: Computer', 428, 9),
(134, 1, 1, 1302, NULL, '2014-07-07', NULL, 1, 1, 'Tel: 090-994-4285', 'REQUEST_APPROVE', '2014-07-05 09:33:46', 'Tel: 090-994-4285', 433, 9),
(135, 1, 1, 1406, NULL, '2014-07-07', NULL, 1, 3, 'tel; 0805918753\ndivisin;thm\nrequirements''ayrooms with omputer', 'REQUEST_APPROVE', '2014-07-07 07:36:32', 'tel; 0805918753\ndivisin;thm\nrequirements''ayrooms with omputer', 441, 9),
(136, 1, 1, 1302, NULL, '2014-07-07', NULL, 1, 1, 'Tel: 090-994-4285', 'REQUEST_APPROVE', '2014-07-05 09:29:14', 'Tel: 090-994-4285', 432, 9),
(137, 1, 1, 3415, NULL, '2014-07-07', NULL, 1, 1, 'Room requirements: using computer ', 'REQUEST_APPROVE', '2014-07-05 05:16:29', 'Room requirements: using computer ', 430, 9),
(138, 1, 1, 3408, NULL, '2014-07-07', NULL, 1, 3, 'Tel:0817200446\nRoom Requirement : Any rooms at IC building', 'REQUEST_APPROVE', '2014-07-07 05:33:29', 'Tel:0817200446\nRoom Requirement : Any rooms at IC building', 439, 9),
(139, 1, 1, 3306, NULL, '2014-07-07', NULL, 1, 2, '1118: BBA', 'REQUEST_APPROVE', '2014-07-07 03:07:20', '1118: BBA', 437, 9),
(140, 1, 1, 3411, NULL, '2014-07-07', NULL, 2, 3, '', 'REQUEST_APPROVE', '2014-07-07 05:19:51', '', 438, 9),
(141, 1, 1, 3412, NULL, '2014-07-07', NULL, 1, 2, '1745, BBA', 'REQUEST_APPROVE', '2014-07-07 07:12:28', '1745, BBA', 440, 9),
(142, 1, 1, 3411, NULL, '2014-07-09', NULL, 1, 1, '', 'REQUEST_APPROVE', '2014-07-08 10:40:25', '', 450, 9),
(143, 1, 1, 1304, NULL, '2014-07-09', NULL, 2, 3, 'Tel: 0867565252\nDivision: THM\nRoom Requirements: Compute lap', 'REQUEST_APPROVE', '2014-07-07 10:23:13', 'Tel: 0867565252\nDivision: THM\nRoom Requirements: Compute lap', 443, 9),
(144, 1, 1, 2302, NULL, '2014-07-09', NULL, 1, 2, 'Contact งานคุมสอบ', 'REQUEST_APPROVE', '2014-07-08 01:04:07', 'Contact งานคุมสอบ', 445, 9),
(145, 1, 1, 1312, NULL, '2014-07-27', NULL, 1, 1, 'Admissions\nTel: 1245\nUse for MUIC Entrance Examination ', 'REQUEST_APPROVE', '2014-07-08 07:58:03', 'Admissions\nTel: 1245\nUse for MUIC Entrance Examination ', 448, 9),
(146, 1, 1, 3412, NULL, '2014-07-09', NULL, 1, 1, 'Tel: 0909944285', 'REQUEST_APPROVE', '2014-07-08 12:54:54', 'Tel: 0909944285', 452, 9),
(147, 1, 1, 3315, NULL, '2014-07-09', NULL, 1, 3, 'Tel: 0909944285', 'REQUEST_APPROVE', '2014-07-08 12:56:18', 'Tel: 0909944285', 455, 9),
(148, 1, 1, 3304, NULL, '2014-07-09', NULL, 1, 1, 'Tel: 0909944285', 'REQUEST_APPROVE', '2014-07-08 12:55:20', 'Tel: 0909944285', 453, 9),
(149, 1, 1, 3304, NULL, '2014-07-09', NULL, 1, 1, 'Tel: 0909944285', 'REQUEST_APPROVE', '2014-07-08 12:55:48', 'Tel: 0909944285', 454, 9),
(150, 1, 1, 3304, NULL, '2014-07-09', NULL, 1, 1, '', 'REQUEST_APPROVE', '2014-07-08 10:38:46', '', 449, 9),
(151, 1, 1, 1418, NULL, '2014-07-26', NULL, 1, 2, 'Admissions\nTel: 1245\nUse for the MUIC Entrance Examination (ขอห้อง 1418-1419 ค่ะ)', 'REQUEST_APPROVE', '2014-07-08 07:54:47', 'Admissions\nTel: 1245\nUse for the MUIC Entrance Examination (ขอห้อง 1418-1419 ค่ะ)', 447, 9),
(152, 1, 1, 3410, NULL, '2014-07-15', NULL, 1, 1, 'BBA:1118', 'REQUEST_APPROVE', '2014-07-09 01:10:42', 'BBA:1118', 457, 9),
(153, 1, 1, -1, NULL, '2014-07-17', NULL, 1, 1, 'Faculty support services unit\nMrs. Sopa ext. 1125', 'REQUEST_APPROVE', '2014-07-09 03:09:18', 'Faculty support services unit\nMrs. Sopa ext. 1125', 459, 9),
(154, 1, 1, -1, NULL, '2014-07-18', NULL, 1, 1, 'Faculty Support Services Unit\nMrs. Sopa Ext. 1125', 'REQUEST_APPROVE', '2014-07-09 03:24:03', 'Faculty Support Services Unit\nMrs. Sopa Ext. 1125', 460, 9),
(155, 1, 1, 3407, NULL, '2014-07-09', NULL, 2, 3, 'tel; 0805918753\ndivision; thm\nroom requirements; an cmpter lab', 'REQUEST_APPROVE', '2014-07-09 04:37:23', 'tel; 0805918753\ndivision; thm\nroom requirements; an cmpter lab', 461, 9),
(156, 1, 1, -1, NULL, '2014-07-16', NULL, 2, 3, 'Faculty Support Services Units\nMrs. Sopa ext 1125', 'REQUEST_APPROVE', '2014-07-10 06:30:45', 'Faculty Support Services Units\nMrs. Sopa ext 1125', 462, 9),
(157, 1, 1, -1, NULL, '2014-07-17', NULL, 2, 3, 'Faculty Support Services Units\nMrs. Sopa ext 1125', 'REQUEST_APPROVE', '2014-07-10 06:32:16', 'Faculty Support Services Units\nMrs. Sopa ext 1125', 463, 9),
(158, 1, 1, 3412, NULL, '2014-07-15', NULL, 1, 2, 'prepare exam', 'REQUEST_APPROVE', '2014-07-14 08:14:50', 'prepare exam', 475, 9),
(159, 1, 1, 1307, NULL, '2014-07-16', NULL, 1, 2, 'prepare for exam', 'REQUEST_APPROVE', '2014-07-14 08:16:30', 'prepare for exam', 476, 9),
(160, 1, 1, 3410, NULL, '2014-07-17', NULL, 1, 2, 'prepare for exam', 'REQUEST_APPROVE', '2014-07-14 08:18:04', 'prepare for exam', 477, 9),
(161, 1, 1, 3317, NULL, '2014-07-12', NULL, 1, 1, '', 'REQUEST_APPROVE', '2014-07-11 07:06:49', '', 467, 9),
(162, 1, 1, 3412, NULL, '2014-07-12', NULL, 1, 1, 'Room Requirements: Projector', 'REQUEST_APPROVE', '2014-07-11 11:18:52', 'Room Requirements: Projector', 468, 9),
(163, 1, 1, 3407, NULL, '2014-07-12', NULL, 2, 2, 'tel;0805918753\ndivision; thm\nroom  requirements; any room with  computer', 'REQUEST_APPROVE', '2014-07-12 06:16:16', 'tel;0805918753\ndivision; thm\nroom  requirements; any room with  computer', 470, 9),
(164, 1, 1, -1, NULL, '2014-07-16', NULL, 1, 1, 'Mrs. Sopa\nFaculty Support Units\next. 1125', 'REQUEST_APPROVE', '2014-07-12 06:31:53', 'Mrs. Sopa\nFaculty Support Units\next. 1125', 471, 9),
(165, 1, 1, 3410, NULL, '2014-07-14', NULL, 1, 3, '', 'REQUEST_APPROVE', '2014-07-13 05:48:20', '', 472, 9),
(166, 1, 1, 3407, NULL, '2014-07-14', NULL, 1, 2, 'tel;0805918753\ndivisioon;scieence\nroom  quirement; anny computer lab', 'REQUEST_APPROVE', '2014-07-14 06:16:10', 'tel;0805918753\ndivisioon;scieence\nroom  quirement; anny computer lab', 474, 9),
(167, 1, 1, 3306, NULL, '2014-07-15', NULL, 1, 1, '', 'REQUEST_APPROVE', '2014-07-14 09:39:27', '', 479, 9),
(168, 1, 1, 3410, NULL, '2014-07-15', NULL, 1, 1, '', 'REQUEST_APPROVE', '2014-07-14 09:40:14', '', 480, 9),
(169, 1, 1, 3317, NULL, '2014-07-16', NULL, 1, 1, '', 'REQUEST_APPROVE', '2014-07-15 02:59:35', '', 484, 9),
(170, 1, 1, 3302, NULL, '2014-07-16', NULL, 1, 1, '', 'REQUEST_APPROVE', '2014-07-15 03:00:12', '', 485, 9),
(171, 1, 1, 3410, NULL, '2014-07-16', NULL, 1, 2, '', 'REQUEST_APPROVE', '2014-07-15 03:01:25', '', 487, 9),
(172, 1, 1, 3302, NULL, '2014-07-16', NULL, 1, 1, '', 'REQUEST_APPROVE', '2014-07-15 03:00:47', '', 486, 9),
(173, 1, 1, 3306, NULL, '2014-07-15', NULL, 1, 1, 'BBA, 1745', 'REQUEST_APPROVE', '2014-07-15 03:01:49', 'BBA, 1745', 488, 9),
(174, 1, 1, 3305, NULL, '2014-07-16', NULL, 6, 1, 'tel:08144444311', 'REQUEST_APPROVE', '2014-07-15 18:26:47', 'tel:08144444311', 503, 9),
(175, 1, 1, 2207, NULL, '2014-07-16', NULL, 1, 2, 'MATV system meeting', 'REQUEST_APPROVE', '2014-07-15 06:45:49', 'MATV system meeting', 491, 9),
(176, 1, 1, 2207, NULL, '2014-07-23', NULL, 1, 1, '1118:BBA', 'REQUEST_APPROVE', '2014-07-15 06:49:35', '1118:BBA', 492, 9),
(177, 1, 1, 3305, NULL, '2014-07-16', NULL, 1, 1, 'Tel: 0814444311', 'REQUEST_APPROVE', '2014-07-15 18:30:58', 'Tel: 0814444311', 505, 9),
(178, 1, 1, 3305, NULL, '2014-07-16', NULL, 1, 1, 'Tel:0814444311', 'REQUEST_APPROVE', '2014-07-15 06:53:44', 'Tel:0814444311', 493, 9),
(179, 1, 1, 3415, NULL, '2014-07-15', NULL, 1, 1, '', 'REQUEST_APPROVE', '2014-07-15 06:56:53', '', 494, 9),
(180, 1, 1, 2207, NULL, '2014-07-16', NULL, 1, 1, '', 'REQUEST_APPROVE', '2014-07-15 07:41:55', '', 496, 9),
(181, 1, 1, 3407, NULL, '2014-07-15', NULL, 1, 2, 'te;0805918753\ndivisioon;science\nroom requireents; any opter lab', 'REQUEST_APPROVE', '2014-07-15 07:34:34', 'te;0805918753\ndivisioon;science\nroom requireents; any opter lab', 495, 9),
(182, 1, 1, 2207, NULL, '2014-07-28', NULL, 1, 1, 'Science Division\nRoom Requirement: any meeting room', 'REQUEST_APPROVE', '2014-07-15 09:53:41', 'Science Division\nRoom Requirement: any meeting room', 498, 9),
(183, 1, 1, 3414, NULL, '2014-07-16', NULL, 1, 1, '1306 งานพัสดุ', 'REQUEST_APPROVE', '2014-07-15 08:35:01', '1306 งานพัสดุ', 497, 9),
(184, 1, 1, 3414, NULL, '2014-07-24', NULL, 1, 1, 'Tel: Ext.1116\nDivision: PR\nRoom Requirement: -', 'REQUEST_APPROVE', '2014-07-17 01:45:56', 'Tel: Ext.1116\nDivision: PR\nRoom Requirement: -', 649, 9),
(185, 1, 1, 3411, NULL, '2014-07-16', NULL, 1, 1, '', 'REQUEST_APPROVE', '2014-07-15 15:35:20', '', 500, 9),
(186, 1, 1, 3305, NULL, '2014-07-15', NULL, 6, 1, 'tel: 0814444311', 'REQUEST_APPROVE', '2014-07-15 18:21:30', 'tel: 0814444311', 501, 9),
(187, 1, 1, 3305, NULL, '2014-07-15', NULL, 1, 1, 'tel:0814444311', 'REQUEST_APPROVE', '2014-07-15 18:23:35', 'tel:0814444311', 502, 9),
(188, 1, 1, 1214, NULL, '2014-07-21', NULL, 1, 1, 'Tel. 1201\nOffice of the Dean\nRoom : 1214 Dean meeting room', 'REQUEST_APPROVE', '2014-07-15 10:15:36', 'Tel. 1201\nOffice of the Dean\nRoom : 1214 Dean meeting room', 499, 9),
(189, 1, 1, 3305, NULL, '2014-07-16', NULL, 1, 1, 'tel:0814444311', 'REQUEST_APPROVE', '2014-07-15 18:28:19', 'tel:0814444311', 504, 9),
(190, 1, 1, 3414, NULL, '2014-07-19', NULL, 1, 1, 'Science Division\nRoom Requirement: Any meeting room', 'REQUEST_APPROVE', '2014-07-17 05:24:32', 'Science Division\nRoom Requirement: Any meeting room', 653, 9),
(191, 1, 1, 1214, NULL, '2014-07-18', NULL, 1, 1, '', 'REQUEST_APPROVE', '2014-07-16 01:35:55', '', 512, 9),
(192, 1, 1, 1214, NULL, '2014-07-18', NULL, 1, 1, 'มีการจัดเลี้ยงอาหารด้วยค่ะ ', 'REQUEST_APPROVE', '2014-07-18 02:20:52', 'มีการจัดเลี้ยงอาหารด้วยค่ะ ', 683, 9),
(193, 1, 1, 3303, NULL, '2014-07-18', NULL, 1, 2, 'Any room on the 3rd floor', 'REQUEST_APPROVE', '2014-07-17 01:55:09', 'Any room on the 3rd floor', 650, 9),
(194, 1, 1, 1210, NULL, '2014-07-24', NULL, 1, 1, '', 'REQUEST_APPROVE', '2014-07-18 02:49:35', '', 684, 9),
(195, 1, 1, 1214, NULL, '2014-07-23', NULL, 1, 1, '02-800-3574\nDivision : HLD\nRoom : 1214', 'REQUEST_APPROVE', '2014-07-22 03:31:39', '02-800-3574\nDivision : HLD\nRoom : 1214', 706, 9),
(196, 1, 1, 3315, NULL, '2014-07-25', NULL, 1, 1, 'การอบรมการใช้งานชุดทดสอบประสิทธิภาพการเรียนการสอน (Clicker)\nโดยวิทยากร คือ คุณสรวีร์ วรกุลพิทักษ์ ตัวแทนจาก บริษัท อินเตอร์เอ็ดดูเคชั่น ซัพพลายส์ จำกัด \nในวันศุกร์ที่ 25 กรกฎาคม พ.ศ. 2557 เวลา 10:00-11:00 น.  ห้อง 3415', 'REQUEST_APPROVE', '2014-07-22 10:35:22', 'การอบรมการใช้งานชุดทดสอบประสิทธิภาพการเรียนการสอน (Clicker)\nโดยวิทยากร คือ คุณสรวีร์ วรกุลพิทักษ์ ตัวแทนจาก บริษัท อินเตอร์เอ็ดดูเคชั่น ซัพพลายส์ จำกัด \nในวันศุกร์ที่ 25 กรกฎาคม พ.ศ. 2557 เวลา 10:00-11:00 น.  ห้อง 3415', 711, 9),
(197, 1, 1, 3306, NULL, '2014-07-18', NULL, 1, 1, 'Tel: 0899181232', 'REQUEST_APPROVE', '2014-07-17 07:49:35', 'Tel: 0899181232', 655, 9),
(198, 1, 1, 2207, NULL, '2014-07-29', NULL, 1, 1, '', 'REQUEST_APPROVE', '2014-07-16 02:08:17', '', 528, 9),
(199, 1, 1, 3407, NULL, '2014-07-18', NULL, 1, 2, 'tel;0805918753\ndivision;thm\nroom requirement;any computer lab', 'REQUEST_APPROVE', '2014-07-18 06:38:12', 'tel;0805918753\ndivision;thm\nroom requirement;any computer lab', 685, 9),
(200, 1, 1, 3414, NULL, '2014-07-22', NULL, 1, 1, 'Tel.3555\nIT\nRoom 3414', 'REQUEST_APPROVE', '2014-07-22 07:02:07', 'Tel.3555\nIT\nRoom 3414', 709, 9),
(201, 1, 1, 1210, NULL, '2014-07-25', NULL, 1, 2, 'งานบริหารกลาง\nขอความอนุเคราะห์จัดให้สำหรับให้มีการเสนอชื่อ เบื้องต้นได้พูดคุยกับคุณสิทธาแล้ว ขอบคุณมากค่ะ\n', 'REQUEST_APPROVE', '2014-07-22 05:45:47', 'งานบริหารกลาง\nขอความอนุเคราะห์จัดให้สำหรับให้มีการเสนอชื่อ เบื้องต้นได้พูดคุยกับคุณสิทธาแล้ว ขอบคุณมากค่ะ\n', 708, 9),
(202, 1, 1, 1314, NULL, '2014-07-25', NULL, 6, 1, '', 'REQUEST_APPROVE', '2014-07-25 13:28:22', '', 728, 9),
(203, 1, 1, 1214, NULL, '2014-07-28', NULL, 1, 1, 'Ext. 1708-9\nDivision: IA\nRoom Requirements: Meeting room: 1214', 'REQUEST_APPROVE', '2014-07-18 06:39:25', 'Ext. 1708-9\nDivision: IA\nRoom Requirements: Meeting room: 1214', 686, 9),
(204, 1, 1, 3414, NULL, '2014-07-28', NULL, 1, 1, 'ประชุมงานเทคโนโลยีการศึกษา \nในวันจันทร์ที่ 28 กรกฏาคม พ.ศ. 2557\nห้องประชุม 3414 เวลา 09:00 - 10:00 น. \n\n', 'REQUEST_APPROVE', '2014-07-22 07:59:24', 'ประชุมงานเทคโนโลยีการศึกษา \nในวันจันทร์ที่ 28 กรกฏาคม พ.ศ. 2557\nห้องประชุม 3414 เวลา 09:00 - 10:00 น. \n\n', 710, 9),
(205, 1, 1, 2207, NULL, '2014-07-29', NULL, 1, 1, '', 'REQUEST_APPROVE', '2014-07-16 02:06:51', '', 527, 9),
(206, 1, 1, 2302, NULL, '2014-07-28', NULL, 1, 1, 'Tel: 085-8288832\nRoom Requirement : Mirror\n                                    ขอห้องกระจกค่าาาา', 'REQUEST_APPROVE', '2014-07-27 15:30:15', 'Tel: 085-8288832\nRoom Requirement : Mirror\n                                    ขอห้องกระจกค่าาาา', 730, 9),
(207, 1, 1, 1214, NULL, '2014-07-17', NULL, 1, 1, '', 'REQUEST_APPROVE', '2014-07-16 02:22:40', '', 535, 9),
(208, 1, 1, 1214, NULL, '2014-07-17', NULL, 1, 1, '', 'REQUEST_APPROVE', '2014-07-16 02:24:34', '', 536, 9),
(209, 1, 1, 2207, NULL, '2014-07-17', NULL, 1, 1, '', 'REQUEST_APPROVE', '2014-07-16 02:27:04', '', 537, 9),
(210, 1, 1, 2207, NULL, '2014-07-25', NULL, 1, 1, '', 'REQUEST_APPROVE', '2014-07-16 02:49:49', '', 549, 9),
(211, 1, 1, 2207, NULL, '2014-07-25', NULL, 1, 1, '', 'REQUEST_APPROVE', '2014-07-16 02:51:44', '', 550, 9),
(212, 1, 1, 1307, NULL, '2014-07-22', NULL, 1, 1, '085-8288832\nRoom Request: Mirror (ต้องการห้องกระจกค่ะ)', 'REQUEST_APPROVE', '2014-07-21 16:35:34', '085-8288832\nRoom Request: Mirror (ต้องการห้องกระจกค่ะ)', 703, 9),
(213, 1, 1, 1214, NULL, '2014-07-17', NULL, 1, 1, '', 'REQUEST_APPROVE', '2014-07-16 03:57:01', '', 583, 9),
(214, 1, 1, 1214, NULL, '2014-07-17', NULL, 1, 1, '', 'REQUEST_APPROVE', '2014-07-16 03:53:05', '', 582, 9),
(215, 1, 1, 3414, NULL, '2014-07-25', NULL, 2, 2, 'Science Division', 'REQUEST_APPROVE', '2014-07-24 04:02:25', 'Science Division', 715, 9),
(216, 1, 1, 2303, NULL, '2014-07-24', NULL, 1, 1, '1118:BBA', 'REQUEST_APPROVE', '2014-07-24 04:04:15', '1118:BBA', 716, 9),
(217, 1, 1, 3305, NULL, '2014-07-18', NULL, 1, 1, 'Tel:0814444311', 'REQUEST_APPROVE', '2014-07-16 03:35:23', 'Tel:0814444311', 570, 9),
(218, 1, 1, 1210, NULL, '2014-07-20', NULL, 1, 1, '', 'REQUEST_APPROVE', '2014-07-16 03:49:19', '', 580, 9),
(219, 1, 1, 5212, NULL, '2014-07-21', NULL, 1, 1, '', 'REQUEST_APPROVE', '2014-07-20 07:46:50', '', 693, 9),
(220, 1, 1, 2207, NULL, '2014-07-22', NULL, 1, 1, '', 'REQUEST_APPROVE', '2014-07-16 04:01:47', '', 586, 9),
(221, 1, 1, 1210, NULL, '2014-07-20', NULL, 1, 1, '', 'REQUEST_APPROVE', '2014-07-16 03:51:09', '', 581, 9),
(222, 1, 1, 2207, NULL, '2014-07-22', NULL, 1, 1, '', 'REQUEST_APPROVE', '2014-07-16 06:05:21', '', 590, 9),
(223, 1, 1, 2207, NULL, '2014-07-24', NULL, 1, 1, '', 'REQUEST_APPROVE', '2014-07-16 06:06:56', '', 591, 9),
(224, 1, 1, 2207, NULL, '2014-07-24', NULL, 1, 1, '', 'REQUEST_APPROVE', '2014-07-16 06:09:07', '', 592, 9),
(225, 1, 1, 2207, NULL, '2014-07-17', NULL, 1, 1, '', 'REQUEST_APPROVE', '2014-07-16 06:13:29', '', 593, 9),
(226, 1, 1, 2207, NULL, '2014-07-18', NULL, 1, 1, '', 'REQUEST_APPROVE', '2014-07-16 06:15:16', '', 594, 9),
(227, 1, 1, 2207, NULL, '2014-07-18', NULL, 1, 1, '', 'REQUEST_APPROVE', '2014-07-16 06:16:58', '', 595, 9),
(228, 1, 1, 1214, NULL, '2014-07-21', NULL, 1, 1, '', 'REQUEST_APPROVE', '2014-07-16 06:18:56', '', 596, 9),
(229, 1, 1, 1214, NULL, '2014-07-21', NULL, 1, 2, '', 'REQUEST_APPROVE', '2014-07-16 06:20:20', '', 597, 9),
(230, 1, 1, 1214, NULL, '2014-07-22', NULL, 1, 1, '', 'REQUEST_APPROVE', '2014-07-16 06:22:28', '', 598, 9),
(231, 1, 1, 1210, NULL, '2014-07-26', NULL, 1, 1, '', 'REQUEST_APPROVE', '2014-07-16 06:30:43', '', 603, 9),
(232, 1, 1, 1210, NULL, '2014-07-26', NULL, 1, 1, '', 'REQUEST_APPROVE', '2014-07-16 06:32:16', '', 604, 9),
(233, 1, 1, 1210, NULL, '2014-07-26', NULL, 1, 1, '', 'REQUEST_APPROVE', '2014-07-16 06:33:58', '', 605, 9),
(234, 1, 1, 1210, NULL, '2014-07-26', NULL, 1, 1, '', 'REQUEST_APPROVE', '2014-07-16 06:35:13', '', 606, 9),
(235, 1, 1, 1210, NULL, '2014-07-26', NULL, 1, 2, '', 'REQUEST_APPROVE', '2014-07-16 06:36:47', '', 607, 9),
(236, 1, 1, 1210, NULL, '2014-07-27', NULL, 1, 1, '', 'REQUEST_APPROVE', '2014-07-16 06:38:10', '', 608, 9),
(237, 1, 1, 1210, NULL, '2014-07-27', NULL, 1, 1, '', 'REQUEST_APPROVE', '2014-07-16 06:39:25', '', 609, 9),
(238, 1, 1, 1214, NULL, '2014-07-16', NULL, 1, 2, '', 'REQUEST_APPROVE', '2014-07-16 06:47:13', '', 610, 9),
(239, 1, 1, 1214, NULL, '2014-07-16', NULL, 1, 1, '', 'REQUEST_APPROVE', '2014-07-16 06:48:47', '', 611, 9),
(240, 1, 1, 3305, NULL, '2014-07-16', NULL, 2, 3, 'Tel:0814444311', 'REQUEST_APPROVE', '2014-07-16 05:20:58', 'Tel:0814444311', 587, 9),
(241, 1, 1, 1408, NULL, '2014-07-17', NULL, 1, 1, 'Tel: 0832502220', 'REQUEST_APPROVE', '2014-07-16 05:40:56', 'Tel: 0832502220', 588, 9),
(242, 1, 1, 3410, NULL, '2014-07-17', NULL, 1, 1, 'Computer', 'REQUEST_APPROVE', '2014-07-16 08:13:19', 'Computer', 635, 9),
(243, 1, 1, 3412, NULL, '2014-07-17', NULL, 1, 1, 'Computer', 'REQUEST_APPROVE', '2014-07-16 08:14:52', 'Computer', 636, 9),
(244, 1, 1, 3317, NULL, '2014-07-17', NULL, 1, 1, '', 'REQUEST_APPROVE', '2014-07-16 07:18:46', '', 625, 9),
(245, 1, 1, 3407, NULL, '2014-07-16', NULL, 1, 2, 'Tel.0805918753\nDivision.science \nRoom requirements.any computer lab ', 'REQUEST_APPROVE', '2014-07-16 08:01:59', 'Tel.0805918753\nDivision.science \nRoom requirements.any computer lab ', 634, 9),
(246, 1, 1, 2207, NULL, '2014-07-18', NULL, 1, 1, '', 'REQUEST_APPROVE', '2014-07-16 06:50:26', '', 612, 9),
(247, 1, 1, 2207, NULL, '2014-07-21', NULL, 1, 1, 'Room 2207\n02-800 3560 \nHLD', 'REQUEST_APPROVE', '2014-07-21 02:26:42', 'Room 2207\n02-800 3560 \nHLD', 695, 9),
(248, 1, 1, 3414, NULL, '2014-07-25', NULL, 1, 1, 'Ext.1210/SA', 'REQUEST_APPROVE', '2014-07-24 05:53:48', 'Ext.1210/SA', 717, 9),
(249, 1, 1, 3411, NULL, '2014-07-17', NULL, 2, 3, '', 'REQUEST_APPROVE', '2014-07-16 07:05:54', '', 623, 9),
(250, 1, 1, 3411, NULL, '2014-07-18', NULL, 1, 1, '', 'REQUEST_APPROVE', '2014-07-16 07:06:13', '', 624, 9),
(251, 1, 1, 2207, NULL, '2014-07-18', NULL, 1, 1, '', 'REQUEST_APPROVE', '2014-07-16 06:51:57', '', 613, 9),
(252, 1, 1, 1210, NULL, '2014-07-23', NULL, 1, 2, '', 'REQUEST_APPROVE', '2014-07-16 07:58:12', '', 633, 9),
(253, 1, 1, 2307, NULL, '2014-07-25', NULL, 1, 1, '1745, BBA', 'REQUEST_APPROVE', '2014-07-17 09:56:24', '1745, BBA', 678, 9),
(254, 1, 1, 3409, NULL, '2014-07-17', NULL, 1, 1, '', 'REQUEST_APPROVE', '2014-07-16 07:04:47', '', 620, 9),
(255, 1, 1, 3411, NULL, '2014-07-17', NULL, 1, 2, '', 'REQUEST_APPROVE', '2014-07-16 07:05:33', '', 622, 9),
(256, 1, 1, 3414, NULL, '2014-07-17', NULL, 1, 1, '', 'REQUEST_APPROVE', '2014-07-16 07:01:50', '', 618, 9),
(257, 1, 1, 1318, NULL, '2014-07-21', NULL, 1, 1, '', 'REQUEST_APPROVE', '2014-07-16 07:48:15', '', 630, 9),
(258, 1, 1, 1318, NULL, '2014-07-21', NULL, 1, 1, '', 'REQUEST_APPROVE', '2014-07-16 07:50:33', '', 631, 9),
(259, 1, 1, 1210, NULL, '2014-07-23', NULL, 1, 1, '', 'REQUEST_APPROVE', '2014-07-16 07:53:09', '', 632, 9),
(260, 1, 1, 1318, NULL, '2014-07-22', NULL, 1, 3, 'Tel : 085-828-8832\nRequirements : 3 Microphones and Projector screen\n** 3days Reservation - 18,19,22 August 2014\n', 'REQUEST_APPROVE', '2014-07-18 08:21:14', 'Tel : 085-828-8832\nRequirements : 3 Microphones and Projector screen\n** 3days Reservation - 18,19,22 August 2014\n', 689, 9),
(261, 1, 1, 3420, NULL, '2014-07-17', NULL, 1, 2, 'Final Revision for Asian Philosophy\n(Computer+internet)', 'REQUEST_APPROVE', '2014-07-16 02:16:41', 'Final Revision for Asian Philosophy\n(Computer+internet)', 533, 9),
(262, 1, 1, 3414, NULL, '2014-07-17', NULL, 1, 1, '', 'REQUEST_APPROVE', '2014-07-16 07:00:02', '', 617, 9),
(263, 1, 1, 3411, NULL, '2014-07-17', NULL, 1, 1, '', 'REQUEST_APPROVE', '2014-07-16 07:04:27', '', 619, 9),
(264, 1, 1, 3414, NULL, '2014-07-29', NULL, 1, 1, '1305\nงานพัสดุ\n3414', 'REQUEST_APPROVE', '2014-07-24 09:28:26', '1305\nงานพัสดุ\n3414', 721, 9),
(265, 1, 1, 3421, NULL, '2014-07-30', NULL, 1, 1, 'Computer, Projector, Internet', 'REQUEST_APPROVE', '2014-07-29 14:29:21', 'Computer, Projector, Internet', 760, 9),
(266, 1, 1, 3414, NULL, '2014-07-17', NULL, 1, 1, '', 'REQUEST_APPROVE', '2014-07-16 07:32:28', '', 626, 9),
(267, 1, 1, 3411, NULL, '2014-07-17', NULL, 1, 1, '', 'REQUEST_APPROVE', '2014-07-16 07:05:14', '', 621, 9),
(268, 1, 1, 2207, NULL, '2014-07-23', NULL, 1, 1, '', 'REQUEST_APPROVE', '2014-07-16 08:32:51', '', 637, 9),
(269, 1, 1, 2207, NULL, '2014-07-25', NULL, 1, 2, 'OE, ext. 1106', 'REQUEST_APPROVE', '2014-07-24 09:39:22', 'OE, ext. 1106', 722, 9),
(270, 1, 1, 1214, NULL, '2014-07-29', NULL, 1, 1, 'Data Hub Meeting room 2207 ', 'REQUEST_APPROVE', '2014-07-16 08:51:13', 'Data Hub Meeting room 2207 ', 643, 9),
(271, 1, 1, 2207, NULL, '2014-07-23', NULL, 1, 1, '', 'REQUEST_APPROVE', '2014-07-16 08:34:42', '', 638, 9),
(272, 1, 1, 3414, NULL, '2014-07-18', NULL, 1, 2, '', 'REQUEST_APPROVE', '2014-07-16 08:38:12', '', 640, 9),
(273, 1, 1, 3414, NULL, '2014-07-18', NULL, 1, 1, '', 'REQUEST_APPROVE', '2014-07-16 08:36:35', '', 639, 9),
(274, 1, 1, 2207, NULL, '2014-07-25', NULL, 1, 1, '', 'REQUEST_APPROVE', '2014-07-16 08:40:15', '', 641, 9),
(275, 1, 1, 2207, NULL, '2014-07-25', NULL, 1, 1, '', 'REQUEST_APPROVE', '2014-07-16 08:43:04', '', 642, 9),
(276, 1, 1, 1210, NULL, '2014-07-21', NULL, 1, 1, '', 'REQUEST_APPROVE', '2014-07-16 08:53:16', '', 644, 9),
(277, 1, 1, 3409, NULL, '2014-07-18', NULL, 1, 1, 'ประชุมด่วน วาระพิเศษ (SLL) ', 'REQUEST_APPROVE', '2014-07-17 10:28:24', 'ประชุมด่วน วาระพิเศษ (SLL) ', 679, 9),
(278, 1, 1, 3414, NULL, '2014-07-24', NULL, 1, 1, '1305\nงานพัสดุ \nห้อง 3414', 'REQUEST_APPROVE', '2014-07-21 09:02:00', '1305\nงานพัสดุ \nห้อง 3414', 700, 9),
(279, 1, 1, 2307, NULL, '2014-07-15', NULL, 1, 1, '1745, BBA', 'REQUEST_APPROVE', '2014-06-24 10:00:26', '1745, BBA', 233, 8),
(280, 1, 1, 2307, NULL, '2014-07-19', NULL, 1, 1, '1745, BBA', 'REQUEST_APPROVE', '2014-06-24 10:08:25', '1745, BBA', 237, 8),
(281, 1, 1, 2307, NULL, '2014-07-14', NULL, 1, 1, '1745, BBA', 'REQUEST_APPROVE', '2014-06-24 10:10:45', '1745, BBA', 238, 8),
(282, 1, 1, 3306, NULL, '2014-07-17', NULL, 1, 2, 'Tel: 0899181232', 'REQUEST_APPROVE', '2014-07-16 10:31:21', 'Tel: 0899181232', 647, 8),
(283, 1, 1, 1417, NULL, '2014-07-28', NULL, 1, 1, '1745, BBA', 'REQUEST_APPROVE', '2014-06-24 10:04:43', '1745, BBA', 235, 8),
(284, 1, 1, 1417, NULL, '2014-07-29', NULL, 1, 1, '1745, BBA', 'REQUEST_APPROVE', '2014-06-24 10:06:00', '1745, BBA', 236, 8),
(285, 1, 1, 2307, NULL, '2014-07-23', NULL, 1, 1, '1745, BBA', 'REQUEST_APPROVE', '2014-06-25 06:55:35', '1745, BBA', 255, 8),
(286, 1, 1, 3302, NULL, '2014-07-15', NULL, 1, 1, '1745, BBA', 'REQUEST_APPROVE', '2014-06-27 01:58:22', '1745, BBA', 286, 8),
(287, 1, 1, 1404, NULL, '2014-07-07', NULL, 2, 3, '', 'REQUEST_APPROVE', '2014-07-06 06:49:17', '', 435, 8),
(288, 1, 1, 3414, NULL, '2014-07-30', NULL, 1, 1, 'งานพัสดุ 1306', 'REQUEST_APPROVE', '2014-07-28 08:44:15', 'งานพัสดุ 1306', 745, 8),
(289, 1, 1, 1318, NULL, '2014-07-09', NULL, 1, 3, 'I must use this room for our important final presentation. ', 'REQUEST_APPROVE', '2014-06-02 12:07:04', 'I must use this room for our important final presentation. ', 19, 8),
(290, 1, 1, 3410, NULL, '2014-07-18', NULL, 1, 1, 'Division: BBA\nTel: (66) 2-441-5090 ext. 1419\nE-mail: alessandro.sta@mahidol.ac.th\nRoom Requirements: Any room with projector and microphone', 'REQUEST_APPROVE', '2014-06-20 09:42:41', 'Division: BBA\nTel: (66) 2-441-5090 ext. 1419\nE-mail: alessandro.sta@mahidol.ac.th\nRoom Requirements: Any room with projector and microphone', 202, 8),
(291, 1, 1, -1, NULL, '2014-07-18', NULL, 1, 2, '', 'REQUEST_APPROVE', '2014-06-20 03:28:40', '', 195, 8),
(292, 1, 1, 1307, NULL, '2014-07-09', NULL, 1, 3, '', 'REQUEST_APPROVE', '2014-06-23 11:49:25', '', 219, 8),
(293, 1, 1, 2308, NULL, '2014-07-15', NULL, 1, 1, '1745, BBA', 'REQUEST_APPROVE', '2014-06-24 10:02:27', '1745, BBA', 234, 8),
(294, 1, 1, -1, NULL, '2014-07-29', NULL, 1, 2, '', 'REQUEST_APPROVE', '2014-06-12 08:49:22', '', 99, 8),
(295, 1, 1, 3414, NULL, '2014-07-28', NULL, 1, 1, '1305 \nงานพัสดุ \nห้อง 1207', 'REQUEST_APPROVE', '2014-07-16 09:39:27', '1305 \nงานพัสดุ \nห้อง 1207', 645, 8),
(296, 1, 1, 2207, NULL, '2014-07-22', NULL, 1, 1, '', 'REQUEST_APPROVE', '2014-07-16 06:03:06', '', 589, 8),
(297, 1, 1, -1, NULL, '2014-07-28', NULL, 1, 2, '', 'REQUEST_APPROVE', '2014-06-12 08:46:19', '', 98, 8),
(298, 1, 1, -1, NULL, '2014-07-18', NULL, 1, 2, 'IT ', 'REQUEST_APPROVE', '2014-07-18 01:13:42', 'IT ', 681, 8),
(299, 1, 1, 3421, NULL, '2014-07-17', NULL, 1, 1, '', 'REQUEST_APPROVE', '2014-07-16 16:57:22', '', 648, 8),
(300, 1, 1, 3412, NULL, '2014-07-08', NULL, 1, 1, '1511/ THM/ 3412', 'REQUEST_APPROVE', '2014-06-26 03:31:21', '1511/ THM/ 3412', 274, 8),
(301, 1, 1, 3414, NULL, '2014-07-22', NULL, 1, 1, 'Tel: Ext.1116\nDivision: PR\nRoom Requirement: -', 'REQUEST_APPROVE', '2014-07-16 02:56:37', 'Tel: Ext.1116\nDivision: PR\nRoom Requirement: -', 551, 8),
(302, 1, 1, 3316, NULL, '2014-07-17', NULL, 1, 3, '', 'REQUEST_APPROVE', '2014-07-02 12:20:17', '', 359, 8),
(303, 1, 1, 3304, NULL, '2014-07-17', NULL, 1, 2, 'prepare for exam', 'REQUEST_APPROVE', '2014-07-14 09:01:33', 'prepare for exam', 478, 8),
(304, 1, 1, 3415, NULL, '2014-07-23', NULL, 1, 2, 'นักศึกษา ป.โท defense 23 ก.ค.57 เวลา 9.00 -18.00 น. ขอห้องให้ (3515)', 'REQUEST_APPROVE', '2014-07-18 01:08:28', 'นักศึกษา ป.โท defense 23 ก.ค.57 เวลา 9.00 -18.00 น. ขอห้องให้ (3515)', 680, 8),
(305, 1, 1, 3410, NULL, '2014-07-07', NULL, 1, 3, 'Tel: 0818252922\nDivision: Computer Science \nRoom Requirements: Any lecture room ', 'REQUEST_APPROVE', '2014-07-03 06:41:44', 'Tel: 0818252922\nDivision: Computer Science \nRoom Requirements: Any lecture room ', 395, 8),
(306, 1, 1, -1, NULL, '2014-07-07', NULL, 1, 2, 'Tel: 0827866709\nDivision:  \nRoom Requirements: Any room', 'REQUEST_APPROVE', '2014-07-03 12:02:19', 'Tel: 0827866709\nDivision:  \nRoom Requirements: Any room', 408, 8),
(307, 1, 1, 3420, NULL, '2014-07-24', NULL, 1, 1, 'Accord Visit (พลังงาน)  วันที่ 24 ก.ค.57 เวลา 14.00-16.00 น. (ขอใช้ห้องประชุม 2207)', 'REQUEST_APPROVE', '2014-07-18 01:13:50', 'Accord Visit (พลังงาน)  วันที่ 24 ก.ค.57 เวลา 14.00-16.00 น. (ขอใช้ห้องประชุม 2207)', 682, 8),
(308, 1, 1, 2207, NULL, '2014-07-30', NULL, 1, 1, 'ขอใช้ห้อง 2207ค่ะ', 'REQUEST_APPROVE', '2014-07-22 03:25:14', 'ขอใช้ห้อง 2207ค่ะ', 705, 8),
(309, 1, 1, 2207, NULL, '2014-07-30', NULL, 1, 1, 'Tel : 1761\nDivision : THM \nReserved by : Teerawan Nuntakij\nRoom Requirements : meeting room', 'REQUEST_APPROVE', '2014-07-25 03:25:08', 'Tel : 1761\nDivision : THM \nReserved by : Teerawan Nuntakij\nRoom Requirements : meeting room', 724, 8),
(310, 1, 1, 3414, NULL, '2014-07-23', NULL, 1, 1, 'BBA, 1745, Meeting room', 'REQUEST_APPROVE', '2014-07-17 06:09:22', 'BBA, 1745, Meeting room', 654, 8),
(311, 1, 1, 1418, NULL, '2014-07-07', NULL, 1, 1, '', 'REQUEST_APPROVE', '2014-07-04 10:10:11', '', 425, 8),
(312, 1, 1, 2302, NULL, '2014-07-07', NULL, 1, 1, 'room with mirrror', 'REQUEST_APPROVE', '2014-07-04 10:05:39', 'room with mirrror', 423, 8),
(313, 1, 1, 2302, NULL, '2014-07-07', NULL, 1, 3, 'any room with mirror', 'REQUEST_APPROVE', '2014-07-04 10:07:58', 'any room with mirror', 424, 8),
(314, 1, 1, 1314, NULL, '2014-07-07', NULL, 1, 2, 'Tel: 0867565252\nDivision: THM\nRoom Requirements: Computer', 'REQUEST_APPROVE', '2014-07-04 13:32:35', 'Tel: 0867565252\nDivision: THM\nRoom Requirements: Computer', 428, 8),
(315, 1, 1, 1302, NULL, '2014-07-07', NULL, 1, 1, 'Tel: 090-994-4285', 'REQUEST_APPROVE', '2014-07-05 09:33:46', 'Tel: 090-994-4285', 433, 8),
(316, 1, 1, 1406, NULL, '2014-07-07', NULL, 1, 3, 'tel; 0805918753\ndivisin;thm\nrequirements''ayrooms with omputer', 'REQUEST_APPROVE', '2014-07-07 07:36:32', 'tel; 0805918753\ndivisin;thm\nrequirements''ayrooms with omputer', 441, 8),
(317, 1, 1, 1302, NULL, '2014-07-07', NULL, 1, 1, 'Tel: 090-994-4285', 'REQUEST_APPROVE', '2014-07-05 09:29:14', 'Tel: 090-994-4285', 432, 8),
(318, 1, 1, 3415, NULL, '2014-07-07', NULL, 1, 1, 'Room requirements: using computer ', 'REQUEST_APPROVE', '2014-07-05 05:16:29', 'Room requirements: using computer ', 430, 8),
(319, 1, 1, 3408, NULL, '2014-07-07', NULL, 1, 3, 'Tel:0817200446\nRoom Requirement : Any rooms at IC building', 'REQUEST_APPROVE', '2014-07-07 05:33:29', 'Tel:0817200446\nRoom Requirement : Any rooms at IC building', 439, 8),
(320, 1, 1, 3306, NULL, '2014-07-07', NULL, 1, 2, '1118: BBA', 'REQUEST_APPROVE', '2014-07-07 03:07:20', '1118: BBA', 437, 8),
(321, 1, 1, 3411, NULL, '2014-07-07', NULL, 2, 3, '', 'REQUEST_APPROVE', '2014-07-07 05:19:51', '', 438, 8),
(322, 1, 1, 3412, NULL, '2014-07-07', NULL, 1, 2, '1745, BBA', 'REQUEST_APPROVE', '2014-07-07 07:12:28', '1745, BBA', 440, 8),
(323, 1, 1, 3411, NULL, '2014-07-09', NULL, 1, 1, '', 'REQUEST_APPROVE', '2014-07-08 10:40:25', '', 450, 8),
(324, 1, 1, 1304, NULL, '2014-07-09', NULL, 2, 3, 'Tel: 0867565252\nDivision: THM\nRoom Requirements: Compute lap', 'REQUEST_APPROVE', '2014-07-07 10:23:13', 'Tel: 0867565252\nDivision: THM\nRoom Requirements: Compute lap', 443, 8),
(325, 1, 1, 2302, NULL, '2014-07-09', NULL, 1, 2, 'Contact งานคุมสอบ', 'REQUEST_APPROVE', '2014-07-08 01:04:07', 'Contact งานคุมสอบ', 445, 8),
(326, 1, 1, 1312, NULL, '2014-07-27', NULL, 1, 1, 'Admissions\nTel: 1245\nUse for MUIC Entrance Examination ', 'REQUEST_APPROVE', '2014-07-08 07:58:03', 'Admissions\nTel: 1245\nUse for MUIC Entrance Examination ', 448, 8),
(327, 1, 1, 3412, NULL, '2014-07-09', NULL, 1, 1, 'Tel: 0909944285', 'REQUEST_APPROVE', '2014-07-08 12:54:54', 'Tel: 0909944285', 452, 8),
(328, 1, 1, 3315, NULL, '2014-07-09', NULL, 1, 3, 'Tel: 0909944285', 'REQUEST_APPROVE', '2014-07-08 12:56:18', 'Tel: 0909944285', 455, 8),
(329, 1, 1, 3304, NULL, '2014-07-09', NULL, 1, 1, 'Tel: 0909944285', 'REQUEST_APPROVE', '2014-07-08 12:55:20', 'Tel: 0909944285', 453, 8),
(330, 1, 1, 3304, NULL, '2014-07-09', NULL, 1, 1, 'Tel: 0909944285', 'REQUEST_APPROVE', '2014-07-08 12:55:48', 'Tel: 0909944285', 454, 8),
(331, 1, 1, 3304, NULL, '2014-07-09', NULL, 1, 1, '', 'REQUEST_APPROVE', '2014-07-08 10:38:46', '', 449, 8),
(332, 1, 1, 1418, NULL, '2014-07-26', NULL, 1, 2, 'Admissions\nTel: 1245\nUse for the MUIC Entrance Examination (ขอห้อง 1418-1419 ค่ะ)', 'REQUEST_APPROVE', '2014-07-08 07:54:47', 'Admissions\nTel: 1245\nUse for the MUIC Entrance Examination (ขอห้อง 1418-1419 ค่ะ)', 447, 8),
(333, 1, 1, 3410, NULL, '2014-07-15', NULL, 1, 1, 'BBA:1118', 'REQUEST_APPROVE', '2014-07-09 01:10:42', 'BBA:1118', 457, 8),
(334, 1, 1, -1, NULL, '2014-07-17', NULL, 1, 1, 'Faculty support services unit\nMrs. Sopa ext. 1125', 'REQUEST_APPROVE', '2014-07-09 03:09:18', 'Faculty support services unit\nMrs. Sopa ext. 1125', 459, 8),
(335, 1, 1, -1, NULL, '2014-07-18', NULL, 1, 1, 'Faculty Support Services Unit\nMrs. Sopa Ext. 1125', 'REQUEST_APPROVE', '2014-07-09 03:24:03', 'Faculty Support Services Unit\nMrs. Sopa Ext. 1125', 460, 8),
(336, 1, 1, 3407, NULL, '2014-07-09', NULL, 2, 3, 'tel; 0805918753\ndivision; thm\nroom requirements; an cmpter lab', 'REQUEST_APPROVE', '2014-07-09 04:37:23', 'tel; 0805918753\ndivision; thm\nroom requirements; an cmpter lab', 461, 8),
(337, 1, 1, -1, NULL, '2014-07-16', NULL, 2, 3, 'Faculty Support Services Units\nMrs. Sopa ext 1125', 'REQUEST_APPROVE', '2014-07-10 06:30:45', 'Faculty Support Services Units\nMrs. Sopa ext 1125', 462, 8),
(338, 1, 1, -1, NULL, '2014-07-17', NULL, 2, 3, 'Faculty Support Services Units\nMrs. Sopa ext 1125', 'REQUEST_APPROVE', '2014-07-10 06:32:16', 'Faculty Support Services Units\nMrs. Sopa ext 1125', 463, 8),
(339, 1, 1, 3412, NULL, '2014-07-15', NULL, 1, 2, 'prepare exam', 'REQUEST_APPROVE', '2014-07-14 08:14:50', 'prepare exam', 475, 8),
(340, 1, 1, 1307, NULL, '2014-07-16', NULL, 1, 2, 'prepare for exam', 'REQUEST_APPROVE', '2014-07-14 08:16:30', 'prepare for exam', 476, 8),
(341, 1, 1, 3410, NULL, '2014-07-17', NULL, 1, 2, 'prepare for exam', 'REQUEST_APPROVE', '2014-07-14 08:18:04', 'prepare for exam', 477, 8),
(342, 1, 1, 3317, NULL, '2014-07-12', NULL, 1, 1, '', 'REQUEST_APPROVE', '2014-07-11 07:06:49', '', 467, 8),
(343, 1, 1, 3412, NULL, '2014-07-12', NULL, 1, 1, 'Room Requirements: Projector', 'REQUEST_APPROVE', '2014-07-11 11:18:52', 'Room Requirements: Projector', 468, 8),
(344, 1, 1, 3407, NULL, '2014-07-12', NULL, 2, 2, 'tel;0805918753\ndivision; thm\nroom  requirements; any room with  computer', 'REQUEST_APPROVE', '2014-07-12 06:16:16', 'tel;0805918753\ndivision; thm\nroom  requirements; any room with  computer', 470, 8),
(345, 1, 1, -1, NULL, '2014-07-16', NULL, 1, 1, 'Mrs. Sopa\nFaculty Support Units\next. 1125', 'REQUEST_APPROVE', '2014-07-12 06:31:53', 'Mrs. Sopa\nFaculty Support Units\next. 1125', 471, 8),
(346, 1, 1, 3410, NULL, '2014-07-14', NULL, 1, 3, '', 'REQUEST_APPROVE', '2014-07-13 05:48:20', '', 472, 8),
(347, 1, 1, 3407, NULL, '2014-07-14', NULL, 1, 2, 'tel;0805918753\ndivisioon;scieence\nroom  quirement; anny computer lab', 'REQUEST_APPROVE', '2014-07-14 06:16:10', 'tel;0805918753\ndivisioon;scieence\nroom  quirement; anny computer lab', 474, 8),
(348, 1, 1, 3306, NULL, '2014-07-15', NULL, 1, 1, '', 'REQUEST_APPROVE', '2014-07-14 09:39:27', '', 479, 8),
(349, 1, 1, 3410, NULL, '2014-07-15', NULL, 1, 1, '', 'REQUEST_APPROVE', '2014-07-14 09:40:14', '', 480, 8),
(350, 1, 1, 3317, NULL, '2014-07-16', NULL, 1, 1, '', 'REQUEST_APPROVE', '2014-07-15 02:59:35', '', 484, 8),
(351, 1, 1, 3302, NULL, '2014-07-16', NULL, 1, 1, '', 'REQUEST_APPROVE', '2014-07-15 03:00:12', '', 485, 8),
(352, 1, 1, 3410, NULL, '2014-07-16', NULL, 1, 2, '', 'REQUEST_APPROVE', '2014-07-15 03:01:25', '', 487, 8),
(353, 1, 1, 3302, NULL, '2014-07-16', NULL, 1, 1, '', 'REQUEST_APPROVE', '2014-07-15 03:00:47', '', 486, 8),
(354, 1, 1, 3306, NULL, '2014-07-15', NULL, 1, 1, 'BBA, 1745', 'REQUEST_APPROVE', '2014-07-15 03:01:49', 'BBA, 1745', 488, 8),
(355, 1, 1, 3305, NULL, '2014-07-16', NULL, 6, 1, 'tel:08144444311', 'REQUEST_APPROVE', '2014-07-15 18:26:47', 'tel:08144444311', 503, 8),
(356, 1, 1, 2207, NULL, '2014-07-16', NULL, 1, 2, 'MATV system meeting', 'REQUEST_APPROVE', '2014-07-15 06:45:49', 'MATV system meeting', 491, 8),
(357, 1, 1, 2207, NULL, '2014-07-23', NULL, 1, 1, '1118:BBA', 'REQUEST_APPROVE', '2014-07-15 06:49:35', '1118:BBA', 492, 8),
(358, 1, 1, 3305, NULL, '2014-07-16', NULL, 1, 1, 'Tel: 0814444311', 'REQUEST_APPROVE', '2014-07-15 18:30:58', 'Tel: 0814444311', 505, 8),
(359, 1, 1, 3305, NULL, '2014-07-16', NULL, 1, 1, 'Tel:0814444311', 'REQUEST_APPROVE', '2014-07-15 06:53:44', 'Tel:0814444311', 493, 8),
(360, 1, 1, 3415, NULL, '2014-07-15', NULL, 1, 1, '', 'REQUEST_APPROVE', '2014-07-15 06:56:53', '', 494, 8),
(361, 1, 1, 2207, NULL, '2014-07-16', NULL, 1, 1, '', 'REQUEST_APPROVE', '2014-07-15 07:41:55', '', 496, 8),
(362, 1, 1, 3407, NULL, '2014-07-15', NULL, 1, 2, 'te;0805918753\ndivisioon;science\nroom requireents; any opter lab', 'REQUEST_APPROVE', '2014-07-15 07:34:34', 'te;0805918753\ndivisioon;science\nroom requireents; any opter lab', 495, 8),
(363, 1, 1, 2207, NULL, '2014-07-28', NULL, 1, 1, 'Science Division\nRoom Requirement: any meeting room', 'REQUEST_APPROVE', '2014-07-15 09:53:41', 'Science Division\nRoom Requirement: any meeting room', 498, 8),
(364, 1, 1, 3414, NULL, '2014-07-16', NULL, 1, 1, '1306 งานพัสดุ', 'REQUEST_APPROVE', '2014-07-15 08:35:01', '1306 งานพัสดุ', 497, 8),
(365, 1, 1, 3414, NULL, '2014-07-24', NULL, 1, 1, 'Tel: Ext.1116\nDivision: PR\nRoom Requirement: -', 'REQUEST_APPROVE', '2014-07-17 01:45:56', 'Tel: Ext.1116\nDivision: PR\nRoom Requirement: -', 649, 8),
(366, 1, 1, 3411, NULL, '2014-07-16', NULL, 1, 1, '', 'REQUEST_APPROVE', '2014-07-15 15:35:20', '', 500, 8),
(367, 1, 1, 3305, NULL, '2014-07-15', NULL, 6, 1, 'tel: 0814444311', 'REQUEST_APPROVE', '2014-07-15 18:21:30', 'tel: 0814444311', 501, 8),
(368, 1, 1, 3305, NULL, '2014-07-15', NULL, 1, 1, 'tel:0814444311', 'REQUEST_APPROVE', '2014-07-15 18:23:35', 'tel:0814444311', 502, 8),
(369, 1, 1, 1214, NULL, '2014-07-21', NULL, 1, 1, 'Tel. 1201\nOffice of the Dean\nRoom : 1214 Dean meeting room', 'REQUEST_APPROVE', '2014-07-15 10:15:36', 'Tel. 1201\nOffice of the Dean\nRoom : 1214 Dean meeting room', 499, 8),
(370, 1, 1, 3305, NULL, '2014-07-16', NULL, 1, 1, 'tel:0814444311', 'REQUEST_APPROVE', '2014-07-15 18:28:19', 'tel:0814444311', 504, 8),
(371, 1, 1, 3414, NULL, '2014-07-19', NULL, 1, 1, 'Science Division\nRoom Requirement: Any meeting room', 'REQUEST_APPROVE', '2014-07-17 05:24:32', 'Science Division\nRoom Requirement: Any meeting room', 653, 8),
(372, 1, 1, 1214, NULL, '2014-07-18', NULL, 1, 1, '', 'REQUEST_APPROVE', '2014-07-16 01:35:55', '', 512, 8),
(373, 1, 1, 1214, NULL, '2014-07-18', NULL, 1, 1, 'มีการจัดเลี้ยงอาหารด้วยค่ะ ', 'REQUEST_APPROVE', '2014-07-18 02:20:52', 'มีการจัดเลี้ยงอาหารด้วยค่ะ ', 683, 8),
(374, 1, 1, 3303, NULL, '2014-07-18', NULL, 1, 2, 'Any room on the 3rd floor', 'REQUEST_APPROVE', '2014-07-17 01:55:09', 'Any room on the 3rd floor', 650, 8),
(375, 1, 1, 1210, NULL, '2014-07-24', NULL, 1, 1, '', 'REQUEST_APPROVE', '2014-07-18 02:49:35', '', 684, 8),
(376, 1, 1, 1214, NULL, '2014-07-23', NULL, 1, 1, '02-800-3574\nDivision : HLD\nRoom : 1214', 'REQUEST_APPROVE', '2014-07-22 03:31:39', '02-800-3574\nDivision : HLD\nRoom : 1214', 706, 8),
(377, 1, 1, 3315, NULL, '2014-07-25', NULL, 1, 1, 'การอบรมการใช้งานชุดทดสอบประสิทธิภาพการเรียนการสอน (Clicker)\nโดยวิทยากร คือ คุณสรวีร์ วรกุลพิทักษ์ ตัวแทนจาก บริษัท อินเตอร์เอ็ดดูเคชั่น ซัพพลายส์ จำกัด \nในวันศุกร์ที่ 25 กรกฎาคม พ.ศ. 2557 เวลา 10:00-11:00 น.  ห้อง 3415', 'REQUEST_APPROVE', '2014-07-22 10:35:22', 'การอบรมการใช้งานชุดทดสอบประสิทธิภาพการเรียนการสอน (Clicker)\nโดยวิทยากร คือ คุณสรวีร์ วรกุลพิทักษ์ ตัวแทนจาก บริษัท อินเตอร์เอ็ดดูเคชั่น ซัพพลายส์ จำกัด \nในวันศุกร์ที่ 25 กรกฎาคม พ.ศ. 2557 เวลา 10:00-11:00 น.  ห้อง 3415', 711, 8),
(378, 1, 1, 3306, NULL, '2014-07-18', NULL, 1, 1, 'Tel: 0899181232', 'REQUEST_APPROVE', '2014-07-17 07:49:35', 'Tel: 0899181232', 655, 8),
(379, 1, 1, 2207, NULL, '2014-07-29', NULL, 1, 1, '', 'REQUEST_APPROVE', '2014-07-16 02:08:17', '', 528, 8),
(380, 1, 1, 3407, NULL, '2014-07-18', NULL, 1, 2, 'tel;0805918753\ndivision;thm\nroom requirement;any computer lab', 'REQUEST_APPROVE', '2014-07-18 06:38:12', 'tel;0805918753\ndivision;thm\nroom requirement;any computer lab', 685, 8),
(381, 1, 1, 3414, NULL, '2014-07-22', NULL, 1, 1, 'Tel.3555\nIT\nRoom 3414', 'REQUEST_APPROVE', '2014-07-22 07:02:07', 'Tel.3555\nIT\nRoom 3414', 709, 8),
(382, 1, 1, 1210, NULL, '2014-07-25', NULL, 1, 2, 'งานบริหารกลาง\nขอความอนุเคราะห์จัดให้สำหรับให้มีการเสนอชื่อ เบื้องต้นได้พูดคุยกับคุณสิทธาแล้ว ขอบคุณมากค่ะ\n', 'REQUEST_APPROVE', '2014-07-22 05:45:47', 'งานบริหารกลาง\nขอความอนุเคราะห์จัดให้สำหรับให้มีการเสนอชื่อ เบื้องต้นได้พูดคุยกับคุณสิทธาแล้ว ขอบคุณมากค่ะ\n', 708, 8),
(383, 1, 1, 1314, NULL, '2014-07-25', NULL, 6, 1, '', 'REQUEST_APPROVE', '2014-07-25 13:28:22', '', 728, 8),
(384, 1, 1, 1214, NULL, '2014-07-28', NULL, 1, 1, 'Ext. 1708-9\nDivision: IA\nRoom Requirements: Meeting room: 1214', 'REQUEST_APPROVE', '2014-07-18 06:39:25', 'Ext. 1708-9\nDivision: IA\nRoom Requirements: Meeting room: 1214', 686, 8),
(385, 1, 1, 3414, NULL, '2014-07-28', NULL, 1, 1, 'ประชุมงานเทคโนโลยีการศึกษา \nในวันจันทร์ที่ 28 กรกฏาคม พ.ศ. 2557\nห้องประชุม 3414 เวลา 09:00 - 10:00 น. \n\n', 'REQUEST_APPROVE', '2014-07-22 07:59:24', 'ประชุมงานเทคโนโลยีการศึกษา \nในวันจันทร์ที่ 28 กรกฏาคม พ.ศ. 2557\nห้องประชุม 3414 เวลา 09:00 - 10:00 น. \n\n', 710, 8),
(386, 1, 1, 2207, NULL, '2014-07-29', NULL, 1, 1, '', 'REQUEST_APPROVE', '2014-07-16 02:06:51', '', 527, 8);
INSERT INTO `request_booking` (`id`, `user_login_id`, `request_booking_type_id`, `room_id`, `semester_id`, `request_date`, `request_day_in_week`, `period_start`, `period_end`, `description`, `status_code`, `create_date`, `course_name`, `request_sky_id`, `request_sky_noti_id`) VALUES
(387, 1, 1, 2302, NULL, '2014-07-28', NULL, 1, 1, 'Tel: 085-8288832\nRoom Requirement : Mirror\n                                    ขอห้องกระจกค่าาาา', 'REQUEST_APPROVE', '2014-07-27 15:30:15', 'Tel: 085-8288832\nRoom Requirement : Mirror\n                                    ขอห้องกระจกค่าาาา', 730, 8),
(388, 1, 1, 1214, NULL, '2014-07-17', NULL, 1, 1, '', 'REQUEST_APPROVE', '2014-07-16 02:22:40', '', 535, 8),
(389, 1, 1, 1214, NULL, '2014-07-17', NULL, 1, 1, '', 'REQUEST_APPROVE', '2014-07-16 02:24:34', '', 536, 8),
(390, 1, 1, 2207, NULL, '2014-07-17', NULL, 1, 1, '', 'REQUEST_APPROVE', '2014-07-16 02:27:04', '', 537, 8),
(391, 1, 1, 2207, NULL, '2014-07-25', NULL, 1, 1, '', 'REQUEST_APPROVE', '2014-07-16 02:49:49', '', 549, 8),
(392, 1, 1, 2207, NULL, '2014-07-25', NULL, 1, 1, '', 'REQUEST_APPROVE', '2014-07-16 02:51:44', '', 550, 8),
(393, 1, 1, 1307, NULL, '2014-07-22', NULL, 1, 1, '085-8288832\nRoom Request: Mirror (ต้องการห้องกระจกค่ะ)', 'REQUEST_APPROVE', '2014-07-21 16:35:34', '085-8288832\nRoom Request: Mirror (ต้องการห้องกระจกค่ะ)', 703, 8),
(394, 1, 1, 1214, NULL, '2014-07-17', NULL, 1, 1, '', 'REQUEST_APPROVE', '2014-07-16 03:57:01', '', 583, 8),
(395, 1, 1, 1214, NULL, '2014-07-17', NULL, 1, 1, '', 'REQUEST_APPROVE', '2014-07-16 03:53:05', '', 582, 8),
(396, 1, 1, 3414, NULL, '2014-07-25', NULL, 2, 2, 'Science Division', 'REQUEST_APPROVE', '2014-07-24 04:02:25', 'Science Division', 715, 8),
(397, 1, 1, 2303, NULL, '2014-07-24', NULL, 1, 1, '1118:BBA', 'REQUEST_APPROVE', '2014-07-24 04:04:15', '1118:BBA', 716, 8),
(398, 1, 1, 3305, NULL, '2014-07-18', NULL, 1, 1, 'Tel:0814444311', 'REQUEST_APPROVE', '2014-07-16 03:35:23', 'Tel:0814444311', 570, 8),
(399, 1, 1, 1210, NULL, '2014-07-20', NULL, 1, 1, '', 'REQUEST_APPROVE', '2014-07-16 03:49:19', '', 580, 8),
(400, 1, 1, 5212, NULL, '2014-07-21', NULL, 1, 1, '', 'REQUEST_APPROVE', '2014-07-20 07:46:50', '', 693, 8),
(401, 1, 1, 2207, NULL, '2014-07-22', NULL, 1, 1, '', 'REQUEST_APPROVE', '2014-07-16 04:01:47', '', 586, 8),
(402, 1, 1, 1210, NULL, '2014-07-20', NULL, 1, 1, '', 'REQUEST_APPROVE', '2014-07-16 03:51:09', '', 581, 8),
(403, 1, 1, 2207, NULL, '2014-07-22', NULL, 1, 1, '', 'REQUEST_APPROVE', '2014-07-16 06:05:21', '', 590, 8),
(404, 1, 1, 2207, NULL, '2014-07-24', NULL, 1, 1, '', 'REQUEST_APPROVE', '2014-07-16 06:06:56', '', 591, 8),
(405, 1, 1, 2207, NULL, '2014-07-24', NULL, 1, 1, '', 'REQUEST_APPROVE', '2014-07-16 06:09:07', '', 592, 8),
(406, 1, 1, 2207, NULL, '2014-07-17', NULL, 1, 1, '', 'REQUEST_APPROVE', '2014-07-16 06:13:29', '', 593, 8),
(407, 1, 1, 2207, NULL, '2014-07-18', NULL, 1, 1, '', 'REQUEST_APPROVE', '2014-07-16 06:15:16', '', 594, 8),
(408, 1, 1, 2207, NULL, '2014-07-18', NULL, 1, 1, '', 'REQUEST_APPROVE', '2014-07-16 06:16:58', '', 595, 8),
(409, 1, 1, 1214, NULL, '2014-07-21', NULL, 1, 1, '', 'REQUEST_APPROVE', '2014-07-16 06:18:56', '', 596, 8),
(410, 1, 1, 1214, NULL, '2014-07-21', NULL, 1, 2, '', 'REQUEST_APPROVE', '2014-07-16 06:20:20', '', 597, 8),
(411, 1, 1, 1214, NULL, '2014-07-22', NULL, 1, 1, '', 'REQUEST_APPROVE', '2014-07-16 06:22:28', '', 598, 8),
(412, 1, 1, 1210, NULL, '2014-07-26', NULL, 1, 1, '', 'REQUEST_APPROVE', '2014-07-16 06:30:43', '', 603, 8),
(413, 1, 1, 1210, NULL, '2014-07-26', NULL, 1, 1, '', 'REQUEST_APPROVE', '2014-07-16 06:32:16', '', 604, 8),
(414, 1, 1, 1210, NULL, '2014-07-26', NULL, 1, 1, '', 'REQUEST_APPROVE', '2014-07-16 06:33:58', '', 605, 8),
(415, 1, 1, 1210, NULL, '2014-07-26', NULL, 1, 1, '', 'REQUEST_APPROVE', '2014-07-16 06:35:13', '', 606, 8),
(416, 1, 1, 1210, NULL, '2014-07-26', NULL, 1, 2, '', 'REQUEST_APPROVE', '2014-07-16 06:36:47', '', 607, 8),
(417, 1, 1, 1210, NULL, '2014-07-27', NULL, 1, 1, '', 'REQUEST_APPROVE', '2014-07-16 06:38:10', '', 608, 8),
(418, 1, 1, 1210, NULL, '2014-07-27', NULL, 1, 1, '', 'REQUEST_APPROVE', '2014-07-16 06:39:25', '', 609, 8),
(419, 1, 1, 1214, NULL, '2014-07-16', NULL, 1, 2, '', 'REQUEST_APPROVE', '2014-07-16 06:47:13', '', 610, 8),
(420, 1, 1, 1214, NULL, '2014-07-16', NULL, 1, 1, '', 'REQUEST_APPROVE', '2014-07-16 06:48:47', '', 611, 8),
(421, 1, 1, 3305, NULL, '2014-07-16', NULL, 2, 3, 'Tel:0814444311', 'REQUEST_APPROVE', '2014-07-16 05:20:58', 'Tel:0814444311', 587, 8),
(422, 1, 1, 1408, NULL, '2014-07-17', NULL, 1, 1, 'Tel: 0832502220', 'REQUEST_APPROVE', '2014-07-16 05:40:56', 'Tel: 0832502220', 588, 8),
(423, 1, 1, 3410, NULL, '2014-07-17', NULL, 1, 1, 'Computer', 'REQUEST_APPROVE', '2014-07-16 08:13:19', 'Computer', 635, 8),
(424, 1, 1, 3412, NULL, '2014-07-17', NULL, 1, 1, 'Computer', 'REQUEST_APPROVE', '2014-07-16 08:14:52', 'Computer', 636, 8),
(425, 1, 1, 3317, NULL, '2014-07-17', NULL, 1, 1, '', 'REQUEST_APPROVE', '2014-07-16 07:18:46', '', 625, 8),
(426, 1, 1, 3407, NULL, '2014-07-16', NULL, 1, 2, 'Tel.0805918753\nDivision.science \nRoom requirements.any computer lab ', 'REQUEST_APPROVE', '2014-07-16 08:01:59', 'Tel.0805918753\nDivision.science \nRoom requirements.any computer lab ', 634, 8),
(427, 1, 1, 2207, NULL, '2014-07-18', NULL, 1, 1, '', 'REQUEST_APPROVE', '2014-07-16 06:50:26', '', 612, 8),
(428, 1, 1, 2207, NULL, '2014-07-21', NULL, 1, 1, 'Room 2207\n02-800 3560 \nHLD', 'REQUEST_APPROVE', '2014-07-21 02:26:42', 'Room 2207\n02-800 3560 \nHLD', 695, 8),
(429, 1, 1, 3414, NULL, '2014-07-25', NULL, 1, 1, 'Ext.1210/SA', 'REQUEST_APPROVE', '2014-07-24 05:53:48', 'Ext.1210/SA', 717, 8),
(430, 1, 1, 3411, NULL, '2014-07-17', NULL, 2, 3, '', 'REQUEST_APPROVE', '2014-07-16 07:05:54', '', 623, 8),
(431, 1, 1, 3411, NULL, '2014-07-18', NULL, 1, 1, '', 'REQUEST_APPROVE', '2014-07-16 07:06:13', '', 624, 8),
(432, 1, 1, 2207, NULL, '2014-07-18', NULL, 1, 1, '', 'REQUEST_APPROVE', '2014-07-16 06:51:57', '', 613, 8),
(433, 1, 1, 1210, NULL, '2014-07-23', NULL, 1, 2, '', 'REQUEST_APPROVE', '2014-07-16 07:58:12', '', 633, 8),
(434, 1, 1, 2307, NULL, '2014-07-25', NULL, 1, 1, '1745, BBA', 'REQUEST_APPROVE', '2014-07-17 09:56:24', '1745, BBA', 678, 8),
(435, 1, 1, 3409, NULL, '2014-07-17', NULL, 1, 1, '', 'REQUEST_APPROVE', '2014-07-16 07:04:47', '', 620, 8),
(436, 1, 1, 3411, NULL, '2014-07-17', NULL, 1, 2, '', 'REQUEST_APPROVE', '2014-07-16 07:05:33', '', 622, 8),
(437, 1, 1, 3414, NULL, '2014-07-17', NULL, 1, 1, '', 'REQUEST_APPROVE', '2014-07-16 07:01:50', '', 618, 8),
(438, 1, 1, 1318, NULL, '2014-07-21', NULL, 1, 1, '', 'REQUEST_APPROVE', '2014-07-16 07:48:15', '', 630, 8),
(439, 1, 1, 1318, NULL, '2014-07-21', NULL, 1, 1, '', 'REQUEST_APPROVE', '2014-07-16 07:50:33', '', 631, 8),
(440, 1, 1, 1210, NULL, '2014-07-23', NULL, 1, 1, '', 'REQUEST_APPROVE', '2014-07-16 07:53:09', '', 632, 8),
(441, 1, 1, 1318, NULL, '2014-07-22', NULL, 1, 3, 'Tel : 085-828-8832\nRequirements : 3 Microphones and Projector screen\n** 3days Reservation - 18,19,22 August 2014\n', 'REQUEST_APPROVE', '2014-07-18 08:21:14', 'Tel : 085-828-8832\nRequirements : 3 Microphones and Projector screen\n** 3days Reservation - 18,19,22 August 2014\n', 689, 8),
(442, 1, 1, 3420, NULL, '2014-07-17', NULL, 1, 2, 'Final Revision for Asian Philosophy\n(Computer+internet)', 'REQUEST_APPROVE', '2014-07-16 02:16:41', 'Final Revision for Asian Philosophy\n(Computer+internet)', 533, 8),
(443, 1, 1, 3414, NULL, '2014-07-17', NULL, 1, 1, '', 'REQUEST_APPROVE', '2014-07-16 07:00:02', '', 617, 8),
(444, 1, 1, 3411, NULL, '2014-07-17', NULL, 1, 1, '', 'REQUEST_APPROVE', '2014-07-16 07:04:27', '', 619, 8),
(445, 1, 1, 3414, NULL, '2014-07-29', NULL, 1, 1, '1305\nงานพัสดุ\n3414', 'REQUEST_APPROVE', '2014-07-24 09:28:26', '1305\nงานพัสดุ\n3414', 721, 8),
(446, 1, 1, 3421, NULL, '2014-07-30', NULL, 1, 1, 'Computer, Projector, Internet', 'REQUEST_APPROVE', '2014-07-29 14:29:21', 'Computer, Projector, Internet', 760, 8),
(447, 1, 1, 3414, NULL, '2014-07-17', NULL, 1, 1, '', 'REQUEST_APPROVE', '2014-07-16 07:32:28', '', 626, 8),
(448, 1, 1, 3411, NULL, '2014-07-17', NULL, 1, 1, '', 'REQUEST_APPROVE', '2014-07-16 07:05:14', '', 621, 8),
(449, 1, 1, 2207, NULL, '2014-07-23', NULL, 1, 1, '', 'REQUEST_APPROVE', '2014-07-16 08:32:51', '', 637, 8),
(450, 1, 1, 2207, NULL, '2014-07-25', NULL, 1, 2, 'OE, ext. 1106', 'REQUEST_APPROVE', '2014-07-24 09:39:22', 'OE, ext. 1106', 722, 8),
(451, 1, 1, 1214, NULL, '2014-07-29', NULL, 1, 1, 'Data Hub Meeting room 2207 ', 'REQUEST_APPROVE', '2014-07-16 08:51:13', 'Data Hub Meeting room 2207 ', 643, 8),
(452, 1, 1, 2207, NULL, '2014-07-23', NULL, 1, 1, '', 'REQUEST_APPROVE', '2014-07-16 08:34:42', '', 638, 8),
(453, 1, 1, 3414, NULL, '2014-07-18', NULL, 1, 2, '', 'REQUEST_APPROVE', '2014-07-16 08:38:12', '', 640, 8),
(454, 1, 1, 3414, NULL, '2014-07-18', NULL, 1, 1, '', 'REQUEST_APPROVE', '2014-07-16 08:36:35', '', 639, 8),
(455, 1, 1, 2207, NULL, '2014-07-25', NULL, 1, 1, '', 'REQUEST_APPROVE', '2014-07-16 08:40:15', '', 641, 8),
(456, 1, 1, 2207, NULL, '2014-07-25', NULL, 1, 1, '', 'REQUEST_APPROVE', '2014-07-16 08:43:04', '', 642, 8),
(457, 1, 1, 1210, NULL, '2014-07-21', NULL, 1, 1, '', 'REQUEST_APPROVE', '2014-07-16 08:53:16', '', 644, 8),
(458, 1, 1, 3409, NULL, '2014-07-18', NULL, 1, 1, 'ประชุมด่วน วาระพิเศษ (SLL) ', 'REQUEST_APPROVE', '2014-07-17 10:28:24', 'ประชุมด่วน วาระพิเศษ (SLL) ', 679, 8),
(459, 1, 1, 3414, NULL, '2014-07-24', NULL, 1, 1, '1305\nงานพัสดุ \nห้อง 3414', 'REQUEST_APPROVE', '2014-07-21 09:02:00', '1305\nงานพัสดุ \nห้อง 3414', 700, 8),
(460, 1, 1, 2307, NULL, '2014-07-15', NULL, 1, 1, '1745, BBA', 'REQUEST_APPROVE', '2014-06-24 10:00:26', '1745, BBA', 233, 7),
(461, 1, 1, 2307, NULL, '2014-07-19', NULL, 1, 1, '1745, BBA', 'REQUEST_APPROVE', '2014-06-24 10:08:25', '1745, BBA', 237, 7),
(462, 1, 1, 2307, NULL, '2014-07-14', NULL, 1, 1, '1745, BBA', 'REQUEST_APPROVE', '2014-06-24 10:10:45', '1745, BBA', 238, 7),
(463, 1, 1, 3306, NULL, '2014-07-17', NULL, 1, 2, 'Tel: 0899181232', 'REQUEST_APPROVE', '2014-07-16 10:31:21', 'Tel: 0899181232', 647, 7),
(464, 1, 1, 1417, NULL, '2014-07-28', NULL, 1, 1, '1745, BBA', 'REQUEST_APPROVE', '2014-06-24 10:04:43', '1745, BBA', 235, 7),
(465, 1, 1, 1417, NULL, '2014-07-29', NULL, 1, 1, '1745, BBA', 'REQUEST_APPROVE', '2014-06-24 10:06:00', '1745, BBA', 236, 7),
(466, 1, 1, 2307, NULL, '2014-07-23', NULL, 1, 1, '1745, BBA', 'REQUEST_APPROVE', '2014-06-25 06:55:35', '1745, BBA', 255, 7),
(467, 1, 1, 3302, NULL, '2014-07-15', NULL, 1, 1, '1745, BBA', 'REQUEST_APPROVE', '2014-06-27 01:58:22', '1745, BBA', 286, 7),
(468, 1, 1, 1404, NULL, '2014-07-07', NULL, 2, 3, '', 'REQUEST_APPROVE', '2014-07-06 06:49:17', '', 435, 7),
(469, 1, 1, 3414, NULL, '2014-07-30', NULL, 1, 1, 'งานพัสดุ 1306', 'REQUEST_APPROVE', '2014-07-28 08:44:15', 'งานพัสดุ 1306', 745, 7),
(470, 1, 1, 1318, NULL, '2014-07-09', NULL, 1, 3, 'I must use this room for our important final presentation. ', 'REQUEST_APPROVE', '2014-06-02 12:07:04', 'I must use this room for our important final presentation. ', 19, 7),
(471, 1, 1, 3410, NULL, '2014-07-18', NULL, 1, 1, 'Division: BBA\nTel: (66) 2-441-5090 ext. 1419\nE-mail: alessandro.sta@mahidol.ac.th\nRoom Requirements: Any room with projector and microphone', 'REQUEST_APPROVE', '2014-06-20 09:42:41', 'Division: BBA\nTel: (66) 2-441-5090 ext. 1419\nE-mail: alessandro.sta@mahidol.ac.th\nRoom Requirements: Any room with projector and microphone', 202, 7),
(472, 1, 1, -1, NULL, '2014-07-18', NULL, 1, 2, '', 'REQUEST_APPROVE', '2014-06-20 03:28:40', '', 195, 7),
(473, 1, 1, 1307, NULL, '2014-07-09', NULL, 1, 3, '', 'REQUEST_APPROVE', '2014-06-23 11:49:25', '', 219, 7),
(474, 1, 1, 2308, NULL, '2014-07-15', NULL, 1, 1, '1745, BBA', 'REQUEST_APPROVE', '2014-06-24 10:02:27', '1745, BBA', 234, 7),
(475, 1, 1, -1, NULL, '2014-07-29', NULL, 1, 2, '', 'REQUEST_APPROVE', '2014-06-12 08:49:22', '', 99, 7),
(476, 1, 1, 3414, NULL, '2014-07-28', NULL, 1, 1, '1305 \nงานพัสดุ \nห้อง 1207', 'REQUEST_APPROVE', '2014-07-16 09:39:27', '1305 \nงานพัสดุ \nห้อง 1207', 645, 7),
(477, 1, 1, 2207, NULL, '2014-07-22', NULL, 1, 1, '', 'REQUEST_APPROVE', '2014-07-16 06:03:06', '', 589, 7),
(478, 1, 1, -1, NULL, '2014-07-28', NULL, 1, 2, '', 'REQUEST_APPROVE', '2014-06-12 08:46:19', '', 98, 7),
(479, 1, 1, -1, NULL, '2014-07-18', NULL, 1, 2, 'IT ', 'REQUEST_APPROVE', '2014-07-18 01:13:42', 'IT ', 681, 7),
(480, 1, 1, 3421, NULL, '2014-07-17', NULL, 1, 1, '', 'REQUEST_APPROVE', '2014-07-16 16:57:22', '', 648, 7),
(481, 1, 1, 3412, NULL, '2014-07-08', NULL, 1, 1, '1511/ THM/ 3412', 'REQUEST_APPROVE', '2014-06-26 03:31:21', '1511/ THM/ 3412', 274, 7),
(482, 1, 1, 3414, NULL, '2014-07-22', NULL, 1, 1, 'Tel: Ext.1116\nDivision: PR\nRoom Requirement: -', 'REQUEST_APPROVE', '2014-07-16 02:56:37', 'Tel: Ext.1116\nDivision: PR\nRoom Requirement: -', 551, 7),
(483, 1, 1, 3316, NULL, '2014-07-17', NULL, 1, 3, '', 'REQUEST_APPROVE', '2014-07-02 12:20:17', '', 359, 7),
(484, 1, 1, 3304, NULL, '2014-07-17', NULL, 1, 2, 'prepare for exam', 'REQUEST_APPROVE', '2014-07-14 09:01:33', 'prepare for exam', 478, 7),
(485, 1, 1, 3415, NULL, '2014-07-23', NULL, 1, 2, 'นักศึกษา ป.โท defense 23 ก.ค.57 เวลา 9.00 -18.00 น. ขอห้องให้ (3515)', 'REQUEST_APPROVE', '2014-07-18 01:08:28', 'นักศึกษา ป.โท defense 23 ก.ค.57 เวลา 9.00 -18.00 น. ขอห้องให้ (3515)', 680, 7),
(486, 1, 1, 3410, NULL, '2014-07-07', NULL, 1, 3, 'Tel: 0818252922\nDivision: Computer Science \nRoom Requirements: Any lecture room ', 'REQUEST_APPROVE', '2014-07-03 06:41:44', 'Tel: 0818252922\nDivision: Computer Science \nRoom Requirements: Any lecture room ', 395, 7),
(487, 1, 1, -1, NULL, '2014-07-07', NULL, 1, 2, 'Tel: 0827866709\nDivision:  \nRoom Requirements: Any room', 'REQUEST_APPROVE', '2014-07-03 12:02:19', 'Tel: 0827866709\nDivision:  \nRoom Requirements: Any room', 408, 7),
(488, 1, 1, 3420, NULL, '2014-07-24', NULL, 1, 1, 'Accord Visit (พลังงาน)  วันที่ 24 ก.ค.57 เวลา 14.00-16.00 น. (ขอใช้ห้องประชุม 2207)', 'REQUEST_APPROVE', '2014-07-18 01:13:50', 'Accord Visit (พลังงาน)  วันที่ 24 ก.ค.57 เวลา 14.00-16.00 น. (ขอใช้ห้องประชุม 2207)', 682, 7),
(489, 1, 1, 2207, NULL, '2014-07-30', NULL, 1, 1, 'ขอใช้ห้อง 2207ค่ะ', 'REQUEST_APPROVE', '2014-07-22 03:25:14', 'ขอใช้ห้อง 2207ค่ะ', 705, 7),
(490, 1, 1, 2207, NULL, '2014-07-30', NULL, 1, 1, 'Tel : 1761\nDivision : THM \nReserved by : Teerawan Nuntakij\nRoom Requirements : meeting room', 'REQUEST_APPROVE', '2014-07-25 03:25:08', 'Tel : 1761\nDivision : THM \nReserved by : Teerawan Nuntakij\nRoom Requirements : meeting room', 724, 7),
(491, 1, 1, 3414, NULL, '2014-07-23', NULL, 1, 1, 'BBA, 1745, Meeting room', 'REQUEST_APPROVE', '2014-07-17 06:09:22', 'BBA, 1745, Meeting room', 654, 7),
(492, 1, 1, 1418, NULL, '2014-07-07', NULL, 1, 1, '', 'REQUEST_APPROVE', '2014-07-04 10:10:11', '', 425, 7),
(493, 1, 1, 2302, NULL, '2014-07-07', NULL, 1, 1, 'room with mirrror', 'REQUEST_APPROVE', '2014-07-04 10:05:39', 'room with mirrror', 423, 7),
(494, 1, 1, 2302, NULL, '2014-07-07', NULL, 1, 3, 'any room with mirror', 'REQUEST_APPROVE', '2014-07-04 10:07:58', 'any room with mirror', 424, 7),
(495, 1, 1, 1314, NULL, '2014-07-07', NULL, 1, 2, 'Tel: 0867565252\nDivision: THM\nRoom Requirements: Computer', 'REQUEST_APPROVE', '2014-07-04 13:32:35', 'Tel: 0867565252\nDivision: THM\nRoom Requirements: Computer', 428, 7),
(496, 1, 1, 1302, NULL, '2014-07-07', NULL, 1, 1, 'Tel: 090-994-4285', 'REQUEST_APPROVE', '2014-07-05 09:33:46', 'Tel: 090-994-4285', 433, 7),
(497, 1, 1, 1406, NULL, '2014-07-07', NULL, 1, 3, 'tel; 0805918753\ndivisin;thm\nrequirements''ayrooms with omputer', 'REQUEST_APPROVE', '2014-07-07 07:36:32', 'tel; 0805918753\ndivisin;thm\nrequirements''ayrooms with omputer', 441, 7),
(498, 1, 1, 1302, NULL, '2014-07-07', NULL, 1, 1, 'Tel: 090-994-4285', 'REQUEST_APPROVE', '2014-07-05 09:29:14', 'Tel: 090-994-4285', 432, 7),
(499, 1, 1, 3415, NULL, '2014-07-07', NULL, 1, 1, 'Room requirements: using computer ', 'REQUEST_APPROVE', '2014-07-05 05:16:29', 'Room requirements: using computer ', 430, 7),
(500, 1, 1, 3408, NULL, '2014-07-07', NULL, 1, 3, 'Tel:0817200446\nRoom Requirement : Any rooms at IC building', 'REQUEST_APPROVE', '2014-07-07 05:33:29', 'Tel:0817200446\nRoom Requirement : Any rooms at IC building', 439, 7),
(501, 1, 1, 3306, NULL, '2014-07-07', NULL, 1, 2, '1118: BBA', 'REQUEST_APPROVE', '2014-07-07 03:07:20', '1118: BBA', 437, 7),
(502, 1, 1, 3411, NULL, '2014-07-07', NULL, 2, 3, '', 'REQUEST_APPROVE', '2014-07-07 05:19:51', '', 438, 7),
(503, 1, 1, 3412, NULL, '2014-07-07', NULL, 1, 2, '1745, BBA', 'REQUEST_APPROVE', '2014-07-07 07:12:28', '1745, BBA', 440, 7),
(504, 1, 1, 3411, NULL, '2014-07-09', NULL, 1, 1, '', 'REQUEST_APPROVE', '2014-07-08 10:40:25', '', 450, 7),
(505, 1, 1, 1304, NULL, '2014-07-09', NULL, 2, 3, 'Tel: 0867565252\nDivision: THM\nRoom Requirements: Compute lap', 'REQUEST_APPROVE', '2014-07-07 10:23:13', 'Tel: 0867565252\nDivision: THM\nRoom Requirements: Compute lap', 443, 7),
(506, 1, 1, 2302, NULL, '2014-07-09', NULL, 1, 2, 'Contact งานคุมสอบ', 'REQUEST_APPROVE', '2014-07-08 01:04:07', 'Contact งานคุมสอบ', 445, 7),
(507, 1, 1, 1312, NULL, '2014-07-27', NULL, 1, 1, 'Admissions\nTel: 1245\nUse for MUIC Entrance Examination ', 'REQUEST_APPROVE', '2014-07-08 07:58:03', 'Admissions\nTel: 1245\nUse for MUIC Entrance Examination ', 448, 7),
(508, 1, 1, 3412, NULL, '2014-07-09', NULL, 1, 1, 'Tel: 0909944285', 'REQUEST_APPROVE', '2014-07-08 12:54:54', 'Tel: 0909944285', 452, 7),
(509, 1, 1, 3315, NULL, '2014-07-09', NULL, 1, 3, 'Tel: 0909944285', 'REQUEST_APPROVE', '2014-07-08 12:56:18', 'Tel: 0909944285', 455, 7),
(510, 1, 1, 3304, NULL, '2014-07-09', NULL, 1, 1, 'Tel: 0909944285', 'REQUEST_APPROVE', '2014-07-08 12:55:20', 'Tel: 0909944285', 453, 7),
(511, 1, 1, 3304, NULL, '2014-07-09', NULL, 1, 1, 'Tel: 0909944285', 'REQUEST_APPROVE', '2014-07-08 12:55:48', 'Tel: 0909944285', 454, 7),
(512, 1, 1, 3304, NULL, '2014-07-09', NULL, 1, 1, '', 'REQUEST_APPROVE', '2014-07-08 10:38:46', '', 449, 7),
(513, 1, 1, 1418, NULL, '2014-07-26', NULL, 1, 2, 'Admissions\nTel: 1245\nUse for the MUIC Entrance Examination (ขอห้อง 1418-1419 ค่ะ)', 'REQUEST_APPROVE', '2014-07-08 07:54:47', 'Admissions\nTel: 1245\nUse for the MUIC Entrance Examination (ขอห้อง 1418-1419 ค่ะ)', 447, 7),
(514, 1, 1, 3410, NULL, '2014-07-15', NULL, 1, 1, 'BBA:1118', 'REQUEST_APPROVE', '2014-07-09 01:10:42', 'BBA:1118', 457, 7),
(515, 1, 1, -1, NULL, '2014-07-17', NULL, 1, 1, 'Faculty support services unit\nMrs. Sopa ext. 1125', 'REQUEST_APPROVE', '2014-07-09 03:09:18', 'Faculty support services unit\nMrs. Sopa ext. 1125', 459, 7),
(516, 1, 1, -1, NULL, '2014-07-18', NULL, 1, 1, 'Faculty Support Services Unit\nMrs. Sopa Ext. 1125', 'REQUEST_APPROVE', '2014-07-09 03:24:03', 'Faculty Support Services Unit\nMrs. Sopa Ext. 1125', 460, 7),
(517, 1, 1, 3407, NULL, '2014-07-09', NULL, 2, 3, 'tel; 0805918753\ndivision; thm\nroom requirements; an cmpter lab', 'REQUEST_APPROVE', '2014-07-09 04:37:23', 'tel; 0805918753\ndivision; thm\nroom requirements; an cmpter lab', 461, 7),
(518, 1, 1, -1, NULL, '2014-07-16', NULL, 2, 3, 'Faculty Support Services Units\nMrs. Sopa ext 1125', 'REQUEST_APPROVE', '2014-07-10 06:30:45', 'Faculty Support Services Units\nMrs. Sopa ext 1125', 462, 7),
(519, 1, 1, -1, NULL, '2014-07-17', NULL, 2, 3, 'Faculty Support Services Units\nMrs. Sopa ext 1125', 'REQUEST_APPROVE', '2014-07-10 06:32:16', 'Faculty Support Services Units\nMrs. Sopa ext 1125', 463, 7),
(520, 1, 1, 3412, NULL, '2014-07-15', NULL, 1, 2, 'prepare exam', 'REQUEST_APPROVE', '2014-07-14 08:14:50', 'prepare exam', 475, 7),
(521, 1, 1, 1307, NULL, '2014-07-16', NULL, 1, 2, 'prepare for exam', 'REQUEST_APPROVE', '2014-07-14 08:16:30', 'prepare for exam', 476, 7),
(522, 1, 1, 3410, NULL, '2014-07-17', NULL, 1, 2, 'prepare for exam', 'REQUEST_APPROVE', '2014-07-14 08:18:04', 'prepare for exam', 477, 7),
(523, 1, 1, 3317, NULL, '2014-07-12', NULL, 1, 1, '', 'REQUEST_APPROVE', '2014-07-11 07:06:49', '', 467, 7),
(524, 1, 1, 3412, NULL, '2014-07-12', NULL, 1, 1, 'Room Requirements: Projector', 'REQUEST_APPROVE', '2014-07-11 11:18:52', 'Room Requirements: Projector', 468, 7),
(525, 1, 1, 3407, NULL, '2014-07-12', NULL, 2, 2, 'tel;0805918753\ndivision; thm\nroom  requirements; any room with  computer', 'REQUEST_APPROVE', '2014-07-12 06:16:16', 'tel;0805918753\ndivision; thm\nroom  requirements; any room with  computer', 470, 7),
(526, 1, 1, -1, NULL, '2014-07-16', NULL, 1, 1, 'Mrs. Sopa\nFaculty Support Units\next. 1125', 'REQUEST_APPROVE', '2014-07-12 06:31:53', 'Mrs. Sopa\nFaculty Support Units\next. 1125', 471, 7),
(527, 1, 1, 3410, NULL, '2014-07-14', NULL, 1, 3, '', 'REQUEST_APPROVE', '2014-07-13 05:48:20', '', 472, 7),
(528, 1, 1, 3407, NULL, '2014-07-14', NULL, 1, 2, 'tel;0805918753\ndivisioon;scieence\nroom  quirement; anny computer lab', 'REQUEST_APPROVE', '2014-07-14 06:16:10', 'tel;0805918753\ndivisioon;scieence\nroom  quirement; anny computer lab', 474, 7),
(529, 1, 1, 3306, NULL, '2014-07-15', NULL, 1, 1, '', 'REQUEST_APPROVE', '2014-07-14 09:39:27', '', 479, 7),
(530, 1, 1, 3410, NULL, '2014-07-15', NULL, 1, 1, '', 'REQUEST_APPROVE', '2014-07-14 09:40:14', '', 480, 7),
(531, 1, 1, 3317, NULL, '2014-07-16', NULL, 1, 1, '', 'REQUEST_APPROVE', '2014-07-15 02:59:35', '', 484, 7),
(532, 1, 1, 3302, NULL, '2014-07-16', NULL, 1, 1, '', 'REQUEST_APPROVE', '2014-07-15 03:00:12', '', 485, 7),
(533, 1, 1, 3410, NULL, '2014-07-16', NULL, 1, 2, '', 'REQUEST_APPROVE', '2014-07-15 03:01:25', '', 487, 7),
(534, 1, 1, 3302, NULL, '2014-07-16', NULL, 1, 1, '', 'REQUEST_APPROVE', '2014-07-15 03:00:47', '', 486, 7),
(535, 1, 1, 3306, NULL, '2014-07-15', NULL, 1, 1, 'BBA, 1745', 'REQUEST_APPROVE', '2014-07-15 03:01:49', 'BBA, 1745', 488, 7),
(536, 1, 1, 3305, NULL, '2014-07-16', NULL, 6, 1, 'tel:08144444311', 'REQUEST_APPROVE', '2014-07-15 18:26:47', 'tel:08144444311', 503, 7),
(537, 1, 1, 2207, NULL, '2014-07-16', NULL, 1, 2, 'MATV system meeting', 'REQUEST_APPROVE', '2014-07-15 06:45:49', 'MATV system meeting', 491, 7),
(538, 1, 1, 2207, NULL, '2014-07-23', NULL, 1, 1, '1118:BBA', 'REQUEST_APPROVE', '2014-07-15 06:49:35', '1118:BBA', 492, 7),
(539, 1, 1, 3305, NULL, '2014-07-16', NULL, 1, 1, 'Tel: 0814444311', 'REQUEST_APPROVE', '2014-07-15 18:30:58', 'Tel: 0814444311', 505, 7),
(540, 1, 1, 3305, NULL, '2014-07-16', NULL, 1, 1, 'Tel:0814444311', 'REQUEST_APPROVE', '2014-07-15 06:53:44', 'Tel:0814444311', 493, 7),
(541, 1, 1, 3415, NULL, '2014-07-15', NULL, 1, 1, '', 'REQUEST_APPROVE', '2014-07-15 06:56:53', '', 494, 7),
(542, 1, 1, 2207, NULL, '2014-07-16', NULL, 1, 1, '', 'REQUEST_APPROVE', '2014-07-15 07:41:55', '', 496, 7),
(543, 1, 1, 3407, NULL, '2014-07-15', NULL, 1, 2, 'te;0805918753\ndivisioon;science\nroom requireents; any opter lab', 'REQUEST_APPROVE', '2014-07-15 07:34:34', 'te;0805918753\ndivisioon;science\nroom requireents; any opter lab', 495, 7),
(544, 1, 1, 2207, NULL, '2014-07-28', NULL, 1, 1, 'Science Division\nRoom Requirement: any meeting room', 'REQUEST_APPROVE', '2014-07-15 09:53:41', 'Science Division\nRoom Requirement: any meeting room', 498, 7),
(545, 1, 1, 3414, NULL, '2014-07-16', NULL, 1, 1, '1306 งานพัสดุ', 'REQUEST_APPROVE', '2014-07-15 08:35:01', '1306 งานพัสดุ', 497, 7),
(546, 1, 1, 3414, NULL, '2014-07-24', NULL, 1, 1, 'Tel: Ext.1116\nDivision: PR\nRoom Requirement: -', 'REQUEST_APPROVE', '2014-07-17 01:45:56', 'Tel: Ext.1116\nDivision: PR\nRoom Requirement: -', 649, 7),
(547, 1, 1, 3411, NULL, '2014-07-16', NULL, 1, 1, '', 'REQUEST_APPROVE', '2014-07-15 15:35:20', '', 500, 7),
(548, 1, 1, 3305, NULL, '2014-07-15', NULL, 6, 1, 'tel: 0814444311', 'REQUEST_APPROVE', '2014-07-15 18:21:30', 'tel: 0814444311', 501, 7),
(549, 1, 1, 3305, NULL, '2014-07-15', NULL, 1, 1, 'tel:0814444311', 'REQUEST_APPROVE', '2014-07-15 18:23:35', 'tel:0814444311', 502, 7),
(550, 1, 1, 1214, NULL, '2014-07-21', NULL, 1, 1, 'Tel. 1201\nOffice of the Dean\nRoom : 1214 Dean meeting room', 'REQUEST_APPROVE', '2014-07-15 10:15:36', 'Tel. 1201\nOffice of the Dean\nRoom : 1214 Dean meeting room', 499, 7),
(551, 1, 1, 3305, NULL, '2014-07-16', NULL, 1, 1, 'tel:0814444311', 'REQUEST_APPROVE', '2014-07-15 18:28:19', 'tel:0814444311', 504, 7),
(552, 1, 1, 3414, NULL, '2014-07-19', NULL, 1, 1, 'Science Division\nRoom Requirement: Any meeting room', 'REQUEST_APPROVE', '2014-07-17 05:24:32', 'Science Division\nRoom Requirement: Any meeting room', 653, 7),
(553, 1, 1, 1214, NULL, '2014-07-18', NULL, 1, 1, '', 'REQUEST_APPROVE', '2014-07-16 01:35:55', '', 512, 7),
(554, 1, 1, 1214, NULL, '2014-07-18', NULL, 1, 1, 'มีการจัดเลี้ยงอาหารด้วยค่ะ ', 'REQUEST_APPROVE', '2014-07-18 02:20:52', 'มีการจัดเลี้ยงอาหารด้วยค่ะ ', 683, 7),
(555, 1, 1, 3303, NULL, '2014-07-18', NULL, 1, 2, 'Any room on the 3rd floor', 'REQUEST_APPROVE', '2014-07-17 01:55:09', 'Any room on the 3rd floor', 650, 7),
(556, 1, 1, 1210, NULL, '2014-07-24', NULL, 1, 1, '', 'REQUEST_APPROVE', '2014-07-18 02:49:35', '', 684, 7),
(557, 1, 1, 1214, NULL, '2014-07-23', NULL, 1, 1, '02-800-3574\nDivision : HLD\nRoom : 1214', 'REQUEST_APPROVE', '2014-07-22 03:31:39', '02-800-3574\nDivision : HLD\nRoom : 1214', 706, 7),
(558, 1, 1, 3315, NULL, '2014-07-25', NULL, 1, 1, 'การอบรมการใช้งานชุดทดสอบประสิทธิภาพการเรียนการสอน (Clicker)\nโดยวิทยากร คือ คุณสรวีร์ วรกุลพิทักษ์ ตัวแทนจาก บริษัท อินเตอร์เอ็ดดูเคชั่น ซัพพลายส์ จำกัด \nในวันศุกร์ที่ 25 กรกฎาคม พ.ศ. 2557 เวลา 10:00-11:00 น.  ห้อง 3415', 'REQUEST_APPROVE', '2014-07-22 10:35:22', 'การอบรมการใช้งานชุดทดสอบประสิทธิภาพการเรียนการสอน (Clicker)\nโดยวิทยากร คือ คุณสรวีร์ วรกุลพิทักษ์ ตัวแทนจาก บริษัท อินเตอร์เอ็ดดูเคชั่น ซัพพลายส์ จำกัด \nในวันศุกร์ที่ 25 กรกฎาคม พ.ศ. 2557 เวลา 10:00-11:00 น.  ห้อง 3415', 711, 7),
(559, 1, 1, 3306, NULL, '2014-07-18', NULL, 1, 1, 'Tel: 0899181232', 'REQUEST_APPROVE', '2014-07-17 07:49:35', 'Tel: 0899181232', 655, 7),
(560, 1, 1, 2207, NULL, '2014-07-29', NULL, 1, 1, '', 'REQUEST_APPROVE', '2014-07-16 02:08:17', '', 528, 7),
(561, 1, 1, 3407, NULL, '2014-07-18', NULL, 1, 2, 'tel;0805918753\ndivision;thm\nroom requirement;any computer lab', 'REQUEST_APPROVE', '2014-07-18 06:38:12', 'tel;0805918753\ndivision;thm\nroom requirement;any computer lab', 685, 7),
(562, 1, 1, 3414, NULL, '2014-07-22', NULL, 1, 1, 'Tel.3555\nIT\nRoom 3414', 'REQUEST_APPROVE', '2014-07-22 07:02:07', 'Tel.3555\nIT\nRoom 3414', 709, 7),
(563, 1, 1, 1210, NULL, '2014-07-25', NULL, 1, 2, 'งานบริหารกลาง\nขอความอนุเคราะห์จัดให้สำหรับให้มีการเสนอชื่อ เบื้องต้นได้พูดคุยกับคุณสิทธาแล้ว ขอบคุณมากค่ะ\n', 'REQUEST_APPROVE', '2014-07-22 05:45:47', 'งานบริหารกลาง\nขอความอนุเคราะห์จัดให้สำหรับให้มีการเสนอชื่อ เบื้องต้นได้พูดคุยกับคุณสิทธาแล้ว ขอบคุณมากค่ะ\n', 708, 7),
(564, 1, 1, 1314, NULL, '2014-07-25', NULL, 6, 1, '', 'REQUEST_APPROVE', '2014-07-25 13:28:22', '', 728, 7),
(565, 1, 1, 1214, NULL, '2014-07-28', NULL, 1, 1, 'Ext. 1708-9\nDivision: IA\nRoom Requirements: Meeting room: 1214', 'REQUEST_APPROVE', '2014-07-18 06:39:25', 'Ext. 1708-9\nDivision: IA\nRoom Requirements: Meeting room: 1214', 686, 7),
(566, 1, 1, 3414, NULL, '2014-07-28', NULL, 1, 1, 'ประชุมงานเทคโนโลยีการศึกษา \nในวันจันทร์ที่ 28 กรกฏาคม พ.ศ. 2557\nห้องประชุม 3414 เวลา 09:00 - 10:00 น. \n\n', 'REQUEST_APPROVE', '2014-07-22 07:59:24', 'ประชุมงานเทคโนโลยีการศึกษา \nในวันจันทร์ที่ 28 กรกฏาคม พ.ศ. 2557\nห้องประชุม 3414 เวลา 09:00 - 10:00 น. \n\n', 710, 7),
(567, 1, 1, 2207, NULL, '2014-07-29', NULL, 1, 1, '', 'REQUEST_APPROVE', '2014-07-16 02:06:51', '', 527, 7),
(568, 1, 1, 2302, NULL, '2014-07-28', NULL, 1, 1, 'Tel: 085-8288832\nRoom Requirement : Mirror\n                                    ขอห้องกระจกค่าาาา', 'REQUEST_APPROVE', '2014-07-27 15:30:15', 'Tel: 085-8288832\nRoom Requirement : Mirror\n                                    ขอห้องกระจกค่าาาา', 730, 7),
(569, 1, 1, 1214, NULL, '2014-07-17', NULL, 1, 1, '', 'REQUEST_APPROVE', '2014-07-16 02:22:40', '', 535, 7),
(570, 1, 1, 1214, NULL, '2014-07-17', NULL, 1, 1, '', 'REQUEST_APPROVE', '2014-07-16 02:24:34', '', 536, 7),
(571, 1, 1, 2207, NULL, '2014-07-17', NULL, 1, 1, '', 'REQUEST_APPROVE', '2014-07-16 02:27:04', '', 537, 7),
(572, 1, 1, 2207, NULL, '2014-07-25', NULL, 1, 1, '', 'REQUEST_APPROVE', '2014-07-16 02:49:49', '', 549, 7),
(573, 1, 1, 2207, NULL, '2014-07-25', NULL, 1, 1, '', 'REQUEST_APPROVE', '2014-07-16 02:51:44', '', 550, 7),
(574, 1, 1, 1307, NULL, '2014-07-22', NULL, 1, 1, '085-8288832\nRoom Request: Mirror (ต้องการห้องกระจกค่ะ)', 'REQUEST_APPROVE', '2014-07-21 16:35:34', '085-8288832\nRoom Request: Mirror (ต้องการห้องกระจกค่ะ)', 703, 7),
(575, 1, 1, 1214, NULL, '2014-07-17', NULL, 1, 1, '', 'REQUEST_APPROVE', '2014-07-16 03:57:01', '', 583, 7),
(576, 1, 1, 1214, NULL, '2014-07-17', NULL, 1, 1, '', 'REQUEST_APPROVE', '2014-07-16 03:53:05', '', 582, 7),
(577, 1, 1, 3414, NULL, '2014-07-25', NULL, 2, 2, 'Science Division', 'REQUEST_APPROVE', '2014-07-24 04:02:25', 'Science Division', 715, 7),
(578, 1, 1, 2303, NULL, '2014-07-24', NULL, 1, 1, '1118:BBA', 'REQUEST_APPROVE', '2014-07-24 04:04:15', '1118:BBA', 716, 7),
(579, 1, 1, 3305, NULL, '2014-07-18', NULL, 1, 1, 'Tel:0814444311', 'REQUEST_APPROVE', '2014-07-16 03:35:23', 'Tel:0814444311', 570, 7),
(580, 1, 1, 1210, NULL, '2014-07-20', NULL, 1, 1, '', 'REQUEST_APPROVE', '2014-07-16 03:49:19', '', 580, 7),
(581, 1, 1, 5212, NULL, '2014-07-21', NULL, 1, 1, '', 'REQUEST_APPROVE', '2014-07-20 07:46:50', '', 693, 7),
(582, 1, 1, 2207, NULL, '2014-07-22', NULL, 1, 1, '', 'REQUEST_APPROVE', '2014-07-16 04:01:47', '', 586, 7),
(583, 1, 1, 1210, NULL, '2014-07-20', NULL, 1, 1, '', 'REQUEST_APPROVE', '2014-07-16 03:51:09', '', 581, 7),
(584, 1, 1, 2207, NULL, '2014-07-22', NULL, 1, 1, '', 'REQUEST_APPROVE', '2014-07-16 06:05:21', '', 590, 7),
(585, 1, 1, 2207, NULL, '2014-07-24', NULL, 1, 1, '', 'REQUEST_APPROVE', '2014-07-16 06:06:56', '', 591, 7),
(586, 1, 1, 2207, NULL, '2014-07-24', NULL, 1, 1, '', 'REQUEST_APPROVE', '2014-07-16 06:09:07', '', 592, 7),
(587, 1, 1, 2207, NULL, '2014-07-17', NULL, 1, 1, '', 'REQUEST_APPROVE', '2014-07-16 06:13:29', '', 593, 7),
(588, 1, 1, 2207, NULL, '2014-07-18', NULL, 1, 1, '', 'REQUEST_APPROVE', '2014-07-16 06:15:16', '', 594, 7),
(589, 1, 1, 2207, NULL, '2014-07-18', NULL, 1, 1, '', 'REQUEST_APPROVE', '2014-07-16 06:16:58', '', 595, 7),
(590, 1, 1, 1214, NULL, '2014-07-21', NULL, 1, 1, '', 'REQUEST_APPROVE', '2014-07-16 06:18:56', '', 596, 7),
(591, 1, 1, 1214, NULL, '2014-07-21', NULL, 1, 2, '', 'REQUEST_APPROVE', '2014-07-16 06:20:20', '', 597, 7),
(592, 1, 1, 1214, NULL, '2014-07-22', NULL, 1, 1, '', 'REQUEST_APPROVE', '2014-07-16 06:22:28', '', 598, 7),
(593, 1, 1, 1210, NULL, '2014-07-26', NULL, 1, 1, '', 'REQUEST_APPROVE', '2014-07-16 06:30:43', '', 603, 7),
(594, 1, 1, 1210, NULL, '2014-07-26', NULL, 1, 1, '', 'REQUEST_APPROVE', '2014-07-16 06:32:16', '', 604, 7),
(595, 1, 1, 1210, NULL, '2014-07-26', NULL, 1, 1, '', 'REQUEST_APPROVE', '2014-07-16 06:33:58', '', 605, 7),
(596, 1, 1, 1210, NULL, '2014-07-26', NULL, 1, 1, '', 'REQUEST_APPROVE', '2014-07-16 06:35:13', '', 606, 7),
(597, 1, 1, 1210, NULL, '2014-07-26', NULL, 1, 2, '', 'REQUEST_APPROVE', '2014-07-16 06:36:47', '', 607, 7),
(598, 1, 1, 1210, NULL, '2014-07-27', NULL, 1, 1, '', 'REQUEST_APPROVE', '2014-07-16 06:38:10', '', 608, 7),
(599, 1, 1, 1210, NULL, '2014-07-27', NULL, 1, 1, '', 'REQUEST_APPROVE', '2014-07-16 06:39:25', '', 609, 7),
(600, 1, 1, 1214, NULL, '2014-07-16', NULL, 1, 2, '', 'REQUEST_APPROVE', '2014-07-16 06:47:13', '', 610, 7),
(601, 1, 1, 1214, NULL, '2014-07-16', NULL, 1, 1, '', 'REQUEST_APPROVE', '2014-07-16 06:48:47', '', 611, 7),
(602, 1, 1, 3305, NULL, '2014-07-16', NULL, 2, 3, 'Tel:0814444311', 'REQUEST_APPROVE', '2014-07-16 05:20:58', 'Tel:0814444311', 587, 7),
(603, 1, 1, 1408, NULL, '2014-07-17', NULL, 1, 1, 'Tel: 0832502220', 'REQUEST_APPROVE', '2014-07-16 05:40:56', 'Tel: 0832502220', 588, 7),
(604, 1, 1, 3410, NULL, '2014-07-17', NULL, 1, 1, 'Computer', 'REQUEST_APPROVE', '2014-07-16 08:13:19', 'Computer', 635, 7),
(605, 1, 1, 3412, NULL, '2014-07-17', NULL, 1, 1, 'Computer', 'REQUEST_APPROVE', '2014-07-16 08:14:52', 'Computer', 636, 7),
(606, 1, 1, 3317, NULL, '2014-07-17', NULL, 1, 1, '', 'REQUEST_APPROVE', '2014-07-16 07:18:46', '', 625, 7),
(607, 1, 1, 3407, NULL, '2014-07-16', NULL, 1, 2, 'Tel.0805918753\nDivision.science \nRoom requirements.any computer lab ', 'REQUEST_APPROVE', '2014-07-16 08:01:59', 'Tel.0805918753\nDivision.science \nRoom requirements.any computer lab ', 634, 7),
(608, 1, 1, 2207, NULL, '2014-07-18', NULL, 1, 1, '', 'REQUEST_APPROVE', '2014-07-16 06:50:26', '', 612, 7),
(609, 1, 1, 2207, NULL, '2014-07-21', NULL, 1, 1, 'Room 2207\n02-800 3560 \nHLD', 'REQUEST_APPROVE', '2014-07-21 02:26:42', 'Room 2207\n02-800 3560 \nHLD', 695, 7),
(610, 1, 1, 3414, NULL, '2014-07-25', NULL, 1, 1, 'Ext.1210/SA', 'REQUEST_APPROVE', '2014-07-24 05:53:48', 'Ext.1210/SA', 717, 7),
(611, 1, 1, 3411, NULL, '2014-07-17', NULL, 2, 3, '', 'REQUEST_APPROVE', '2014-07-16 07:05:54', '', 623, 7),
(612, 1, 1, 3411, NULL, '2014-07-18', NULL, 1, 1, '', 'REQUEST_APPROVE', '2014-07-16 07:06:13', '', 624, 7),
(613, 1, 1, 2207, NULL, '2014-07-18', NULL, 1, 1, '', 'REQUEST_APPROVE', '2014-07-16 06:51:57', '', 613, 7),
(614, 1, 1, 1210, NULL, '2014-07-23', NULL, 1, 2, '', 'REQUEST_APPROVE', '2014-07-16 07:58:12', '', 633, 7),
(615, 1, 1, 2307, NULL, '2014-07-25', NULL, 1, 1, '1745, BBA', 'REQUEST_APPROVE', '2014-07-17 09:56:24', '1745, BBA', 678, 7),
(616, 1, 1, 3409, NULL, '2014-07-17', NULL, 1, 1, '', 'REQUEST_APPROVE', '2014-07-16 07:04:47', '', 620, 7),
(617, 1, 1, 3411, NULL, '2014-07-17', NULL, 1, 2, '', 'REQUEST_APPROVE', '2014-07-16 07:05:33', '', 622, 7),
(618, 1, 1, 3414, NULL, '2014-07-17', NULL, 1, 1, '', 'REQUEST_APPROVE', '2014-07-16 07:01:50', '', 618, 7),
(619, 1, 1, 1318, NULL, '2014-07-21', NULL, 1, 1, '', 'REQUEST_APPROVE', '2014-07-16 07:48:15', '', 630, 7),
(620, 1, 1, 1318, NULL, '2014-07-21', NULL, 1, 1, '', 'REQUEST_APPROVE', '2014-07-16 07:50:33', '', 631, 7),
(621, 1, 1, 1210, NULL, '2014-07-23', NULL, 1, 1, '', 'REQUEST_APPROVE', '2014-07-16 07:53:09', '', 632, 7),
(622, 1, 1, 1318, NULL, '2014-07-22', NULL, 1, 3, 'Tel : 085-828-8832\nRequirements : 3 Microphones and Projector screen\n** 3days Reservation - 18,19,22 August 2014\n', 'REQUEST_APPROVE', '2014-07-18 08:21:14', 'Tel : 085-828-8832\nRequirements : 3 Microphones and Projector screen\n** 3days Reservation - 18,19,22 August 2014\n', 689, 7),
(623, 1, 1, 3420, NULL, '2014-07-17', NULL, 1, 2, 'Final Revision for Asian Philosophy\n(Computer+internet)', 'REQUEST_APPROVE', '2014-07-16 02:16:41', 'Final Revision for Asian Philosophy\n(Computer+internet)', 533, 7),
(624, 1, 1, 3414, NULL, '2014-07-17', NULL, 1, 1, '', 'REQUEST_APPROVE', '2014-07-16 07:00:02', '', 617, 7),
(625, 1, 1, 3411, NULL, '2014-07-17', NULL, 1, 1, '', 'REQUEST_APPROVE', '2014-07-16 07:04:27', '', 619, 7),
(626, 1, 1, 3414, NULL, '2014-07-29', NULL, 1, 1, '1305\nงานพัสดุ\n3414', 'REQUEST_APPROVE', '2014-07-24 09:28:26', '1305\nงานพัสดุ\n3414', 721, 7),
(627, 1, 1, 3421, NULL, '2014-07-30', NULL, 1, 1, 'Computer, Projector, Internet', 'REQUEST_APPROVE', '2014-07-29 14:29:21', 'Computer, Projector, Internet', 760, 7),
(628, 1, 1, 3414, NULL, '2014-07-17', NULL, 1, 1, '', 'REQUEST_APPROVE', '2014-07-16 07:32:28', '', 626, 7),
(629, 1, 1, 3411, NULL, '2014-07-17', NULL, 1, 1, '', 'REQUEST_APPROVE', '2014-07-16 07:05:14', '', 621, 7),
(630, 1, 1, 2207, NULL, '2014-07-23', NULL, 1, 1, '', 'REQUEST_APPROVE', '2014-07-16 08:32:51', '', 637, 7),
(631, 1, 1, 2207, NULL, '2014-07-25', NULL, 1, 2, 'OE, ext. 1106', 'REQUEST_APPROVE', '2014-07-24 09:39:22', 'OE, ext. 1106', 722, 7),
(632, 1, 1, 1214, NULL, '2014-07-29', NULL, 1, 1, 'Data Hub Meeting room 2207 ', 'REQUEST_APPROVE', '2014-07-16 08:51:13', 'Data Hub Meeting room 2207 ', 643, 7),
(633, 1, 1, 2207, NULL, '2014-07-23', NULL, 1, 1, '', 'REQUEST_APPROVE', '2014-07-16 08:34:42', '', 638, 7),
(634, 1, 1, 3414, NULL, '2014-07-18', NULL, 1, 2, '', 'REQUEST_APPROVE', '2014-07-16 08:38:12', '', 640, 7),
(635, 1, 1, 3414, NULL, '2014-07-18', NULL, 1, 1, '', 'REQUEST_APPROVE', '2014-07-16 08:36:35', '', 639, 7),
(636, 1, 1, 2207, NULL, '2014-07-25', NULL, 1, 1, '', 'REQUEST_APPROVE', '2014-07-16 08:40:15', '', 641, 7),
(637, 1, 1, 2207, NULL, '2014-07-25', NULL, 1, 1, '', 'REQUEST_APPROVE', '2014-07-16 08:43:04', '', 642, 7),
(638, 1, 1, 1210, NULL, '2014-07-21', NULL, 1, 1, '', 'REQUEST_APPROVE', '2014-07-16 08:53:16', '', 644, 7),
(639, 1, 1, 3409, NULL, '2014-07-18', NULL, 1, 1, 'ประชุมด่วน วาระพิเศษ (SLL) ', 'REQUEST_APPROVE', '2014-07-17 10:28:24', 'ประชุมด่วน วาระพิเศษ (SLL) ', 679, 7),
(640, 1, 1, 3414, NULL, '2014-07-24', NULL, 1, 1, '1305\nงานพัสดุ \nห้อง 3414', 'REQUEST_APPROVE', '2014-07-21 09:02:00', '1305\nงานพัสดุ \nห้อง 3414', 700, 7),
(641, 1, 1, 2307, NULL, '2014-07-15', NULL, 1, 1, '1745, BBA', 'REQUEST_APPROVE', '2014-06-24 10:00:26', '1745, BBA', 233, 6),
(642, 1, 1, 2307, NULL, '2014-07-19', NULL, 1, 1, '1745, BBA', 'REQUEST_APPROVE', '2014-06-24 10:08:25', '1745, BBA', 237, 6),
(643, 1, 1, 2307, NULL, '2014-07-14', NULL, 1, 1, '1745, BBA', 'REQUEST_APPROVE', '2014-06-24 10:10:45', '1745, BBA', 238, 6),
(644, 1, 1, 3306, NULL, '2014-07-17', NULL, 1, 2, 'Tel: 0899181232', 'REQUEST_APPROVE', '2014-07-16 10:31:21', 'Tel: 0899181232', 647, 6),
(645, 1, 1, 1417, NULL, '2014-07-28', NULL, 1, 1, '1745, BBA', 'REQUEST_APPROVE', '2014-06-24 10:04:43', '1745, BBA', 235, 6),
(646, 1, 1, 1417, NULL, '2014-07-29', NULL, 1, 1, '1745, BBA', 'REQUEST_APPROVE', '2014-06-24 10:06:00', '1745, BBA', 236, 6),
(647, 1, 1, 2307, NULL, '2014-07-23', NULL, 1, 1, '1745, BBA', 'REQUEST_APPROVE', '2014-06-25 06:55:35', '1745, BBA', 255, 6),
(648, 1, 1, 3302, NULL, '2014-07-15', NULL, 1, 1, '1745, BBA', 'REQUEST_APPROVE', '2014-06-27 01:58:22', '1745, BBA', 286, 6),
(649, 1, 1, 1404, NULL, '2014-07-07', NULL, 2, 3, '', 'REQUEST_APPROVE', '2014-07-06 06:49:17', '', 435, 6),
(650, 1, 1, 3414, NULL, '2014-07-30', NULL, 1, 1, 'งานพัสดุ 1306', 'REQUEST_APPROVE', '2014-07-28 08:44:15', 'งานพัสดุ 1306', 745, 6),
(651, 1, 1, 1318, NULL, '2014-07-09', NULL, 1, 3, 'I must use this room for our important final presentation. ', 'REQUEST_APPROVE', '2014-06-02 12:07:04', 'I must use this room for our important final presentation. ', 19, 6),
(652, 1, 1, 3410, NULL, '2014-07-18', NULL, 1, 1, 'Division: BBA\nTel: (66) 2-441-5090 ext. 1419\nE-mail: alessandro.sta@mahidol.ac.th\nRoom Requirements: Any room with projector and microphone', 'REQUEST_APPROVE', '2014-06-20 09:42:41', 'Division: BBA\nTel: (66) 2-441-5090 ext. 1419\nE-mail: alessandro.sta@mahidol.ac.th\nRoom Requirements: Any room with projector and microphone', 202, 6),
(653, 1, 1, -1, NULL, '2014-07-18', NULL, 1, 2, '', 'REQUEST_APPROVE', '2014-06-20 03:28:40', '', 195, 6),
(654, 1, 1, 1307, NULL, '2014-07-09', NULL, 1, 3, '', 'REQUEST_APPROVE', '2014-06-23 11:49:25', '', 219, 6),
(655, 1, 1, 2308, NULL, '2014-07-15', NULL, 1, 1, '1745, BBA', 'REQUEST_APPROVE', '2014-06-24 10:02:27', '1745, BBA', 234, 6),
(656, 1, 1, -1, NULL, '2014-07-29', NULL, 1, 2, '', 'REQUEST_APPROVE', '2014-06-12 08:49:22', '', 99, 6),
(657, 1, 1, 3414, NULL, '2014-07-28', NULL, 1, 1, '1305 \nงานพัสดุ \nห้อง 1207', 'REQUEST_APPROVE', '2014-07-16 09:39:27', '1305 \nงานพัสดุ \nห้อง 1207', 645, 6),
(658, 1, 1, 2207, NULL, '2014-07-22', NULL, 1, 1, '', 'REQUEST_APPROVE', '2014-07-16 06:03:06', '', 589, 6),
(659, 1, 1, -1, NULL, '2014-07-28', NULL, 1, 2, '', 'REQUEST_APPROVE', '2014-06-12 08:46:19', '', 98, 6),
(660, 1, 1, -1, NULL, '2014-07-18', NULL, 1, 2, 'IT ', 'REQUEST_APPROVE', '2014-07-18 01:13:42', 'IT ', 681, 6),
(661, 1, 1, 3421, NULL, '2014-07-17', NULL, 1, 1, '', 'REQUEST_APPROVE', '2014-07-16 16:57:22', '', 648, 6),
(662, 1, 1, 3412, NULL, '2014-07-08', NULL, 1, 1, '1511/ THM/ 3412', 'REQUEST_APPROVE', '2014-06-26 03:31:21', '1511/ THM/ 3412', 274, 6),
(663, 1, 1, 3414, NULL, '2014-07-22', NULL, 1, 1, 'Tel: Ext.1116\nDivision: PR\nRoom Requirement: -', 'REQUEST_APPROVE', '2014-07-16 02:56:37', 'Tel: Ext.1116\nDivision: PR\nRoom Requirement: -', 551, 6),
(664, 1, 1, 3316, NULL, '2014-07-17', NULL, 1, 3, '', 'REQUEST_APPROVE', '2014-07-02 12:20:17', '', 359, 6),
(665, 1, 1, 3304, NULL, '2014-07-17', NULL, 1, 2, 'prepare for exam', 'REQUEST_APPROVE', '2014-07-14 09:01:33', 'prepare for exam', 478, 6),
(666, 1, 1, 3415, NULL, '2014-07-23', NULL, 1, 2, 'นักศึกษา ป.โท defense 23 ก.ค.57 เวลา 9.00 -18.00 น. ขอห้องให้ (3515)', 'REQUEST_APPROVE', '2014-07-18 01:08:28', 'นักศึกษา ป.โท defense 23 ก.ค.57 เวลา 9.00 -18.00 น. ขอห้องให้ (3515)', 680, 6),
(667, 1, 1, 3410, NULL, '2014-07-07', NULL, 1, 3, 'Tel: 0818252922\nDivision: Computer Science \nRoom Requirements: Any lecture room ', 'REQUEST_APPROVE', '2014-07-03 06:41:44', 'Tel: 0818252922\nDivision: Computer Science \nRoom Requirements: Any lecture room ', 395, 6),
(668, 1, 1, -1, NULL, '2014-07-07', NULL, 1, 2, 'Tel: 0827866709\nDivision:  \nRoom Requirements: Any room', 'REQUEST_APPROVE', '2014-07-03 12:02:19', 'Tel: 0827866709\nDivision:  \nRoom Requirements: Any room', 408, 6),
(669, 1, 1, 3420, NULL, '2014-07-24', NULL, 1, 1, 'Accord Visit (พลังงาน)  วันที่ 24 ก.ค.57 เวลา 14.00-16.00 น. (ขอใช้ห้องประชุม 2207)', 'REQUEST_APPROVE', '2014-07-18 01:13:50', 'Accord Visit (พลังงาน)  วันที่ 24 ก.ค.57 เวลา 14.00-16.00 น. (ขอใช้ห้องประชุม 2207)', 682, 6),
(670, 1, 1, 2207, NULL, '2014-07-30', NULL, 1, 1, 'ขอใช้ห้อง 2207ค่ะ', 'REQUEST_APPROVE', '2014-07-22 03:25:14', 'ขอใช้ห้อง 2207ค่ะ', 705, 6),
(671, 1, 1, 2207, NULL, '2014-07-30', NULL, 1, 1, 'Tel : 1761\nDivision : THM \nReserved by : Teerawan Nuntakij\nRoom Requirements : meeting room', 'REQUEST_APPROVE', '2014-07-25 03:25:08', 'Tel : 1761\nDivision : THM \nReserved by : Teerawan Nuntakij\nRoom Requirements : meeting room', 724, 6),
(672, 1, 1, 3414, NULL, '2014-07-23', NULL, 1, 1, 'BBA, 1745, Meeting room', 'REQUEST_APPROVE', '2014-07-17 06:09:22', 'BBA, 1745, Meeting room', 654, 6),
(673, 1, 1, 1418, NULL, '2014-07-07', NULL, 1, 1, '', 'REQUEST_APPROVE', '2014-07-04 10:10:11', '', 425, 6),
(674, 1, 1, 2302, NULL, '2014-07-07', NULL, 1, 1, 'room with mirrror', 'REQUEST_APPROVE', '2014-07-04 10:05:39', 'room with mirrror', 423, 6),
(675, 1, 1, 2302, NULL, '2014-07-07', NULL, 1, 3, 'any room with mirror', 'REQUEST_APPROVE', '2014-07-04 10:07:58', 'any room with mirror', 424, 6),
(676, 1, 1, 1314, NULL, '2014-07-07', NULL, 1, 2, 'Tel: 0867565252\nDivision: THM\nRoom Requirements: Computer', 'REQUEST_APPROVE', '2014-07-04 13:32:35', 'Tel: 0867565252\nDivision: THM\nRoom Requirements: Computer', 428, 6),
(677, 1, 1, 1302, NULL, '2014-07-07', NULL, 1, 1, 'Tel: 090-994-4285', 'REQUEST_APPROVE', '2014-07-05 09:33:46', 'Tel: 090-994-4285', 433, 6),
(678, 1, 1, 1406, NULL, '2014-07-07', NULL, 1, 3, 'tel; 0805918753\ndivisin;thm\nrequirements''ayrooms with omputer', 'REQUEST_APPROVE', '2014-07-07 07:36:32', 'tel; 0805918753\ndivisin;thm\nrequirements''ayrooms with omputer', 441, 6),
(679, 1, 1, 1302, NULL, '2014-07-07', NULL, 1, 1, 'Tel: 090-994-4285', 'REQUEST_APPROVE', '2014-07-05 09:29:14', 'Tel: 090-994-4285', 432, 6),
(680, 1, 1, 3415, NULL, '2014-07-07', NULL, 1, 1, 'Room requirements: using computer ', 'REQUEST_APPROVE', '2014-07-05 05:16:29', 'Room requirements: using computer ', 430, 6),
(681, 1, 1, 3408, NULL, '2014-07-07', NULL, 1, 3, 'Tel:0817200446\nRoom Requirement : Any rooms at IC building', 'REQUEST_APPROVE', '2014-07-07 05:33:29', 'Tel:0817200446\nRoom Requirement : Any rooms at IC building', 439, 6),
(682, 1, 1, 3306, NULL, '2014-07-07', NULL, 1, 2, '1118: BBA', 'REQUEST_APPROVE', '2014-07-07 03:07:20', '1118: BBA', 437, 6),
(683, 1, 1, 3411, NULL, '2014-07-07', NULL, 2, 3, '', 'REQUEST_APPROVE', '2014-07-07 05:19:51', '', 438, 6),
(684, 1, 1, 3412, NULL, '2014-07-07', NULL, 1, 2, '1745, BBA', 'REQUEST_APPROVE', '2014-07-07 07:12:28', '1745, BBA', 440, 6),
(685, 1, 1, 3411, NULL, '2014-07-09', NULL, 1, 1, '', 'REQUEST_APPROVE', '2014-07-08 10:40:25', '', 450, 6),
(686, 1, 1, 1304, NULL, '2014-07-09', NULL, 2, 3, 'Tel: 0867565252\nDivision: THM\nRoom Requirements: Compute lap', 'REQUEST_APPROVE', '2014-07-07 10:23:13', 'Tel: 0867565252\nDivision: THM\nRoom Requirements: Compute lap', 443, 6),
(687, 1, 1, 2302, NULL, '2014-07-09', NULL, 1, 2, 'Contact งานคุมสอบ', 'REQUEST_APPROVE', '2014-07-08 01:04:07', 'Contact งานคุมสอบ', 445, 6),
(688, 1, 1, 1312, NULL, '2014-07-27', NULL, 1, 1, 'Admissions\nTel: 1245\nUse for MUIC Entrance Examination ', 'REQUEST_APPROVE', '2014-07-08 07:58:03', 'Admissions\nTel: 1245\nUse for MUIC Entrance Examination ', 448, 6),
(689, 1, 1, 3412, NULL, '2014-07-09', NULL, 1, 1, 'Tel: 0909944285', 'REQUEST_APPROVE', '2014-07-08 12:54:54', 'Tel: 0909944285', 452, 6),
(690, 1, 1, 3315, NULL, '2014-07-09', NULL, 1, 3, 'Tel: 0909944285', 'REQUEST_APPROVE', '2014-07-08 12:56:18', 'Tel: 0909944285', 455, 6),
(691, 1, 1, 3304, NULL, '2014-07-09', NULL, 1, 1, 'Tel: 0909944285', 'REQUEST_APPROVE', '2014-07-08 12:55:20', 'Tel: 0909944285', 453, 6),
(692, 1, 1, 3304, NULL, '2014-07-09', NULL, 1, 1, 'Tel: 0909944285', 'REQUEST_APPROVE', '2014-07-08 12:55:48', 'Tel: 0909944285', 454, 6),
(693, 1, 1, 3304, NULL, '2014-07-09', NULL, 1, 1, '', 'REQUEST_APPROVE', '2014-07-08 10:38:46', '', 449, 6),
(694, 1, 1, 1418, NULL, '2014-07-26', NULL, 1, 2, 'Admissions\nTel: 1245\nUse for the MUIC Entrance Examination (ขอห้อง 1418-1419 ค่ะ)', 'REQUEST_APPROVE', '2014-07-08 07:54:47', 'Admissions\nTel: 1245\nUse for the MUIC Entrance Examination (ขอห้อง 1418-1419 ค่ะ)', 447, 6),
(695, 1, 1, 3410, NULL, '2014-07-15', NULL, 1, 1, 'BBA:1118', 'REQUEST_APPROVE', '2014-07-09 01:10:42', 'BBA:1118', 457, 6),
(696, 1, 1, -1, NULL, '2014-07-17', NULL, 1, 1, 'Faculty support services unit\nMrs. Sopa ext. 1125', 'REQUEST_APPROVE', '2014-07-09 03:09:18', 'Faculty support services unit\nMrs. Sopa ext. 1125', 459, 6),
(697, 1, 1, -1, NULL, '2014-07-18', NULL, 1, 1, 'Faculty Support Services Unit\nMrs. Sopa Ext. 1125', 'REQUEST_APPROVE', '2014-07-09 03:24:03', 'Faculty Support Services Unit\nMrs. Sopa Ext. 1125', 460, 6),
(698, 1, 1, 3407, NULL, '2014-07-09', NULL, 2, 3, 'tel; 0805918753\ndivision; thm\nroom requirements; an cmpter lab', 'REQUEST_APPROVE', '2014-07-09 04:37:23', 'tel; 0805918753\ndivision; thm\nroom requirements; an cmpter lab', 461, 6),
(699, 1, 1, -1, NULL, '2014-07-16', NULL, 2, 3, 'Faculty Support Services Units\nMrs. Sopa ext 1125', 'REQUEST_APPROVE', '2014-07-10 06:30:45', 'Faculty Support Services Units\nMrs. Sopa ext 1125', 462, 6),
(700, 1, 1, -1, NULL, '2014-07-17', NULL, 2, 3, 'Faculty Support Services Units\nMrs. Sopa ext 1125', 'REQUEST_APPROVE', '2014-07-10 06:32:16', 'Faculty Support Services Units\nMrs. Sopa ext 1125', 463, 6),
(701, 1, 1, 3412, NULL, '2014-07-15', NULL, 1, 2, 'prepare exam', 'REQUEST_APPROVE', '2014-07-14 08:14:50', 'prepare exam', 475, 6),
(702, 1, 1, 1307, NULL, '2014-07-16', NULL, 1, 2, 'prepare for exam', 'REQUEST_APPROVE', '2014-07-14 08:16:30', 'prepare for exam', 476, 6),
(703, 1, 1, 3410, NULL, '2014-07-17', NULL, 1, 2, 'prepare for exam', 'REQUEST_APPROVE', '2014-07-14 08:18:04', 'prepare for exam', 477, 6),
(704, 1, 1, 3317, NULL, '2014-07-12', NULL, 1, 1, '', 'REQUEST_APPROVE', '2014-07-11 07:06:49', '', 467, 6),
(705, 1, 1, 3412, NULL, '2014-07-12', NULL, 1, 1, 'Room Requirements: Projector', 'REQUEST_APPROVE', '2014-07-11 11:18:52', 'Room Requirements: Projector', 468, 6),
(706, 1, 1, 3407, NULL, '2014-07-12', NULL, 2, 2, 'tel;0805918753\ndivision; thm\nroom  requirements; any room with  computer', 'REQUEST_APPROVE', '2014-07-12 06:16:16', 'tel;0805918753\ndivision; thm\nroom  requirements; any room with  computer', 470, 6);
INSERT INTO `request_booking` (`id`, `user_login_id`, `request_booking_type_id`, `room_id`, `semester_id`, `request_date`, `request_day_in_week`, `period_start`, `period_end`, `description`, `status_code`, `create_date`, `course_name`, `request_sky_id`, `request_sky_noti_id`) VALUES
(707, 1, 1, -1, NULL, '2014-07-16', NULL, 1, 1, 'Mrs. Sopa\nFaculty Support Units\next. 1125', 'REQUEST_APPROVE', '2014-07-12 06:31:53', 'Mrs. Sopa\nFaculty Support Units\next. 1125', 471, 6),
(708, 1, 1, 3410, NULL, '2014-07-14', NULL, 1, 3, '', 'REQUEST_APPROVE', '2014-07-13 05:48:20', '', 472, 6),
(709, 1, 1, 3407, NULL, '2014-07-14', NULL, 1, 2, 'tel;0805918753\ndivisioon;scieence\nroom  quirement; anny computer lab', 'REQUEST_APPROVE', '2014-07-14 06:16:10', 'tel;0805918753\ndivisioon;scieence\nroom  quirement; anny computer lab', 474, 6),
(710, 1, 1, 3306, NULL, '2014-07-15', NULL, 1, 1, '', 'REQUEST_APPROVE', '2014-07-14 09:39:27', '', 479, 6),
(711, 1, 1, 3410, NULL, '2014-07-15', NULL, 1, 1, '', 'REQUEST_APPROVE', '2014-07-14 09:40:14', '', 480, 6),
(712, 1, 1, 3317, NULL, '2014-07-16', NULL, 1, 1, '', 'REQUEST_APPROVE', '2014-07-15 02:59:35', '', 484, 6),
(713, 1, 1, 3302, NULL, '2014-07-16', NULL, 1, 1, '', 'REQUEST_APPROVE', '2014-07-15 03:00:12', '', 485, 6),
(714, 1, 1, 3410, NULL, '2014-07-16', NULL, 1, 2, '', 'REQUEST_APPROVE', '2014-07-15 03:01:25', '', 487, 6),
(715, 1, 1, 3302, NULL, '2014-07-16', NULL, 1, 1, '', 'REQUEST_APPROVE', '2014-07-15 03:00:47', '', 486, 6),
(716, 1, 1, 3306, NULL, '2014-07-15', NULL, 1, 1, 'BBA, 1745', 'REQUEST_APPROVE', '2014-07-15 03:01:49', 'BBA, 1745', 488, 6),
(717, 1, 1, 3305, NULL, '2014-07-16', NULL, 6, 1, 'tel:08144444311', 'REQUEST_APPROVE', '2014-07-15 18:26:47', 'tel:08144444311', 503, 6),
(718, 1, 1, 2207, NULL, '2014-07-16', NULL, 1, 2, 'MATV system meeting', 'REQUEST_APPROVE', '2014-07-15 06:45:49', 'MATV system meeting', 491, 6),
(719, 1, 1, 2207, NULL, '2014-07-23', NULL, 1, 1, '1118:BBA', 'REQUEST_APPROVE', '2014-07-15 06:49:35', '1118:BBA', 492, 6),
(720, 1, 1, 3305, NULL, '2014-07-16', NULL, 1, 1, 'Tel: 0814444311', 'REQUEST_APPROVE', '2014-07-15 18:30:58', 'Tel: 0814444311', 505, 6),
(721, 1, 1, 3305, NULL, '2014-07-16', NULL, 1, 1, 'Tel:0814444311', 'REQUEST_APPROVE', '2014-07-15 06:53:44', 'Tel:0814444311', 493, 6),
(722, 1, 1, 3415, NULL, '2014-07-15', NULL, 1, 1, '', 'REQUEST_APPROVE', '2014-07-15 06:56:53', '', 494, 6),
(723, 1, 1, 2207, NULL, '2014-07-16', NULL, 1, 1, '', 'REQUEST_APPROVE', '2014-07-15 07:41:55', '', 496, 6),
(724, 1, 1, 3407, NULL, '2014-07-15', NULL, 1, 2, 'te;0805918753\ndivisioon;science\nroom requireents; any opter lab', 'REQUEST_APPROVE', '2014-07-15 07:34:34', 'te;0805918753\ndivisioon;science\nroom requireents; any opter lab', 495, 6),
(725, 1, 1, 2207, NULL, '2014-07-28', NULL, 1, 1, 'Science Division\nRoom Requirement: any meeting room', 'REQUEST_APPROVE', '2014-07-15 09:53:41', 'Science Division\nRoom Requirement: any meeting room', 498, 6),
(726, 1, 1, 3414, NULL, '2014-07-16', NULL, 1, 1, '1306 งานพัสดุ', 'REQUEST_APPROVE', '2014-07-15 08:35:01', '1306 งานพัสดุ', 497, 6),
(727, 1, 1, 3414, NULL, '2014-07-24', NULL, 1, 1, 'Tel: Ext.1116\nDivision: PR\nRoom Requirement: -', 'REQUEST_APPROVE', '2014-07-17 01:45:56', 'Tel: Ext.1116\nDivision: PR\nRoom Requirement: -', 649, 6),
(728, 1, 1, 3411, NULL, '2014-07-16', NULL, 1, 1, '', 'REQUEST_APPROVE', '2014-07-15 15:35:20', '', 500, 6),
(729, 1, 1, 3305, NULL, '2014-07-15', NULL, 6, 1, 'tel: 0814444311', 'REQUEST_APPROVE', '2014-07-15 18:21:30', 'tel: 0814444311', 501, 6),
(730, 1, 1, 3305, NULL, '2014-07-15', NULL, 1, 1, 'tel:0814444311', 'REQUEST_APPROVE', '2014-07-15 18:23:35', 'tel:0814444311', 502, 6),
(731, 1, 1, 1214, NULL, '2014-07-21', NULL, 1, 1, 'Tel. 1201\nOffice of the Dean\nRoom : 1214 Dean meeting room', 'REQUEST_APPROVE', '2014-07-15 10:15:36', 'Tel. 1201\nOffice of the Dean\nRoom : 1214 Dean meeting room', 499, 6),
(732, 1, 1, 3305, NULL, '2014-07-16', NULL, 1, 1, 'tel:0814444311', 'REQUEST_APPROVE', '2014-07-15 18:28:19', 'tel:0814444311', 504, 6),
(733, 1, 1, 3414, NULL, '2014-07-19', NULL, 1, 1, 'Science Division\nRoom Requirement: Any meeting room', 'REQUEST_APPROVE', '2014-07-17 05:24:32', 'Science Division\nRoom Requirement: Any meeting room', 653, 6),
(734, 1, 1, 1214, NULL, '2014-07-18', NULL, 1, 1, '', 'REQUEST_APPROVE', '2014-07-16 01:35:55', '', 512, 6),
(735, 1, 1, 1214, NULL, '2014-07-18', NULL, 1, 1, 'มีการจัดเลี้ยงอาหารด้วยค่ะ ', 'REQUEST_APPROVE', '2014-07-18 02:20:52', 'มีการจัดเลี้ยงอาหารด้วยค่ะ ', 683, 6),
(736, 1, 1, 3303, NULL, '2014-07-18', NULL, 1, 2, 'Any room on the 3rd floor', 'REQUEST_APPROVE', '2014-07-17 01:55:09', 'Any room on the 3rd floor', 650, 6),
(737, 1, 1, 1210, NULL, '2014-07-24', NULL, 1, 1, '', 'REQUEST_APPROVE', '2014-07-18 02:49:35', '', 684, 6),
(738, 1, 1, 1214, NULL, '2014-07-23', NULL, 1, 1, '02-800-3574\nDivision : HLD\nRoom : 1214', 'REQUEST_APPROVE', '2014-07-22 03:31:39', '02-800-3574\nDivision : HLD\nRoom : 1214', 706, 6),
(739, 1, 1, 3315, NULL, '2014-07-25', NULL, 1, 1, 'การอบรมการใช้งานชุดทดสอบประสิทธิภาพการเรียนการสอน (Clicker)\nโดยวิทยากร คือ คุณสรวีร์ วรกุลพิทักษ์ ตัวแทนจาก บริษัท อินเตอร์เอ็ดดูเคชั่น ซัพพลายส์ จำกัด \nในวันศุกร์ที่ 25 กรกฎาคม พ.ศ. 2557 เวลา 10:00-11:00 น.  ห้อง 3415', 'REQUEST_APPROVE', '2014-07-22 10:35:22', 'การอบรมการใช้งานชุดทดสอบประสิทธิภาพการเรียนการสอน (Clicker)\nโดยวิทยากร คือ คุณสรวีร์ วรกุลพิทักษ์ ตัวแทนจาก บริษัท อินเตอร์เอ็ดดูเคชั่น ซัพพลายส์ จำกัด \nในวันศุกร์ที่ 25 กรกฎาคม พ.ศ. 2557 เวลา 10:00-11:00 น.  ห้อง 3415', 711, 6),
(740, 1, 1, 3306, NULL, '2014-07-18', NULL, 1, 1, 'Tel: 0899181232', 'REQUEST_APPROVE', '2014-07-17 07:49:35', 'Tel: 0899181232', 655, 6),
(741, 1, 1, 2207, NULL, '2014-07-29', NULL, 1, 1, '', 'REQUEST_APPROVE', '2014-07-16 02:08:17', '', 528, 6),
(742, 1, 1, 3407, NULL, '2014-07-18', NULL, 1, 2, 'tel;0805918753\ndivision;thm\nroom requirement;any computer lab', 'REQUEST_APPROVE', '2014-07-18 06:38:12', 'tel;0805918753\ndivision;thm\nroom requirement;any computer lab', 685, 6),
(743, 1, 1, 3414, NULL, '2014-07-22', NULL, 1, 1, 'Tel.3555\nIT\nRoom 3414', 'REQUEST_APPROVE', '2014-07-22 07:02:07', 'Tel.3555\nIT\nRoom 3414', 709, 6),
(744, 1, 1, 1210, NULL, '2014-07-25', NULL, 1, 2, 'งานบริหารกลาง\nขอความอนุเคราะห์จัดให้สำหรับให้มีการเสนอชื่อ เบื้องต้นได้พูดคุยกับคุณสิทธาแล้ว ขอบคุณมากค่ะ\n', 'REQUEST_APPROVE', '2014-07-22 05:45:47', 'งานบริหารกลาง\nขอความอนุเคราะห์จัดให้สำหรับให้มีการเสนอชื่อ เบื้องต้นได้พูดคุยกับคุณสิทธาแล้ว ขอบคุณมากค่ะ\n', 708, 6),
(745, 1, 1, 1314, NULL, '2014-07-25', NULL, 6, 1, '', 'REQUEST_APPROVE', '2014-07-25 13:28:22', '', 728, 6),
(746, 1, 1, 1214, NULL, '2014-07-28', NULL, 1, 1, 'Ext. 1708-9\nDivision: IA\nRoom Requirements: Meeting room: 1214', 'REQUEST_APPROVE', '2014-07-18 06:39:25', 'Ext. 1708-9\nDivision: IA\nRoom Requirements: Meeting room: 1214', 686, 6),
(747, 1, 1, 3414, NULL, '2014-07-28', NULL, 1, 1, 'ประชุมงานเทคโนโลยีการศึกษา \nในวันจันทร์ที่ 28 กรกฏาคม พ.ศ. 2557\nห้องประชุม 3414 เวลา 09:00 - 10:00 น. \n\n', 'REQUEST_APPROVE', '2014-07-22 07:59:24', 'ประชุมงานเทคโนโลยีการศึกษา \nในวันจันทร์ที่ 28 กรกฏาคม พ.ศ. 2557\nห้องประชุม 3414 เวลา 09:00 - 10:00 น. \n\n', 710, 6),
(748, 1, 1, 2207, NULL, '2014-07-29', NULL, 1, 1, '', 'REQUEST_APPROVE', '2014-07-16 02:06:51', '', 527, 6),
(749, 1, 1, 2302, NULL, '2014-07-28', NULL, 1, 1, 'Tel: 085-8288832\nRoom Requirement : Mirror\n                                    ขอห้องกระจกค่าาาา', 'REQUEST_APPROVE', '2014-07-27 15:30:15', 'Tel: 085-8288832\nRoom Requirement : Mirror\n                                    ขอห้องกระจกค่าาาา', 730, 6),
(750, 1, 1, 1214, NULL, '2014-07-17', NULL, 1, 1, '', 'REQUEST_APPROVE', '2014-07-16 02:22:40', '', 535, 6),
(751, 1, 1, 1214, NULL, '2014-07-17', NULL, 1, 1, '', 'REQUEST_APPROVE', '2014-07-16 02:24:34', '', 536, 6),
(752, 1, 1, 2207, NULL, '2014-07-17', NULL, 1, 1, '', 'REQUEST_APPROVE', '2014-07-16 02:27:04', '', 537, 6),
(753, 1, 1, 2207, NULL, '2014-07-25', NULL, 1, 1, '', 'REQUEST_APPROVE', '2014-07-16 02:49:49', '', 549, 6),
(754, 1, 1, 2207, NULL, '2014-07-25', NULL, 1, 1, '', 'REQUEST_APPROVE', '2014-07-16 02:51:44', '', 550, 6),
(755, 1, 1, 1307, NULL, '2014-07-22', NULL, 1, 1, '085-8288832\nRoom Request: Mirror (ต้องการห้องกระจกค่ะ)', 'REQUEST_APPROVE', '2014-07-21 16:35:34', '085-8288832\nRoom Request: Mirror (ต้องการห้องกระจกค่ะ)', 703, 6),
(756, 1, 1, 1214, NULL, '2014-07-17', NULL, 1, 1, '', 'REQUEST_APPROVE', '2014-07-16 03:57:01', '', 583, 6),
(757, 1, 1, 1214, NULL, '2014-07-17', NULL, 1, 1, '', 'REQUEST_APPROVE', '2014-07-16 03:53:05', '', 582, 6),
(758, 1, 1, 3414, NULL, '2014-07-25', NULL, 2, 2, 'Science Division', 'REQUEST_APPROVE', '2014-07-24 04:02:25', 'Science Division', 715, 6),
(759, 1, 1, 2303, NULL, '2014-07-24', NULL, 1, 1, '1118:BBA', 'REQUEST_APPROVE', '2014-07-24 04:04:15', '1118:BBA', 716, 6),
(760, 1, 1, 3305, NULL, '2014-07-18', NULL, 1, 1, 'Tel:0814444311', 'REQUEST_APPROVE', '2014-07-16 03:35:23', 'Tel:0814444311', 570, 6),
(761, 1, 1, 1210, NULL, '2014-07-20', NULL, 1, 1, '', 'REQUEST_APPROVE', '2014-07-16 03:49:19', '', 580, 6),
(762, 1, 1, 5212, NULL, '2014-07-21', NULL, 1, 1, '', 'REQUEST_APPROVE', '2014-07-20 07:46:50', '', 693, 6),
(763, 1, 1, 2207, NULL, '2014-07-22', NULL, 1, 1, '', 'REQUEST_APPROVE', '2014-07-16 04:01:47', '', 586, 6),
(764, 1, 1, 1210, NULL, '2014-07-20', NULL, 1, 1, '', 'REQUEST_APPROVE', '2014-07-16 03:51:09', '', 581, 6),
(765, 1, 1, 2207, NULL, '2014-07-22', NULL, 1, 1, '', 'REQUEST_APPROVE', '2014-07-16 06:05:21', '', 590, 6),
(766, 1, 1, 2207, NULL, '2014-07-24', NULL, 1, 1, '', 'REQUEST_APPROVE', '2014-07-16 06:06:56', '', 591, 6),
(767, 1, 1, 2207, NULL, '2014-07-24', NULL, 1, 1, '', 'REQUEST_APPROVE', '2014-07-16 06:09:07', '', 592, 6),
(768, 1, 1, 2207, NULL, '2014-07-17', NULL, 1, 1, '', 'REQUEST_APPROVE', '2014-07-16 06:13:29', '', 593, 6),
(769, 1, 1, 2207, NULL, '2014-07-18', NULL, 1, 1, '', 'REQUEST_APPROVE', '2014-07-16 06:15:16', '', 594, 6),
(770, 1, 1, 2207, NULL, '2014-07-18', NULL, 1, 1, '', 'REQUEST_APPROVE', '2014-07-16 06:16:58', '', 595, 6),
(771, 1, 1, 1214, NULL, '2014-07-21', NULL, 1, 1, '', 'REQUEST_APPROVE', '2014-07-16 06:18:56', '', 596, 6),
(772, 1, 1, 1214, NULL, '2014-07-21', NULL, 1, 2, '', 'REQUEST_APPROVE', '2014-07-16 06:20:20', '', 597, 6),
(773, 1, 1, 1214, NULL, '2014-07-22', NULL, 1, 1, '', 'REQUEST_APPROVE', '2014-07-16 06:22:28', '', 598, 6),
(774, 1, 1, 1210, NULL, '2014-07-26', NULL, 1, 1, '', 'REQUEST_APPROVE', '2014-07-16 06:30:43', '', 603, 6),
(775, 1, 1, 1210, NULL, '2014-07-26', NULL, 1, 1, '', 'REQUEST_APPROVE', '2014-07-16 06:32:16', '', 604, 6),
(776, 1, 1, 1210, NULL, '2014-07-26', NULL, 1, 1, '', 'REQUEST_APPROVE', '2014-07-16 06:33:58', '', 605, 6),
(777, 1, 1, 1210, NULL, '2014-07-26', NULL, 1, 1, '', 'REQUEST_APPROVE', '2014-07-16 06:35:13', '', 606, 6),
(778, 1, 1, 1210, NULL, '2014-07-26', NULL, 1, 2, '', 'REQUEST_APPROVE', '2014-07-16 06:36:47', '', 607, 6),
(779, 1, 1, 1210, NULL, '2014-07-27', NULL, 1, 1, '', 'REQUEST_APPROVE', '2014-07-16 06:38:10', '', 608, 6),
(780, 1, 1, 1210, NULL, '2014-07-27', NULL, 1, 1, '', 'REQUEST_APPROVE', '2014-07-16 06:39:25', '', 609, 6),
(781, 1, 1, 1214, NULL, '2014-07-16', NULL, 1, 2, '', 'REQUEST_APPROVE', '2014-07-16 06:47:13', '', 610, 6),
(782, 1, 1, 1214, NULL, '2014-07-16', NULL, 1, 1, '', 'REQUEST_APPROVE', '2014-07-16 06:48:47', '', 611, 6),
(783, 1, 1, 3305, NULL, '2014-07-16', NULL, 2, 3, 'Tel:0814444311', 'REQUEST_APPROVE', '2014-07-16 05:20:58', 'Tel:0814444311', 587, 6),
(784, 1, 1, 1408, NULL, '2014-07-17', NULL, 1, 1, 'Tel: 0832502220', 'REQUEST_APPROVE', '2014-07-16 05:40:56', 'Tel: 0832502220', 588, 6),
(785, 1, 1, 3410, NULL, '2014-07-17', NULL, 1, 1, 'Computer', 'REQUEST_APPROVE', '2014-07-16 08:13:19', 'Computer', 635, 6),
(786, 1, 1, 3412, NULL, '2014-07-17', NULL, 1, 1, 'Computer', 'REQUEST_APPROVE', '2014-07-16 08:14:52', 'Computer', 636, 6),
(787, 1, 1, 3317, NULL, '2014-07-17', NULL, 1, 1, '', 'REQUEST_APPROVE', '2014-07-16 07:18:46', '', 625, 6),
(788, 1, 1, 3407, NULL, '2014-07-16', NULL, 1, 2, 'Tel.0805918753\nDivision.science \nRoom requirements.any computer lab ', 'REQUEST_APPROVE', '2014-07-16 08:01:59', 'Tel.0805918753\nDivision.science \nRoom requirements.any computer lab ', 634, 6),
(789, 1, 1, 2207, NULL, '2014-07-18', NULL, 1, 1, '', 'REQUEST_APPROVE', '2014-07-16 06:50:26', '', 612, 6),
(790, 1, 1, 2207, NULL, '2014-07-21', NULL, 1, 1, 'Room 2207\n02-800 3560 \nHLD', 'REQUEST_APPROVE', '2014-07-21 02:26:42', 'Room 2207\n02-800 3560 \nHLD', 695, 6),
(791, 1, 1, 3414, NULL, '2014-07-25', NULL, 1, 1, 'Ext.1210/SA', 'REQUEST_APPROVE', '2014-07-24 05:53:48', 'Ext.1210/SA', 717, 6),
(792, 1, 1, 3411, NULL, '2014-07-17', NULL, 2, 3, '', 'REQUEST_APPROVE', '2014-07-16 07:05:54', '', 623, 6),
(793, 1, 1, 3411, NULL, '2014-07-18', NULL, 1, 1, '', 'REQUEST_APPROVE', '2014-07-16 07:06:13', '', 624, 6),
(794, 1, 1, 2207, NULL, '2014-07-18', NULL, 1, 1, '', 'REQUEST_APPROVE', '2014-07-16 06:51:57', '', 613, 6),
(795, 1, 1, 1210, NULL, '2014-07-23', NULL, 1, 2, '', 'REQUEST_APPROVE', '2014-07-16 07:58:12', '', 633, 6),
(796, 1, 1, 2307, NULL, '2014-07-25', NULL, 1, 1, '1745, BBA', 'REQUEST_APPROVE', '2014-07-17 09:56:24', '1745, BBA', 678, 6),
(797, 1, 1, 3409, NULL, '2014-07-17', NULL, 1, 1, '', 'REQUEST_APPROVE', '2014-07-16 07:04:47', '', 620, 6),
(798, 1, 1, 3411, NULL, '2014-07-17', NULL, 1, 2, '', 'REQUEST_APPROVE', '2014-07-16 07:05:33', '', 622, 6),
(799, 1, 1, 3414, NULL, '2014-07-17', NULL, 1, 1, '', 'REQUEST_APPROVE', '2014-07-16 07:01:50', '', 618, 6),
(800, 1, 1, 1318, NULL, '2014-07-21', NULL, 1, 1, '', 'REQUEST_APPROVE', '2014-07-16 07:48:15', '', 630, 6),
(801, 1, 1, 1318, NULL, '2014-07-21', NULL, 1, 1, '', 'REQUEST_APPROVE', '2014-07-16 07:50:33', '', 631, 6),
(802, 1, 1, 1210, NULL, '2014-07-23', NULL, 1, 1, '', 'REQUEST_APPROVE', '2014-07-16 07:53:09', '', 632, 6),
(803, 1, 1, 1318, NULL, '2014-07-22', NULL, 1, 3, 'Tel : 085-828-8832\nRequirements : 3 Microphones and Projector screen\n** 3days Reservation - 18,19,22 August 2014\n', 'REQUEST_APPROVE', '2014-07-18 08:21:14', 'Tel : 085-828-8832\nRequirements : 3 Microphones and Projector screen\n** 3days Reservation - 18,19,22 August 2014\n', 689, 6),
(804, 1, 1, 3420, NULL, '2014-07-17', NULL, 1, 2, 'Final Revision for Asian Philosophy\n(Computer+internet)', 'REQUEST_APPROVE', '2014-07-16 02:16:41', 'Final Revision for Asian Philosophy\n(Computer+internet)', 533, 6),
(805, 1, 1, 3414, NULL, '2014-07-17', NULL, 1, 1, '', 'REQUEST_APPROVE', '2014-07-16 07:00:02', '', 617, 6),
(806, 1, 1, 3411, NULL, '2014-07-17', NULL, 1, 1, '', 'REQUEST_APPROVE', '2014-07-16 07:04:27', '', 619, 6),
(807, 1, 1, 3414, NULL, '2014-07-29', NULL, 1, 1, '1305\nงานพัสดุ\n3414', 'REQUEST_APPROVE', '2014-07-24 09:28:26', '1305\nงานพัสดุ\n3414', 721, 6),
(808, 1, 1, 3421, NULL, '2014-07-30', NULL, 1, 1, 'Computer, Projector, Internet', 'REQUEST_APPROVE', '2014-07-29 14:29:21', 'Computer, Projector, Internet', 760, 6),
(809, 1, 1, 3414, NULL, '2014-07-17', NULL, 1, 1, '', 'REQUEST_APPROVE', '2014-07-16 07:32:28', '', 626, 6),
(810, 1, 1, 3411, NULL, '2014-07-17', NULL, 1, 1, '', 'REQUEST_APPROVE', '2014-07-16 07:05:14', '', 621, 6),
(811, 1, 1, 2207, NULL, '2014-07-23', NULL, 1, 1, '', 'REQUEST_APPROVE', '2014-07-16 08:32:51', '', 637, 6),
(812, 1, 1, 2207, NULL, '2014-07-25', NULL, 1, 2, 'OE, ext. 1106', 'REQUEST_APPROVE', '2014-07-24 09:39:22', 'OE, ext. 1106', 722, 6),
(813, 1, 1, 1214, NULL, '2014-07-29', NULL, 1, 1, 'Data Hub Meeting room 2207 ', 'REQUEST_APPROVE', '2014-07-16 08:51:13', 'Data Hub Meeting room 2207 ', 643, 6),
(814, 1, 1, 2207, NULL, '2014-07-23', NULL, 1, 1, '', 'REQUEST_APPROVE', '2014-07-16 08:34:42', '', 638, 6),
(815, 1, 1, 3414, NULL, '2014-07-18', NULL, 1, 2, '', 'REQUEST_APPROVE', '2014-07-16 08:38:12', '', 640, 6),
(816, 1, 1, 3414, NULL, '2014-07-18', NULL, 1, 1, '', 'REQUEST_APPROVE', '2014-07-16 08:36:35', '', 639, 6),
(817, 1, 1, 2207, NULL, '2014-07-25', NULL, 1, 1, '', 'REQUEST_APPROVE', '2014-07-16 08:40:15', '', 641, 6),
(818, 1, 1, 2207, NULL, '2014-07-25', NULL, 1, 1, '', 'REQUEST_APPROVE', '2014-07-16 08:43:04', '', 642, 6),
(819, 1, 1, 1210, NULL, '2014-07-21', NULL, 1, 1, '', 'REQUEST_APPROVE', '2014-07-16 08:53:16', '', 644, 6),
(820, 1, 1, 3409, NULL, '2014-07-18', NULL, 1, 1, 'ประชุมด่วน วาระพิเศษ (SLL) ', 'REQUEST_APPROVE', '2014-07-17 10:28:24', 'ประชุมด่วน วาระพิเศษ (SLL) ', 679, 6),
(821, 1, 1, 3414, NULL, '2014-07-24', NULL, 1, 1, '1305\nงานพัสดุ \nห้อง 3414', 'REQUEST_APPROVE', '2014-07-21 09:02:00', '1305\nงานพัสดุ \nห้อง 3414', 700, 6),
(822, 1, 1, 2307, NULL, '2014-07-15', NULL, 1, 1, '1745, BBA', 'REQUEST_APPROVE', '2014-06-24 10:00:26', '1745, BBA', 233, 5),
(823, 1, 1, 2307, NULL, '2014-07-19', NULL, 1, 1, '1745, BBA', 'REQUEST_APPROVE', '2014-06-24 10:08:25', '1745, BBA', 237, 5),
(824, 1, 1, 2307, NULL, '2014-07-14', NULL, 1, 1, '1745, BBA', 'REQUEST_APPROVE', '2014-06-24 10:10:45', '1745, BBA', 238, 5),
(825, 1, 1, 3306, NULL, '2014-07-17', NULL, 1, 2, 'Tel: 0899181232', 'REQUEST_APPROVE', '2014-07-16 10:31:21', 'Tel: 0899181232', 647, 5),
(826, 1, 1, 1417, NULL, '2014-07-28', NULL, 1, 1, '1745, BBA', 'REQUEST_APPROVE', '2014-06-24 10:04:43', '1745, BBA', 235, 5),
(827, 1, 1, 1417, NULL, '2014-07-29', NULL, 1, 1, '1745, BBA', 'REQUEST_APPROVE', '2014-06-24 10:06:00', '1745, BBA', 236, 5),
(828, 1, 1, 2307, NULL, '2014-07-23', NULL, 1, 1, '1745, BBA', 'REQUEST_APPROVE', '2014-06-25 06:55:35', '1745, BBA', 255, 5),
(829, 1, 1, 3302, NULL, '2014-07-15', NULL, 1, 1, '1745, BBA', 'REQUEST_APPROVE', '2014-06-27 01:58:22', '1745, BBA', 286, 5),
(830, 1, 1, 1404, NULL, '2014-07-07', NULL, 2, 3, '', 'REQUEST_APPROVE', '2014-07-06 06:49:17', '', 435, 5),
(831, 1, 1, 3414, NULL, '2014-07-30', NULL, 1, 1, 'งานพัสดุ 1306', 'REQUEST_APPROVE', '2014-07-28 08:44:15', 'งานพัสดุ 1306', 745, 5),
(832, 1, 1, 1318, NULL, '2014-07-09', NULL, 1, 3, 'I must use this room for our important final presentation. ', 'REQUEST_APPROVE', '2014-06-02 12:07:04', 'I must use this room for our important final presentation. ', 19, 5),
(833, 1, 1, 3410, NULL, '2014-07-18', NULL, 1, 1, 'Division: BBA\nTel: (66) 2-441-5090 ext. 1419\nE-mail: alessandro.sta@mahidol.ac.th\nRoom Requirements: Any room with projector and microphone', 'REQUEST_APPROVE', '2014-06-20 09:42:41', 'Division: BBA\nTel: (66) 2-441-5090 ext. 1419\nE-mail: alessandro.sta@mahidol.ac.th\nRoom Requirements: Any room with projector and microphone', 202, 5),
(834, 1, 1, -1, NULL, '2014-07-18', NULL, 1, 2, '', 'REQUEST_APPROVE', '2014-06-20 03:28:40', '', 195, 5),
(835, 1, 1, 1307, NULL, '2014-07-09', NULL, 1, 3, '', 'REQUEST_APPROVE', '2014-06-23 11:49:25', '', 219, 5),
(836, 1, 1, 2308, NULL, '2014-07-15', NULL, 1, 1, '1745, BBA', 'REQUEST_APPROVE', '2014-06-24 10:02:27', '1745, BBA', 234, 5),
(837, 1, 1, -1, NULL, '2014-07-29', NULL, 1, 2, '', 'REQUEST_APPROVE', '2014-06-12 08:49:22', '', 99, 5),
(838, 1, 1, 3414, NULL, '2014-07-28', NULL, 1, 1, '1305 \nงานพัสดุ \nห้อง 1207', 'REQUEST_APPROVE', '2014-07-16 09:39:27', '1305 \nงานพัสดุ \nห้อง 1207', 645, 5),
(839, 1, 1, 2207, NULL, '2014-07-22', NULL, 1, 1, '', 'REQUEST_APPROVE', '2014-07-16 06:03:06', '', 589, 5),
(840, 1, 1, -1, NULL, '2014-07-28', NULL, 1, 2, '', 'REQUEST_APPROVE', '2014-06-12 08:46:19', '', 98, 5),
(841, 1, 1, -1, NULL, '2014-07-18', NULL, 1, 2, 'IT ', 'REQUEST_APPROVE', '2014-07-18 01:13:42', 'IT ', 681, 5),
(842, 1, 1, 3421, NULL, '2014-07-17', NULL, 1, 1, '', 'REQUEST_APPROVE', '2014-07-16 16:57:22', '', 648, 5),
(843, 1, 1, 3412, NULL, '2014-07-08', NULL, 1, 1, '1511/ THM/ 3412', 'REQUEST_APPROVE', '2014-06-26 03:31:21', '1511/ THM/ 3412', 274, 5),
(844, 1, 1, 3414, NULL, '2014-07-22', NULL, 1, 1, 'Tel: Ext.1116\nDivision: PR\nRoom Requirement: -', 'REQUEST_APPROVE', '2014-07-16 02:56:37', 'Tel: Ext.1116\nDivision: PR\nRoom Requirement: -', 551, 5),
(845, 1, 1, 3316, NULL, '2014-07-17', NULL, 1, 3, '', 'REQUEST_APPROVE', '2014-07-02 12:20:17', '', 359, 5),
(846, 1, 1, 3304, NULL, '2014-07-17', NULL, 1, 2, 'prepare for exam', 'REQUEST_APPROVE', '2014-07-14 09:01:33', 'prepare for exam', 478, 5),
(847, 1, 1, 3415, NULL, '2014-07-23', NULL, 1, 2, 'นักศึกษา ป.โท defense 23 ก.ค.57 เวลา 9.00 -18.00 น. ขอห้องให้ (3515)', 'REQUEST_APPROVE', '2014-07-18 01:08:28', 'นักศึกษา ป.โท defense 23 ก.ค.57 เวลา 9.00 -18.00 น. ขอห้องให้ (3515)', 680, 5),
(848, 1, 1, 3410, NULL, '2014-07-07', NULL, 1, 3, 'Tel: 0818252922\nDivision: Computer Science \nRoom Requirements: Any lecture room ', 'REQUEST_APPROVE', '2014-07-03 06:41:44', 'Tel: 0818252922\nDivision: Computer Science \nRoom Requirements: Any lecture room ', 395, 5),
(849, 1, 1, -1, NULL, '2014-07-07', NULL, 1, 2, 'Tel: 0827866709\nDivision:  \nRoom Requirements: Any room', 'REQUEST_APPROVE', '2014-07-03 12:02:19', 'Tel: 0827866709\nDivision:  \nRoom Requirements: Any room', 408, 5),
(850, 1, 1, 3420, NULL, '2014-07-24', NULL, 1, 1, 'Accord Visit (พลังงาน)  วันที่ 24 ก.ค.57 เวลา 14.00-16.00 น. (ขอใช้ห้องประชุม 2207)', 'REQUEST_APPROVE', '2014-07-18 01:13:50', 'Accord Visit (พลังงาน)  วันที่ 24 ก.ค.57 เวลา 14.00-16.00 น. (ขอใช้ห้องประชุม 2207)', 682, 5),
(851, 1, 1, 2207, NULL, '2014-07-30', NULL, 1, 1, 'ขอใช้ห้อง 2207ค่ะ', 'REQUEST_APPROVE', '2014-07-22 03:25:14', 'ขอใช้ห้อง 2207ค่ะ', 705, 5),
(852, 1, 1, 2207, NULL, '2014-07-30', NULL, 1, 1, 'Tel : 1761\nDivision : THM \nReserved by : Teerawan Nuntakij\nRoom Requirements : meeting room', 'REQUEST_APPROVE', '2014-07-25 03:25:08', 'Tel : 1761\nDivision : THM \nReserved by : Teerawan Nuntakij\nRoom Requirements : meeting room', 724, 5),
(853, 1, 1, 3414, NULL, '2014-07-23', NULL, 1, 1, 'BBA, 1745, Meeting room', 'REQUEST_APPROVE', '2014-07-17 06:09:22', 'BBA, 1745, Meeting room', 654, 5),
(854, 1, 1, 1418, NULL, '2014-07-07', NULL, 1, 1, '', 'REQUEST_APPROVE', '2014-07-04 10:10:11', '', 425, 5),
(855, 1, 1, 2302, NULL, '2014-07-07', NULL, 1, 1, 'room with mirrror', 'REQUEST_APPROVE', '2014-07-04 10:05:39', 'room with mirrror', 423, 5),
(856, 1, 1, 2302, NULL, '2014-07-07', NULL, 1, 3, 'any room with mirror', 'REQUEST_APPROVE', '2014-07-04 10:07:58', 'any room with mirror', 424, 5),
(857, 1, 1, 1314, NULL, '2014-07-07', NULL, 1, 2, 'Tel: 0867565252\nDivision: THM\nRoom Requirements: Computer', 'REQUEST_APPROVE', '2014-07-04 13:32:35', 'Tel: 0867565252\nDivision: THM\nRoom Requirements: Computer', 428, 5),
(858, 1, 1, 1302, NULL, '2014-07-07', NULL, 1, 1, 'Tel: 090-994-4285', 'REQUEST_APPROVE', '2014-07-05 09:33:46', 'Tel: 090-994-4285', 433, 5),
(859, 1, 1, 1406, NULL, '2014-07-07', NULL, 1, 3, 'tel; 0805918753\ndivisin;thm\nrequirements''ayrooms with omputer', 'REQUEST_APPROVE', '2014-07-07 07:36:32', 'tel; 0805918753\ndivisin;thm\nrequirements''ayrooms with omputer', 441, 5),
(860, 1, 1, 1302, NULL, '2014-07-07', NULL, 1, 1, 'Tel: 090-994-4285', 'REQUEST_APPROVE', '2014-07-05 09:29:14', 'Tel: 090-994-4285', 432, 5),
(861, 1, 1, 3415, NULL, '2014-07-07', NULL, 1, 1, 'Room requirements: using computer ', 'REQUEST_APPROVE', '2014-07-05 05:16:29', 'Room requirements: using computer ', 430, 5),
(862, 1, 1, 3408, NULL, '2014-07-07', NULL, 1, 3, 'Tel:0817200446\nRoom Requirement : Any rooms at IC building', 'REQUEST_APPROVE', '2014-07-07 05:33:29', 'Tel:0817200446\nRoom Requirement : Any rooms at IC building', 439, 5),
(863, 1, 1, 3306, NULL, '2014-07-07', NULL, 1, 2, '1118: BBA', 'REQUEST_APPROVE', '2014-07-07 03:07:20', '1118: BBA', 437, 5),
(864, 1, 1, 3411, NULL, '2014-07-07', NULL, 2, 3, '', 'REQUEST_APPROVE', '2014-07-07 05:19:51', '', 438, 5),
(865, 1, 1, 3412, NULL, '2014-07-07', NULL, 1, 2, '1745, BBA', 'REQUEST_APPROVE', '2014-07-07 07:12:28', '1745, BBA', 440, 5),
(866, 1, 1, 3411, NULL, '2014-07-09', NULL, 1, 1, '', 'REQUEST_APPROVE', '2014-07-08 10:40:25', '', 450, 5),
(867, 1, 1, 1304, NULL, '2014-07-09', NULL, 2, 3, 'Tel: 0867565252\nDivision: THM\nRoom Requirements: Compute lap', 'REQUEST_APPROVE', '2014-07-07 10:23:13', 'Tel: 0867565252\nDivision: THM\nRoom Requirements: Compute lap', 443, 5),
(868, 1, 1, 2302, NULL, '2014-07-09', NULL, 1, 2, 'Contact งานคุมสอบ', 'REQUEST_APPROVE', '2014-07-08 01:04:07', 'Contact งานคุมสอบ', 445, 5),
(869, 1, 1, 1312, NULL, '2014-07-27', NULL, 1, 1, 'Admissions\nTel: 1245\nUse for MUIC Entrance Examination ', 'REQUEST_APPROVE', '2014-07-08 07:58:03', 'Admissions\nTel: 1245\nUse for MUIC Entrance Examination ', 448, 5),
(870, 1, 1, 3412, NULL, '2014-07-09', NULL, 1, 1, 'Tel: 0909944285', 'REQUEST_APPROVE', '2014-07-08 12:54:54', 'Tel: 0909944285', 452, 5),
(871, 1, 1, 3315, NULL, '2014-07-09', NULL, 1, 3, 'Tel: 0909944285', 'REQUEST_APPROVE', '2014-07-08 12:56:18', 'Tel: 0909944285', 455, 5),
(872, 1, 1, 3304, NULL, '2014-07-09', NULL, 1, 1, 'Tel: 0909944285', 'REQUEST_APPROVE', '2014-07-08 12:55:20', 'Tel: 0909944285', 453, 5),
(873, 1, 1, 3304, NULL, '2014-07-09', NULL, 1, 1, 'Tel: 0909944285', 'REQUEST_APPROVE', '2014-07-08 12:55:48', 'Tel: 0909944285', 454, 5),
(874, 1, 1, 3304, NULL, '2014-07-09', NULL, 1, 1, '', 'REQUEST_APPROVE', '2014-07-08 10:38:46', '', 449, 5),
(875, 1, 1, 1418, NULL, '2014-07-26', NULL, 1, 2, 'Admissions\nTel: 1245\nUse for the MUIC Entrance Examination (ขอห้อง 1418-1419 ค่ะ)', 'REQUEST_APPROVE', '2014-07-08 07:54:47', 'Admissions\nTel: 1245\nUse for the MUIC Entrance Examination (ขอห้อง 1418-1419 ค่ะ)', 447, 5),
(876, 1, 1, 3410, NULL, '2014-07-15', NULL, 1, 1, 'BBA:1118', 'REQUEST_APPROVE', '2014-07-09 01:10:42', 'BBA:1118', 457, 5),
(877, 1, 1, -1, NULL, '2014-07-17', NULL, 1, 1, 'Faculty support services unit\nMrs. Sopa ext. 1125', 'REQUEST_APPROVE', '2014-07-09 03:09:18', 'Faculty support services unit\nMrs. Sopa ext. 1125', 459, 5),
(878, 1, 1, -1, NULL, '2014-07-18', NULL, 1, 1, 'Faculty Support Services Unit\nMrs. Sopa Ext. 1125', 'REQUEST_APPROVE', '2014-07-09 03:24:03', 'Faculty Support Services Unit\nMrs. Sopa Ext. 1125', 460, 5),
(879, 1, 1, 3407, NULL, '2014-07-09', NULL, 2, 3, 'tel; 0805918753\ndivision; thm\nroom requirements; an cmpter lab', 'REQUEST_APPROVE', '2014-07-09 04:37:23', 'tel; 0805918753\ndivision; thm\nroom requirements; an cmpter lab', 461, 5),
(880, 1, 1, -1, NULL, '2014-07-16', NULL, 2, 3, 'Faculty Support Services Units\nMrs. Sopa ext 1125', 'REQUEST_APPROVE', '2014-07-10 06:30:45', 'Faculty Support Services Units\nMrs. Sopa ext 1125', 462, 5),
(881, 1, 1, -1, NULL, '2014-07-17', NULL, 2, 3, 'Faculty Support Services Units\nMrs. Sopa ext 1125', 'REQUEST_APPROVE', '2014-07-10 06:32:16', 'Faculty Support Services Units\nMrs. Sopa ext 1125', 463, 5),
(882, 1, 1, 3412, NULL, '2014-07-15', NULL, 1, 2, 'prepare exam', 'REQUEST_APPROVE', '2014-07-14 08:14:50', 'prepare exam', 475, 5),
(883, 1, 1, 1307, NULL, '2014-07-16', NULL, 1, 2, 'prepare for exam', 'REQUEST_APPROVE', '2014-07-14 08:16:30', 'prepare for exam', 476, 5),
(884, 1, 1, 3410, NULL, '2014-07-17', NULL, 1, 2, 'prepare for exam', 'REQUEST_APPROVE', '2014-07-14 08:18:04', 'prepare for exam', 477, 5),
(885, 1, 1, 3317, NULL, '2014-07-12', NULL, 1, 1, '', 'REQUEST_APPROVE', '2014-07-11 07:06:49', '', 467, 5),
(886, 1, 1, 3412, NULL, '2014-07-12', NULL, 1, 1, 'Room Requirements: Projector', 'REQUEST_APPROVE', '2014-07-11 11:18:52', 'Room Requirements: Projector', 468, 5),
(887, 1, 1, 3407, NULL, '2014-07-12', NULL, 2, 2, 'tel;0805918753\ndivision; thm\nroom  requirements; any room with  computer', 'REQUEST_APPROVE', '2014-07-12 06:16:16', 'tel;0805918753\ndivision; thm\nroom  requirements; any room with  computer', 470, 5),
(888, 1, 1, -1, NULL, '2014-07-16', NULL, 1, 1, 'Mrs. Sopa\nFaculty Support Units\next. 1125', 'REQUEST_APPROVE', '2014-07-12 06:31:53', 'Mrs. Sopa\nFaculty Support Units\next. 1125', 471, 5),
(889, 1, 1, 3410, NULL, '2014-07-14', NULL, 1, 3, '', 'REQUEST_APPROVE', '2014-07-13 05:48:20', '', 472, 5),
(890, 1, 1, 3407, NULL, '2014-07-14', NULL, 1, 2, 'tel;0805918753\ndivisioon;scieence\nroom  quirement; anny computer lab', 'REQUEST_APPROVE', '2014-07-14 06:16:10', 'tel;0805918753\ndivisioon;scieence\nroom  quirement; anny computer lab', 474, 5),
(891, 1, 1, 3306, NULL, '2014-07-15', NULL, 1, 1, '', 'REQUEST_APPROVE', '2014-07-14 09:39:27', '', 479, 5),
(892, 1, 1, 3410, NULL, '2014-07-15', NULL, 1, 1, '', 'REQUEST_APPROVE', '2014-07-14 09:40:14', '', 480, 5),
(893, 1, 1, 3317, NULL, '2014-07-16', NULL, 1, 1, '', 'REQUEST_APPROVE', '2014-07-15 02:59:35', '', 484, 5),
(894, 1, 1, 3302, NULL, '2014-07-16', NULL, 1, 1, '', 'REQUEST_APPROVE', '2014-07-15 03:00:12', '', 485, 5),
(895, 1, 1, 3410, NULL, '2014-07-16', NULL, 1, 2, '', 'REQUEST_APPROVE', '2014-07-15 03:01:25', '', 487, 5),
(896, 1, 1, 3302, NULL, '2014-07-16', NULL, 1, 1, '', 'REQUEST_APPROVE', '2014-07-15 03:00:47', '', 486, 5),
(897, 1, 1, 3306, NULL, '2014-07-15', NULL, 1, 1, 'BBA, 1745', 'REQUEST_APPROVE', '2014-07-15 03:01:49', 'BBA, 1745', 488, 5),
(898, 1, 1, 3305, NULL, '2014-07-16', NULL, 6, 1, 'tel:08144444311', 'REQUEST_APPROVE', '2014-07-15 18:26:47', 'tel:08144444311', 503, 5),
(899, 1, 1, 2207, NULL, '2014-07-16', NULL, 1, 2, 'MATV system meeting', 'REQUEST_APPROVE', '2014-07-15 06:45:49', 'MATV system meeting', 491, 5),
(900, 1, 1, 2207, NULL, '2014-07-23', NULL, 1, 1, '1118:BBA', 'REQUEST_APPROVE', '2014-07-15 06:49:35', '1118:BBA', 492, 5),
(901, 1, 1, 3305, NULL, '2014-07-16', NULL, 1, 1, 'Tel: 0814444311', 'REQUEST_APPROVE', '2014-07-15 18:30:58', 'Tel: 0814444311', 505, 5),
(902, 1, 1, 3305, NULL, '2014-07-16', NULL, 1, 1, 'Tel:0814444311', 'REQUEST_APPROVE', '2014-07-15 06:53:44', 'Tel:0814444311', 493, 5),
(903, 1, 1, 3415, NULL, '2014-07-15', NULL, 1, 1, '', 'REQUEST_APPROVE', '2014-07-15 06:56:53', '', 494, 5),
(904, 1, 1, 2207, NULL, '2014-07-16', NULL, 1, 1, '', 'REQUEST_APPROVE', '2014-07-15 07:41:55', '', 496, 5),
(905, 1, 1, 3407, NULL, '2014-07-15', NULL, 1, 2, 'te;0805918753\ndivisioon;science\nroom requireents; any opter lab', 'REQUEST_APPROVE', '2014-07-15 07:34:34', 'te;0805918753\ndivisioon;science\nroom requireents; any opter lab', 495, 5),
(906, 1, 1, 2207, NULL, '2014-07-28', NULL, 1, 1, 'Science Division\nRoom Requirement: any meeting room', 'REQUEST_APPROVE', '2014-07-15 09:53:41', 'Science Division\nRoom Requirement: any meeting room', 498, 5),
(907, 1, 1, 3414, NULL, '2014-07-16', NULL, 1, 1, '1306 งานพัสดุ', 'REQUEST_APPROVE', '2014-07-15 08:35:01', '1306 งานพัสดุ', 497, 5),
(908, 1, 1, 3414, NULL, '2014-07-24', NULL, 1, 1, 'Tel: Ext.1116\nDivision: PR\nRoom Requirement: -', 'REQUEST_APPROVE', '2014-07-17 01:45:56', 'Tel: Ext.1116\nDivision: PR\nRoom Requirement: -', 649, 5),
(909, 1, 1, 3411, NULL, '2014-07-16', NULL, 1, 1, '', 'REQUEST_APPROVE', '2014-07-15 15:35:20', '', 500, 5),
(910, 1, 1, 3305, NULL, '2014-07-15', NULL, 6, 1, 'tel: 0814444311', 'REQUEST_APPROVE', '2014-07-15 18:21:30', 'tel: 0814444311', 501, 5),
(911, 1, 1, 3305, NULL, '2014-07-15', NULL, 1, 1, 'tel:0814444311', 'REQUEST_APPROVE', '2014-07-15 18:23:35', 'tel:0814444311', 502, 5),
(912, 1, 1, 1214, NULL, '2014-07-21', NULL, 1, 1, 'Tel. 1201\nOffice of the Dean\nRoom : 1214 Dean meeting room', 'REQUEST_APPROVE', '2014-07-15 10:15:36', 'Tel. 1201\nOffice of the Dean\nRoom : 1214 Dean meeting room', 499, 5),
(913, 1, 1, 3305, NULL, '2014-07-16', NULL, 1, 1, 'tel:0814444311', 'REQUEST_APPROVE', '2014-07-15 18:28:19', 'tel:0814444311', 504, 5),
(914, 1, 1, 3414, NULL, '2014-07-19', NULL, 1, 1, 'Science Division\nRoom Requirement: Any meeting room', 'REQUEST_APPROVE', '2014-07-17 05:24:32', 'Science Division\nRoom Requirement: Any meeting room', 653, 5),
(915, 1, 1, 1214, NULL, '2014-07-18', NULL, 1, 1, '', 'REQUEST_APPROVE', '2014-07-16 01:35:55', '', 512, 5),
(916, 1, 1, 1214, NULL, '2014-07-18', NULL, 1, 1, 'มีการจัดเลี้ยงอาหารด้วยค่ะ ', 'REQUEST_APPROVE', '2014-07-18 02:20:52', 'มีการจัดเลี้ยงอาหารด้วยค่ะ ', 683, 5),
(917, 1, 1, 3303, NULL, '2014-07-18', NULL, 1, 2, 'Any room on the 3rd floor', 'REQUEST_APPROVE', '2014-07-17 01:55:09', 'Any room on the 3rd floor', 650, 5),
(918, 1, 1, 1210, NULL, '2014-07-24', NULL, 1, 1, '', 'REQUEST_APPROVE', '2014-07-18 02:49:35', '', 684, 5),
(919, 1, 1, 1214, NULL, '2014-07-23', NULL, 1, 1, '02-800-3574\nDivision : HLD\nRoom : 1214', 'REQUEST_APPROVE', '2014-07-22 03:31:39', '02-800-3574\nDivision : HLD\nRoom : 1214', 706, 5),
(920, 1, 1, 3315, NULL, '2014-07-25', NULL, 1, 1, 'การอบรมการใช้งานชุดทดสอบประสิทธิภาพการเรียนการสอน (Clicker)\nโดยวิทยากร คือ คุณสรวีร์ วรกุลพิทักษ์ ตัวแทนจาก บริษัท อินเตอร์เอ็ดดูเคชั่น ซัพพลายส์ จำกัด \nในวันศุกร์ที่ 25 กรกฎาคม พ.ศ. 2557 เวลา 10:00-11:00 น.  ห้อง 3415', 'REQUEST_APPROVE', '2014-07-22 10:35:22', 'การอบรมการใช้งานชุดทดสอบประสิทธิภาพการเรียนการสอน (Clicker)\nโดยวิทยากร คือ คุณสรวีร์ วรกุลพิทักษ์ ตัวแทนจาก บริษัท อินเตอร์เอ็ดดูเคชั่น ซัพพลายส์ จำกัด \nในวันศุกร์ที่ 25 กรกฎาคม พ.ศ. 2557 เวลา 10:00-11:00 น.  ห้อง 3415', 711, 5),
(921, 1, 1, 3306, NULL, '2014-07-18', NULL, 1, 1, 'Tel: 0899181232', 'REQUEST_APPROVE', '2014-07-17 07:49:35', 'Tel: 0899181232', 655, 5),
(922, 1, 1, 2207, NULL, '2014-07-29', NULL, 1, 1, '', 'REQUEST_APPROVE', '2014-07-16 02:08:17', '', 528, 5),
(923, 1, 1, 3407, NULL, '2014-07-18', NULL, 1, 2, 'tel;0805918753\ndivision;thm\nroom requirement;any computer lab', 'REQUEST_APPROVE', '2014-07-18 06:38:12', 'tel;0805918753\ndivision;thm\nroom requirement;any computer lab', 685, 5),
(924, 1, 1, 3414, NULL, '2014-07-22', NULL, 1, 1, 'Tel.3555\nIT\nRoom 3414', 'REQUEST_APPROVE', '2014-07-22 07:02:07', 'Tel.3555\nIT\nRoom 3414', 709, 5),
(925, 1, 1, 1210, NULL, '2014-07-25', NULL, 1, 2, 'งานบริหารกลาง\nขอความอนุเคราะห์จัดให้สำหรับให้มีการเสนอชื่อ เบื้องต้นได้พูดคุยกับคุณสิทธาแล้ว ขอบคุณมากค่ะ\n', 'REQUEST_APPROVE', '2014-07-22 05:45:47', 'งานบริหารกลาง\nขอความอนุเคราะห์จัดให้สำหรับให้มีการเสนอชื่อ เบื้องต้นได้พูดคุยกับคุณสิทธาแล้ว ขอบคุณมากค่ะ\n', 708, 5),
(926, 1, 1, 1314, NULL, '2014-07-25', NULL, 6, 1, '', 'REQUEST_APPROVE', '2014-07-25 13:28:22', '', 728, 5),
(927, 1, 1, 1214, NULL, '2014-07-28', NULL, 1, 1, 'Ext. 1708-9\nDivision: IA\nRoom Requirements: Meeting room: 1214', 'REQUEST_APPROVE', '2014-07-18 06:39:25', 'Ext. 1708-9\nDivision: IA\nRoom Requirements: Meeting room: 1214', 686, 5),
(928, 1, 1, 3414, NULL, '2014-07-28', NULL, 1, 1, 'ประชุมงานเทคโนโลยีการศึกษา \nในวันจันทร์ที่ 28 กรกฏาคม พ.ศ. 2557\nห้องประชุม 3414 เวลา 09:00 - 10:00 น. \n\n', 'REQUEST_APPROVE', '2014-07-22 07:59:24', 'ประชุมงานเทคโนโลยีการศึกษา \nในวันจันทร์ที่ 28 กรกฏาคม พ.ศ. 2557\nห้องประชุม 3414 เวลา 09:00 - 10:00 น. \n\n', 710, 5),
(929, 1, 1, 2207, NULL, '2014-07-29', NULL, 1, 1, '', 'REQUEST_APPROVE', '2014-07-16 02:06:51', '', 527, 5),
(930, 1, 1, 2302, NULL, '2014-07-28', NULL, 1, 1, 'Tel: 085-8288832\nRoom Requirement : Mirror\n                                    ขอห้องกระจกค่าาาา', 'REQUEST_APPROVE', '2014-07-27 15:30:15', 'Tel: 085-8288832\nRoom Requirement : Mirror\n                                    ขอห้องกระจกค่าาาา', 730, 5),
(931, 1, 1, 1214, NULL, '2014-07-17', NULL, 1, 1, '', 'REQUEST_APPROVE', '2014-07-16 02:22:40', '', 535, 5),
(932, 1, 1, 1214, NULL, '2014-07-17', NULL, 1, 1, '', 'REQUEST_APPROVE', '2014-07-16 02:24:34', '', 536, 5),
(933, 1, 1, 2207, NULL, '2014-07-17', NULL, 1, 1, '', 'REQUEST_APPROVE', '2014-07-16 02:27:04', '', 537, 5),
(934, 1, 1, 2207, NULL, '2014-07-25', NULL, 1, 1, '', 'REQUEST_APPROVE', '2014-07-16 02:49:49', '', 549, 5),
(935, 1, 1, 2207, NULL, '2014-07-25', NULL, 1, 1, '', 'REQUEST_APPROVE', '2014-07-16 02:51:44', '', 550, 5),
(936, 1, 1, 1307, NULL, '2014-07-22', NULL, 1, 1, '085-8288832\nRoom Request: Mirror (ต้องการห้องกระจกค่ะ)', 'REQUEST_APPROVE', '2014-07-21 16:35:34', '085-8288832\nRoom Request: Mirror (ต้องการห้องกระจกค่ะ)', 703, 5),
(937, 1, 1, 1214, NULL, '2014-07-17', NULL, 1, 1, '', 'REQUEST_APPROVE', '2014-07-16 03:57:01', '', 583, 5),
(938, 1, 1, 1214, NULL, '2014-07-17', NULL, 1, 1, '', 'REQUEST_APPROVE', '2014-07-16 03:53:05', '', 582, 5),
(939, 1, 1, 3414, NULL, '2014-07-25', NULL, 2, 2, 'Science Division', 'REQUEST_APPROVE', '2014-07-24 04:02:25', 'Science Division', 715, 5),
(940, 1, 1, 2303, NULL, '2014-07-24', NULL, 1, 1, '1118:BBA', 'REQUEST_APPROVE', '2014-07-24 04:04:15', '1118:BBA', 716, 5),
(941, 1, 1, 3305, NULL, '2014-07-18', NULL, 1, 1, 'Tel:0814444311', 'REQUEST_APPROVE', '2014-07-16 03:35:23', 'Tel:0814444311', 570, 5),
(942, 1, 1, 1210, NULL, '2014-07-20', NULL, 1, 1, '', 'REQUEST_APPROVE', '2014-07-16 03:49:19', '', 580, 5),
(943, 1, 1, 5212, NULL, '2014-07-21', NULL, 1, 1, '', 'REQUEST_APPROVE', '2014-07-20 07:46:50', '', 693, 5),
(944, 1, 1, 2207, NULL, '2014-07-22', NULL, 1, 1, '', 'REQUEST_APPROVE', '2014-07-16 04:01:47', '', 586, 5),
(945, 1, 1, 1210, NULL, '2014-07-20', NULL, 1, 1, '', 'REQUEST_APPROVE', '2014-07-16 03:51:09', '', 581, 5),
(946, 1, 1, 2207, NULL, '2014-07-22', NULL, 1, 1, '', 'REQUEST_APPROVE', '2014-07-16 06:05:21', '', 590, 5),
(947, 1, 1, 2207, NULL, '2014-07-24', NULL, 1, 1, '', 'REQUEST_APPROVE', '2014-07-16 06:06:56', '', 591, 5),
(948, 1, 1, 2207, NULL, '2014-07-24', NULL, 1, 1, '', 'REQUEST_APPROVE', '2014-07-16 06:09:07', '', 592, 5),
(949, 1, 1, 2207, NULL, '2014-07-17', NULL, 1, 1, '', 'REQUEST_APPROVE', '2014-07-16 06:13:29', '', 593, 5),
(950, 1, 1, 2207, NULL, '2014-07-18', NULL, 1, 1, '', 'REQUEST_APPROVE', '2014-07-16 06:15:16', '', 594, 5),
(951, 1, 1, 2207, NULL, '2014-07-18', NULL, 1, 1, '', 'REQUEST_APPROVE', '2014-07-16 06:16:58', '', 595, 5),
(952, 1, 1, 1214, NULL, '2014-07-21', NULL, 1, 1, '', 'REQUEST_APPROVE', '2014-07-16 06:18:56', '', 596, 5),
(953, 1, 1, 1214, NULL, '2014-07-21', NULL, 1, 2, '', 'REQUEST_APPROVE', '2014-07-16 06:20:20', '', 597, 5),
(954, 1, 1, 1214, NULL, '2014-07-22', NULL, 1, 1, '', 'REQUEST_APPROVE', '2014-07-16 06:22:28', '', 598, 5),
(955, 1, 1, 1210, NULL, '2014-07-26', NULL, 1, 1, '', 'REQUEST_APPROVE', '2014-07-16 06:30:43', '', 603, 5),
(956, 1, 1, 1210, NULL, '2014-07-26', NULL, 1, 1, '', 'REQUEST_APPROVE', '2014-07-16 06:32:16', '', 604, 5),
(957, 1, 1, 1210, NULL, '2014-07-26', NULL, 1, 1, '', 'REQUEST_APPROVE', '2014-07-16 06:33:58', '', 605, 5),
(958, 1, 1, 1210, NULL, '2014-07-26', NULL, 1, 1, '', 'REQUEST_APPROVE', '2014-07-16 06:35:13', '', 606, 5),
(959, 1, 1, 1210, NULL, '2014-07-26', NULL, 1, 2, '', 'REQUEST_APPROVE', '2014-07-16 06:36:47', '', 607, 5),
(960, 1, 1, 1210, NULL, '2014-07-27', NULL, 1, 1, '', 'REQUEST_APPROVE', '2014-07-16 06:38:10', '', 608, 5),
(961, 1, 1, 1210, NULL, '2014-07-27', NULL, 1, 1, '', 'REQUEST_APPROVE', '2014-07-16 06:39:25', '', 609, 5),
(962, 1, 1, 1214, NULL, '2014-07-16', NULL, 1, 2, '', 'REQUEST_APPROVE', '2014-07-16 06:47:13', '', 610, 5),
(963, 1, 1, 1214, NULL, '2014-07-16', NULL, 1, 1, '', 'REQUEST_APPROVE', '2014-07-16 06:48:47', '', 611, 5),
(964, 1, 1, 3305, NULL, '2014-07-16', NULL, 2, 3, 'Tel:0814444311', 'REQUEST_APPROVE', '2014-07-16 05:20:58', 'Tel:0814444311', 587, 5),
(965, 1, 1, 1408, NULL, '2014-07-17', NULL, 1, 1, 'Tel: 0832502220', 'REQUEST_APPROVE', '2014-07-16 05:40:56', 'Tel: 0832502220', 588, 5),
(966, 1, 1, 3410, NULL, '2014-07-17', NULL, 1, 1, 'Computer', 'REQUEST_APPROVE', '2014-07-16 08:13:19', 'Computer', 635, 5),
(967, 1, 1, 3412, NULL, '2014-07-17', NULL, 1, 1, 'Computer', 'REQUEST_APPROVE', '2014-07-16 08:14:52', 'Computer', 636, 5),
(968, 1, 1, 3317, NULL, '2014-07-17', NULL, 1, 1, '', 'REQUEST_APPROVE', '2014-07-16 07:18:46', '', 625, 5),
(969, 1, 1, 3407, NULL, '2014-07-16', NULL, 1, 2, 'Tel.0805918753\nDivision.science \nRoom requirements.any computer lab ', 'REQUEST_APPROVE', '2014-07-16 08:01:59', 'Tel.0805918753\nDivision.science \nRoom requirements.any computer lab ', 634, 5),
(970, 1, 1, 2207, NULL, '2014-07-18', NULL, 1, 1, '', 'REQUEST_APPROVE', '2014-07-16 06:50:26', '', 612, 5),
(971, 1, 1, 2207, NULL, '2014-07-21', NULL, 1, 1, 'Room 2207\n02-800 3560 \nHLD', 'REQUEST_APPROVE', '2014-07-21 02:26:42', 'Room 2207\n02-800 3560 \nHLD', 695, 5),
(972, 1, 1, 3414, NULL, '2014-07-25', NULL, 1, 1, 'Ext.1210/SA', 'REQUEST_APPROVE', '2014-07-24 05:53:48', 'Ext.1210/SA', 717, 5),
(973, 1, 1, 3411, NULL, '2014-07-17', NULL, 2, 3, '', 'REQUEST_APPROVE', '2014-07-16 07:05:54', '', 623, 5),
(974, 1, 1, 3411, NULL, '2014-07-18', NULL, 1, 1, '', 'REQUEST_APPROVE', '2014-07-16 07:06:13', '', 624, 5),
(975, 1, 1, 2207, NULL, '2014-07-18', NULL, 1, 1, '', 'REQUEST_APPROVE', '2014-07-16 06:51:57', '', 613, 5),
(976, 1, 1, 1210, NULL, '2014-07-23', NULL, 1, 2, '', 'REQUEST_APPROVE', '2014-07-16 07:58:12', '', 633, 5),
(977, 1, 1, 2307, NULL, '2014-07-25', NULL, 1, 1, '1745, BBA', 'REQUEST_APPROVE', '2014-07-17 09:56:24', '1745, BBA', 678, 5),
(978, 1, 1, 3409, NULL, '2014-07-17', NULL, 1, 1, '', 'REQUEST_APPROVE', '2014-07-16 07:04:47', '', 620, 5),
(979, 1, 1, 3411, NULL, '2014-07-17', NULL, 1, 2, '', 'REQUEST_APPROVE', '2014-07-16 07:05:33', '', 622, 5),
(980, 1, 1, 3414, NULL, '2014-07-17', NULL, 1, 1, '', 'REQUEST_APPROVE', '2014-07-16 07:01:50', '', 618, 5),
(981, 1, 1, 1318, NULL, '2014-07-21', NULL, 1, 1, '', 'REQUEST_APPROVE', '2014-07-16 07:48:15', '', 630, 5),
(982, 1, 1, 1318, NULL, '2014-07-21', NULL, 1, 1, '', 'REQUEST_APPROVE', '2014-07-16 07:50:33', '', 631, 5),
(983, 1, 1, 1210, NULL, '2014-07-23', NULL, 1, 1, '', 'REQUEST_APPROVE', '2014-07-16 07:53:09', '', 632, 5),
(1025, 1, 1, 1304, NULL, '2015-01-02', NULL, 2, 2, '', 'REQUEST_APPROVE', '2014-12-24 08:18:43', '001', 0, 0),
(1026, 1, 1, 1315, NULL, '2014-12-24', NULL, 5, 5, '', 'REQUEST_APPROVE', '2014-12-24 08:22:18', '002', 0, 0),
(1027, 1, 2, 1304, 8, '2015-01-05', 2, 1, 2, '', 'REQUEST_APPROVE', '2015-01-08 08:53:22', '001', 0, 0),
(1028, 1, 2, 1304, 8, '2015-01-12', 2, 1, 2, '', 'REQUEST_APPROVE', '2015-01-08 08:53:22', '001', 0, 0),
(1029, 1, 2, 1304, 8, '2015-01-19', 2, 1, 2, '', 'REQUEST_APPROVE', '2015-01-08 08:53:22', '001', 0, 0),
(1030, 1, 2, 1304, 8, '2015-01-26', 2, 1, 2, '', 'REQUEST_APPROVE', '2015-01-08 08:53:22', '001', 0, 0),
(1031, 1, 2, 1304, 8, '2015-02-02', 2, 1, 2, '', 'REQUEST_APPROVE', '2015-01-08 08:53:22', '001', 0, 0),
(1032, 1, 2, 1304, 8, '2015-02-09', 2, 1, 2, '', 'REQUEST_APPROVE', '2015-01-08 08:53:22', '001', 0, 0),
(1033, 1, 2, 1304, 8, '2015-02-16', 2, 1, 2, '', 'REQUEST_APPROVE', '2015-01-08 08:53:22', '001', 0, 0),
(1034, 1, 2, 1304, 8, '2015-02-23', 2, 1, 2, '', 'REQUEST_APPROVE', '2015-01-08 08:53:22', '001', 0, 0),
(1035, 1, 2, 1304, 8, '2015-03-02', 2, 1, 2, '', 'REQUEST_APPROVE', '2015-01-08 08:53:22', '001', 0, 0),
(1036, 1, 2, 1304, 8, '2015-03-09', 2, 1, 2, '', 'REQUEST_APPROVE', '2015-01-08 08:53:22', '001', 0, 0),
(1037, 1, 2, 1304, 8, '2015-03-16', 2, 1, 2, '', 'REQUEST_APPROVE', '2015-01-08 08:53:22', '001', 0, 0),
(1038, 1, 2, 1304, 8, '2015-03-23', 2, 1, 2, '', 'REQUEST_APPROVE', '2015-01-08 08:53:22', '001', 0, 0),
(1039, 1, 2, 1308, 8, '2015-01-08', 5, 5, 5, '', 'REQUEST_APPROVE', '2015-01-08 08:56:37', '002', 0, 0),
(1040, 1, 2, 1308, 8, '2015-01-15', 5, 5, 5, '', 'REQUEST_APPROVE', '2015-01-08 08:56:37', '002', 0, 0),
(1041, 1, 2, 1308, 8, '2015-01-22', 5, 5, 5, '', 'REQUEST_APPROVE', '2015-01-08 08:56:37', '002', 0, 0),
(1042, 1, 2, 1308, 8, '2015-01-29', 5, 5, 5, '', 'REQUEST_APPROVE', '2015-01-08 08:56:37', '002', 0, 0),
(1043, 1, 2, 1308, 8, '2015-02-05', 5, 5, 5, '', 'REQUEST_APPROVE', '2015-01-08 08:56:37', '002', 0, 0),
(1044, 1, 2, 1308, 8, '2015-02-12', 5, 5, 5, '', 'REQUEST_APPROVE', '2015-01-08 08:56:37', '002', 0, 0),
(1045, 1, 2, 1308, 8, '2015-02-19', 5, 5, 5, '', 'REQUEST_APPROVE', '2015-01-08 08:56:37', '002', 0, 0),
(1046, 1, 2, 1308, 8, '2015-02-26', 5, 5, 5, '', 'REQUEST_APPROVE', '2015-01-08 08:56:37', '002', 0, 0),
(1047, 1, 2, 1308, 8, '2015-03-05', 5, 5, 5, '', 'REQUEST_APPROVE', '2015-01-08 08:56:37', '002', 0, 0),
(1048, 1, 2, 1308, 8, '2015-03-12', 5, 5, 5, '', 'REQUEST_APPROVE', '2015-01-08 08:56:37', '002', 0, 0),
(1049, 1, 2, 1308, 8, '2015-03-19', 5, 5, 5, '', 'REQUEST_APPROVE', '2015-01-08 08:56:37', '002', 0, 0),
(1050, 1, 2, 1308, 8, '2015-03-26', 5, 5, 5, '', 'REQUEST_APPROVE', '2015-01-08 08:56:37', '002', 0, 0),
(1051, 1, 1, 1306, NULL, '2015-01-09', NULL, 1, 2, '', 'REQUEST_APPROVE', '2015-01-08 09:29:40', '003', 0, 0),
(1052, 259, 1, 1417, NULL, '2015-01-10', NULL, 1, 2, '', 'REQUEST_APPROVE', '2015-01-08 10:54:54', 'Pongskorn  Saipetch', 0, 0),
(1063, 1, 3, 1, NULL, '2015-02-18', NULL, 101, 101, '', 'REQUEST_APPROVE', '2015-02-01 13:43:38', '', 0, 0),
(1064, 1, 3, 1, NULL, '2015-02-02', NULL, 102, 103, '', 'REQUEST_CANCEL', '2015-02-01 13:55:40', '', 0, 0),
(1065, 259, 3, 1214, NULL, '2015-02-10', NULL, 109, 116, '', 'REQUEST_CANCEL', '2015-02-06 09:13:37', '', 0, 0),
(1066, 259, 3, 1210, NULL, '2015-02-10', NULL, 101, 112, '', 'REQUEST_CANCEL', '2015-02-06 09:15:04', '', 0, 0),
(1067, 1, 3, 1, NULL, '2015-02-25', NULL, 103, 108, '', 'REQUEST_APPROVE', '2015-02-10 09:51:57', '', 0, 0),
(1068, 259, 3, 2207, NULL, '2015-02-20', NULL, 113, 114, '', 'REQUEST_APPROVE', '2015-02-15 09:31:45', '', 0, 0),
(1069, 259, 3, 2207, NULL, '2015-02-17', NULL, 109, 114, '', 'REQUEST_APPROVE', '2015-02-15 09:33:46', '', 0, 0),
(1070, 259, 3, 1210, NULL, '2015-02-26', NULL, 111, 114, '', 'REQUEST_APPROVE', '2015-02-15 09:39:38', '', 0, 0),
(1071, 259, 3, 2207, NULL, '2015-02-27', NULL, 109, 116, '', 'REQUEST_APPROVE', '2015-02-15 09:42:36', '', 0, 0),
(1072, 1118, 3, 2207, NULL, '2015-02-23', NULL, 103, 108, '', 'REQUEST_APPROVE', '2015-02-18 11:25:40', '', 0, 0),
(1073, 224, 3, 1214, NULL, '2015-02-23', NULL, 109, 113, '', 'REQUEST_APPROVE', '2015-02-18 14:02:08', '', 0, 0),
(1074, 1, 3, 2207, NULL, '2015-03-04', NULL, 105, 111, '', 'REQUEST_CANCEL', '2015-02-25 12:14:31', '', 0, 0),
(1075, 224, 3, 1318, NULL, '2015-03-01', NULL, 102, 108, '', 'REQUEST_APPROVE', '2015-02-27 09:04:55', '', 0, 0),
(1076, 259, 3, 1210, NULL, '2015-02-03', NULL, 109, 112, '', 'REQUEST_APPROVE', '2015-02-27 18:07:16', '', 0, 0),
(1077, 259, 3, 2207, NULL, '2015-03-03', NULL, 105, 108, '', 'REQUEST_CANCEL', '2015-02-27 18:08:38', '', 0, 0),
(1078, 259, 3, 2207, NULL, '2015-03-03', NULL, 109, 116, '', 'REQUEST_APPROVE', '2015-02-27 18:11:54', '', 0, 0),
(1079, 259, 1, 1418, NULL, '2015-03-07', NULL, 1, 4, '', 'REQUEST_APPROVE', '2015-03-03 18:18:35', ' Mahidol AP Mixer 2015', 0, 0),
(1080, 259, 1, 1419, NULL, '2015-03-07', NULL, 1, 5, '', 'REQUEST_APPROVE', '2015-03-03 18:19:34', ' Mahidol AP Mixer 2015', 0, 0),
(1081, 259, 1, 1402, NULL, '2015-03-07', NULL, 1, 5, '', 'REQUEST_APPROVE', '2015-03-03 18:20:06', ' Mahidol AP Mixer 2015', 0, 0),
(1082, 259, 1, 1403, NULL, '2015-03-07', NULL, 1, 5, '', 'REQUEST_APPROVE', '2015-03-03 18:20:29', ' Mahidol AP Mixer 2015', 0, 0),
(1083, 259, 1, 1405, NULL, '2015-03-07', NULL, 1, 5, '', 'REQUEST_APPROVE', '2015-03-03 18:20:54', ' Mahidol AP Mixer 2015', 0, 0),
(1084, 259, 1, 1406, NULL, '2015-03-07', NULL, 1, 5, '', 'REQUEST_APPROVE', '2015-03-03 18:21:44', ' Mahidol AP Mixer 2015', 0, 0),
(1085, 259, 1, 3305, NULL, '2015-03-07', NULL, 1, 5, '', 'REQUEST_APPROVE', '2015-03-03 18:22:12', ' Mahidol AP Mixer 2015', 0, 0);
INSERT INTO `request_booking` (`id`, `user_login_id`, `request_booking_type_id`, `room_id`, `semester_id`, `request_date`, `request_day_in_week`, `period_start`, `period_end`, `description`, `status_code`, `create_date`, `course_name`, `request_sky_id`, `request_sky_noti_id`) VALUES
(1086, 259, 1, 3306, NULL, '2015-03-07', NULL, 1, 5, '', 'REQUEST_APPROVE', '2015-03-03 18:22:46', ' Mahidol AP Mixer 2015', 0, 0),
(1087, 259, 1, 3315, NULL, '2015-03-07', NULL, 1, 5, '', 'REQUEST_APPROVE', '2015-03-03 18:23:16', ' Mahidol AP Mixer 2015', 0, 0),
(1088, 259, 1, 3316, NULL, '2015-03-07', NULL, 1, 5, '', 'REQUEST_APPROVE', '2015-03-03 18:27:07', ' Mahidol AP Mixer 2015', 0, 0),
(1089, 259, 1, 3317, NULL, '2015-03-07', NULL, 1, 5, '', 'REQUEST_APPROVE', '2015-03-03 18:27:28', ' Mahidol AP Mixer 2015', 0, 0),
(1090, 259, 1, 2302, NULL, '2015-03-07', NULL, 1, 5, '', 'REQUEST_APPROVE', '2015-03-03 18:28:12', ' Mahidol AP Mixer 2015', 0, 0),
(1091, 259, 1, 2307, NULL, '2015-03-07', NULL, 1, 5, '', 'REQUEST_APPROVE', '2015-03-03 18:28:36', ' Mahidol AP Mixer 2015', 0, 0),
(1092, 259, 1, 2308, NULL, '2015-03-07', NULL, 1, 5, '', 'REQUEST_APPROVE', '2015-03-03 18:29:00', ' Mahidol AP Mixer 2015', 0, 0),
(1093, 259, 1, 3411, NULL, '2015-03-07', NULL, 1, 5, '', 'REQUEST_APPROVE', '2015-03-03 18:29:27', ' Mahidol AP Mixer 2015', 0, 0),
(1094, 259, 1, 1418, NULL, '2015-03-08', NULL, 1, 6, '', 'REQUEST_APPROVE', '2015-03-03 18:35:04', ' Mahidol AP Mixer 2015', 0, 0),
(1095, 259, 1, 1419, NULL, '2015-03-08', NULL, 1, 6, '', 'REQUEST_APPROVE', '2015-03-03 18:35:34', ' Mahidol AP Mixer 2015', 0, 0),
(1096, 259, 1, 1402, NULL, '2015-03-08', NULL, 1, 5, '', 'REQUEST_APPROVE', '2015-03-03 18:36:01', ' Mahidol AP Mixer 2015', 0, 0),
(1097, 259, 1, 1403, NULL, '2015-03-08', NULL, 1, 6, '', 'REQUEST_APPROVE', '2015-03-03 18:36:25', ' Mahidol AP Mixer 2015', 0, 0),
(1098, 259, 1, 1405, NULL, '2015-03-08', NULL, 1, 6, '', 'REQUEST_APPROVE', '2015-03-03 18:36:42', ' Mahidol AP Mixer 2015', 0, 0),
(1099, 259, 1, 1406, NULL, '2015-03-08', NULL, 1, 6, '', 'REQUEST_APPROVE', '2015-03-03 18:37:02', ' Mahidol AP Mixer 2015', 0, 0),
(1100, 259, 1, 3305, NULL, '2015-03-08', NULL, 1, 6, '', 'REQUEST_APPROVE', '2015-03-03 18:37:27', ' Mahidol AP Mixer 2015', 0, 0),
(1101, 259, 1, 3306, NULL, '2015-03-08', NULL, 1, 6, '', 'REQUEST_APPROVE', '2015-03-03 18:37:52', ' Mahidol AP Mixer 2015', 0, 0),
(1102, 259, 1, 3315, NULL, '2015-03-08', NULL, 1, 6, '', 'REQUEST_APPROVE', '2015-03-03 18:38:20', ' Mahidol AP Mixer 2015', 0, 0),
(1103, 259, 1, 3316, NULL, '2015-03-08', NULL, 1, 6, '', 'REQUEST_APPROVE', '2015-03-03 18:38:40', ' Mahidol AP Mixer 2015', 0, 0),
(1104, 259, 1, 3317, NULL, '2015-03-08', NULL, 1, 6, '', 'REQUEST_APPROVE', '2015-03-03 18:39:13', ' Mahidol AP Mixer 2015', 0, 0),
(1105, 259, 1, 2302, NULL, '2015-03-08', NULL, 1, 6, '', 'REQUEST_APPROVE', '2015-03-03 18:39:31', ' Mahidol AP Mixer 2015', 0, 0),
(1106, 259, 1, 2307, NULL, '2015-03-08', NULL, 1, 6, '', 'REQUEST_APPROVE', '2015-03-03 18:48:59', ' Mahidol AP Mixer 2015', 0, 0),
(1107, 259, 1, 2308, NULL, '2015-03-08', NULL, 1, 6, '', 'REQUEST_APPROVE', '2015-03-03 18:49:19', ' Mahidol AP Mixer 2015', 0, 0),
(1108, 259, 1, 3411, NULL, '2015-03-08', NULL, 1, 6, '', 'REQUEST_APPROVE', '2015-03-03 18:49:56', ' Mahidol AP Mixer 2015', 0, 0),
(1109, 224, 3, 1210, NULL, '2015-03-07', NULL, 101, 124, '', 'REQUEST_APPROVE', '2015-03-05 08:54:56', '', 0, 0),
(1110, 224, 3, 1210, NULL, '2015-03-08', NULL, 101, 124, '', 'REQUEST_APPROVE', '2015-03-05 08:56:33', '', 0, 0),
(1111, 1116, 3, 1318, NULL, '2015-04-02', NULL, 101, 118, '', 'REQUEST_APPROVE', '2015-03-11 11:21:26', '', 0, 0),
(1112, 1116, 3, 1318, NULL, '2015-04-03', NULL, 101, 118, '', 'REQUEST_APPROVE', '2015-03-11 11:22:45', '', 0, 0);

-- --------------------------------------------------------

--
-- Table structure for table `request_booking_activity_detail`
--

CREATE TABLE IF NOT EXISTS `request_booking_activity_detail` (
`id` int(11) NOT NULL,
  `event_type_id` int(11) NOT NULL,
  `room_type_id` int(11) NOT NULL,
  `description` text NOT NULL,
  `file_path` varchar(255) NOT NULL
) ENGINE=InnoDB  DEFAULT CHARSET=utf8 AUTO_INCREMENT=1113 ;

--
-- Dumping data for table `request_booking_activity_detail`
--

INSERT INTO `request_booking_activity_detail` (`id`, `event_type_id`, `room_type_id`, `description`, `file_path`) VALUES
(86, 1, 1, 'test', 'upload/files/1410075878/File.docx'),
(87, 2, 1, 'dd', ''),
(95, 1, 1, '123', ''),
(97, 1, 2, '1456', ''),
(1003, 2, 1, '', ''),
(1023, 3, 2, 'xx', ''),
(1053, 1, 4, 'นักศึกษารับน้อง', ''),
(1054, 1, 4, 'Test', ''),
(1055, 1, 4, 'นักศึกษา', ''),
(1056, 1, 4, 'Rungtipa  Sae-teaw', ''),
(1057, 1, 4, 'Wannapan  Onyaem', ''),
(1058, 1, 4, 'Woranan Apitharanon', ''),
(1059, 1, 4, 'Suntharee  Tummaviphat', ''),
(1060, 1, 4, 'Wannapan  Onyaem', ''),
(1061, 1, 4, 'Prang  Siriphand	', ''),
(1062, 1, 4, 'Wannapan  Onyaem', ''),
(1063, 1, 1, 'test', ''),
(1064, 1, 1, '#2', ''),
(1065, 1, 4, 'Somphat  Suksamai	', ''),
(1066, 1, 4, 'Prang  Siriphand', ''),
(1067, 5, 4, 'Test', ''),
(1068, 1, 4, 'Chanpen  Khunsong', ''),
(1069, 2, 4, 'Somphat  Suksamai', ''),
(1070, 1, 4, 'Woranan Apitharanon', ''),
(1071, 1, 4, 'Somphat  Suksamai', ''),
(1072, 1, 4, 'Test', ''),
(1073, 1, 4, 'Test', ''),
(1074, 5, 4, '', ''),
(1075, 5, 4, 'โรงเรียนอนุบาลปษิตา', ''),
(1076, 1, 4, 'Talk today talk to the Dean', ''),
(1077, 1, 4, 'Teerawan  Nuntakij', ''),
(1078, 1, 4, 'Sompat', ''),
(1109, 1, 1, 'Debate Club', ''),
(1110, 1, 1, 'Debate Club', ''),
(1111, 1, 1, 'Freshman Seminar', ''),
(1112, 1, 1, 'Freshman Seminar', '');

-- --------------------------------------------------------

--
-- Table structure for table `request_booking_activity_present_type`
--

CREATE TABLE IF NOT EXISTS `request_booking_activity_present_type` (
`id` int(11) NOT NULL,
  `request_booking_activity_id` int(11) NOT NULL,
  `present_type_id` int(11) NOT NULL
) ENGINE=InnoDB  DEFAULT CHARSET=utf8 AUTO_INCREMENT=93 ;

--
-- Dumping data for table `request_booking_activity_present_type`
--

INSERT INTO `request_booking_activity_present_type` (`id`, `request_booking_activity_id`, `present_type_id`) VALUES
(66, 1063, 1),
(67, 1064, 1),
(68, 1065, 1),
(69, 1065, 5),
(70, 1066, 5),
(71, 1067, 5),
(72, 1068, 5),
(73, 1069, 5),
(74, 1070, 5),
(75, 1071, 5),
(76, 1072, 1),
(77, 1073, 1),
(78, 1074, 4),
(79, 1074, 5),
(80, 1075, 2),
(81, 1075, 5),
(82, 1076, 5),
(83, 1077, 5),
(84, 1078, 5),
(85, 1109, 1),
(86, 1109, 5),
(87, 1110, 1),
(88, 1110, 5),
(89, 1111, 1),
(90, 1111, 2),
(91, 1112, 1),
(92, 1112, 2);

-- --------------------------------------------------------

--
-- Table structure for table `request_booking_alert_log`
--

CREATE TABLE IF NOT EXISTS `request_booking_alert_log` (
`id` int(11) NOT NULL,
  `request_booking_id` int(11) NOT NULL,
  `alert_date` date NOT NULL
) ENGINE=InnoDB  DEFAULT CHARSET=utf8 AUTO_INCREMENT=14 ;

--
-- Dumping data for table `request_booking_alert_log`
--

INSERT INTO `request_booking_alert_log` (`id`, `request_booking_id`, `alert_date`) VALUES
(11, 1064, '2015-02-02'),
(12, 1063, '2015-02-18'),
(13, 1067, '2015-02-25');

-- --------------------------------------------------------

--
-- Table structure for table `request_booking_equipment_type`
--

CREATE TABLE IF NOT EXISTS `request_booking_equipment_type` (
`id` int(11) NOT NULL,
  `request_booking_id` int(11) NOT NULL,
  `equipment_type_id` int(11) NOT NULL,
  `quantity` int(11) DEFAULT NULL
) ENGINE=InnoDB  DEFAULT CHARSET=utf8 AUTO_INCREMENT=526 ;

--
-- Dumping data for table `request_booking_equipment_type`
--

INSERT INTO `request_booking_equipment_type` (`id`, `request_booking_id`, `equipment_type_id`, `quantity`) VALUES
(389, 1063, 2, 1),
(390, 1064, 1, 1),
(391, 1065, 6, 1),
(392, 1065, 8, 1),
(393, 1065, 9, 1),
(394, 1066, 4, 1),
(395, 1066, 7, 1),
(396, 1066, 9, 1),
(397, 1067, 1, 1),
(398, 1068, 6, 1),
(399, 1068, 7, 1),
(400, 1068, 9, 1),
(401, 1069, 6, 1),
(402, 1069, 7, 1),
(403, 1069, 9, 1),
(404, 1070, 4, 1),
(405, 1070, 7, 1),
(406, 1070, 9, 1),
(407, 1071, 2, 1),
(408, 1072, 2, 1),
(409, 1072, 5, 1),
(410, 1073, 2, 3),
(411, 1073, 5, 2),
(412, 1074, 5, 1),
(413, 1074, 6, 1),
(414, 1075, 3, 2),
(415, 1075, 4, 2),
(416, 1075, 7, 1),
(417, 1075, 9, 1),
(418, 1076, 4, 6),
(419, 1076, 7, 1),
(420, 1076, 9, 1),
(421, 1077, 7, 2),
(422, 1078, 7, 1),
(423, 1079, 4, NULL),
(424, 1079, 8, NULL),
(425, 1079, 9, NULL),
(426, 1080, 4, NULL),
(427, 1080, 8, NULL),
(428, 1080, 9, NULL),
(429, 1081, 4, NULL),
(430, 1081, 8, NULL),
(431, 1081, 9, NULL),
(432, 1082, 4, NULL),
(433, 1082, 8, NULL),
(434, 1082, 9, NULL),
(435, 1083, 4, NULL),
(436, 1083, 8, NULL),
(437, 1083, 9, NULL),
(438, 1084, 4, NULL),
(439, 1084, 8, NULL),
(440, 1084, 9, NULL),
(441, 1085, 4, NULL),
(442, 1085, 8, NULL),
(443, 1085, 9, NULL),
(444, 1086, 4, NULL),
(445, 1086, 8, NULL),
(446, 1086, 9, NULL),
(447, 1087, 4, NULL),
(448, 1087, 8, NULL),
(449, 1087, 9, NULL),
(450, 1088, 4, NULL),
(451, 1088, 8, NULL),
(452, 1088, 9, NULL),
(453, 1089, 4, NULL),
(454, 1089, 8, NULL),
(455, 1089, 9, NULL),
(456, 1090, 4, NULL),
(457, 1090, 8, NULL),
(458, 1090, 9, NULL),
(459, 1091, 4, NULL),
(460, 1091, 8, NULL),
(461, 1091, 9, NULL),
(462, 1092, 4, NULL),
(463, 1092, 8, NULL),
(464, 1092, 9, NULL),
(465, 1093, 4, NULL),
(466, 1093, 8, NULL),
(467, 1093, 9, NULL),
(468, 1094, 4, NULL),
(469, 1094, 8, NULL),
(470, 1094, 9, NULL),
(471, 1095, 4, NULL),
(472, 1095, 8, NULL),
(473, 1095, 9, NULL),
(474, 1096, 4, NULL),
(475, 1096, 8, NULL),
(476, 1096, 9, NULL),
(477, 1097, 4, NULL),
(478, 1097, 8, NULL),
(479, 1097, 9, NULL),
(480, 1098, 4, NULL),
(481, 1098, 8, NULL),
(482, 1098, 9, NULL),
(483, 1099, 4, NULL),
(484, 1099, 8, NULL),
(485, 1099, 9, NULL),
(486, 1100, 4, NULL),
(487, 1100, 8, NULL),
(488, 1100, 9, NULL),
(489, 1101, 4, NULL),
(490, 1101, 8, NULL),
(491, 1101, 9, NULL),
(492, 1102, 4, NULL),
(493, 1102, 8, NULL),
(494, 1102, 9, NULL),
(495, 1103, 4, NULL),
(496, 1103, 8, NULL),
(497, 1103, 9, NULL),
(498, 1104, 4, NULL),
(499, 1104, 8, NULL),
(500, 1104, 9, NULL),
(501, 1105, 4, NULL),
(502, 1105, 8, NULL),
(503, 1105, 9, NULL),
(504, 1106, 4, NULL),
(505, 1106, 8, NULL),
(506, 1106, 9, NULL),
(507, 1107, 4, NULL),
(508, 1107, 8, NULL),
(509, 1107, 9, NULL),
(510, 1108, 4, NULL),
(511, 1108, 8, NULL),
(512, 1108, 9, NULL),
(513, 1109, 2, 1),
(514, 1109, 3, 2),
(515, 1109, 7, 1),
(516, 1110, 3, 2),
(517, 1110, 4, 1),
(518, 1110, 7, 1),
(519, 1111, 2, 1),
(520, 1111, 3, 1),
(521, 1111, 4, 2),
(522, 1111, 7, 1),
(523, 1112, 2, 1),
(524, 1112, 4, 3),
(525, 1112, 7, 1);

-- --------------------------------------------------------

--
-- Table structure for table `request_booking_type`
--

CREATE TABLE IF NOT EXISTS `request_booking_type` (
`id` int(11) NOT NULL,
  `name` varchar(255) NOT NULL,
  `description` text NOT NULL
) ENGINE=InnoDB  DEFAULT CHARSET=utf8 AUTO_INCREMENT=4 ;

--
-- Dumping data for table `request_booking_type`
--

INSERT INTO `request_booking_type` (`id`, `name`, `description`) VALUES
(1, 'Daily', ''),
(2, 'Semester', ''),
(3, 'Activity / Meeting', '');

-- --------------------------------------------------------

--
-- Table structure for table `request_borrow`
--

CREATE TABLE IF NOT EXISTS `request_borrow` (
`id` int(11) NOT NULL,
  `DocumentNo` varchar(20) NOT NULL,
  `user_login_id` int(11) NOT NULL,
  `location` varchar(255) NOT NULL,
  `approve_by` varchar(255) NOT NULL,
  `chef_email` varchar(255) NOT NULL,
  `event_type_id` int(11) NOT NULL,
  `description` text NOT NULL,
  `from_date` date NOT NULL,
  `thru_date` date NOT NULL,
  `status_code` varchar(255) NOT NULL,
  `create_date` datetime NOT NULL,
  `otherDevice` varchar(255) NOT NULL,
  `remark` varchar(255) NOT NULL,
  `approver1` int(100) NOT NULL,
  `approver2` int(100) NOT NULL
) ENGINE=InnoDB  DEFAULT CHARSET=utf8 AUTO_INCREMENT=214 ;

--
-- Dumping data for table `request_borrow`
--

INSERT INTO `request_borrow` (`id`, `DocumentNo`, `user_login_id`, `location`, `approve_by`, `chef_email`, `event_type_id`, `description`, `from_date`, `thru_date`, `status_code`, `create_date`, `otherDevice`, `remark`, `approver1`, `approver2`) VALUES
(125, '1500000001', 244, 'WHITHIN_MUIC', '', '', 6, 'xxx', '2015-05-13', '2015-05-18', 'R_B_NEW_CANCELLED', '2015-01-12 12:08:45', 'test', '111', 185, 183),
(126, '1500000002', 244, 'WHITHIN_MUIC', '', '', 6, 'xx', '2015-01-14', '2015-01-16', 'R_B_NEW_CANCELLED', '2015-01-12 12:13:22', '', '', 0, 0),
(127, '1500000003', 185, 'WHITHIN_MUIC', '-1', '', 4, 'test', '2015-01-12', '2015-01-12', 'R_B_NEW_CANCELLED', '2015-01-12 12:59:32', '', '', 0, 0),
(128, '1500000004', 244, 'WITHOUT_MUIC', '', '', 6, '', '2015-01-15', '2015-01-20', 'R_B_NEW_DISAPPROVE', '2015-01-12 14:13:22', '', 'คุณหลอกดาว', 0, 0),
(129, '1500000005', 244, 'WITHOUT_MUIC', '185', '', 6, '', '2015-01-19', '2015-01-23', 'R_B_NEW_CANCELLED', '2015-01-12 14:19:20', '', '', 0, 0),
(130, '1500000006', 244, 'WITHOUT_MUIC', '185', '', 6, '', '2015-01-19', '2015-01-23', 'R_B_NEW_CANCELLED', '2015-01-12 14:19:22', '', '', 0, 0),
(131, '1500000007', 244, 'WITHOUT_MUIC', '185', '', 6, '', '2015-01-19', '2015-01-23', 'R_B_NEW_CANCELLED', '2015-01-12 14:19:23', '', '', 0, 0),
(132, '1500000008', 244, 'WITHOUT_MUIC', '185', '', 6, '', '2015-01-19', '2015-01-23', 'R_B_NEW_CANCELLED', '2015-01-12 14:19:23', '', '', 0, 0),
(133, '1500000009', 244, 'WITHOUT_MUIC', '185', '', 6, '', '2015-01-15', '2015-01-20', 'R_B_NEW_CANCELLED', '2015-01-12 14:21:10', '', '', 0, 0),
(134, '1500000010', 244, 'WITHOUT_MUIC', '185', '', 6, '', '2015-01-15', '2015-01-20', 'R_B_NEW_CANCELLED', '2015-01-12 14:21:11', '', '', 0, 0),
(135, '1500000011', 244, 'WITHOUT_MUIC', '185', '', 6, '', '2015-01-15', '2015-01-20', 'R_B_NEW_CANCELLED', '2015-01-12 14:21:12', '', '', 0, 0),
(136, '1500000012', 244, 'WITHOUT_MUIC', '185', '', 6, '', '2015-01-15', '2015-01-20', 'R_B_NEW_CANCELLED', '2015-01-12 14:21:12', '', '', 0, 0),
(137, '1500000013', 244, 'WITHOUT_MUIC', '185', '', 6, '', '2015-01-15', '2015-01-20', 'R_B_NEW_CANCELLED', '2015-01-12 14:21:13', '', '', 0, 0),
(138, '1500000014', 244, 'WITHOUT_MUIC', '185', '', 6, '', '2015-01-15', '2015-01-20', 'R_B_NEW_CANCELLED', '2015-01-12 14:21:13', '', '', 0, 0),
(139, '1500000015', 244, 'WITHOUT_MUIC', '185', '', 6, '', '2015-01-15', '2015-01-20', 'R_B_NEW_CANCELLED', '2015-01-12 14:21:13', '', '', 0, 0),
(140, '1500000016', 244, 'WITHOUT_MUIC', '185', '', 6, '', '2015-01-15', '2015-01-20', 'R_B_NEW_CANCELLED', '2015-01-12 14:21:13', '', '', 0, 0),
(141, '1500000017', 244, 'WITHOUT_MUIC', '185', '', 6, '', '2015-01-15', '2015-01-20', 'R_B_NEW_CANCELLED', '2015-01-12 14:21:13', '', '', 0, 0),
(142, '1500000018', 244, 'WITHOUT_MUIC', '185', '', 6, '', '2015-01-15', '2015-01-20', 'R_B_NEW_CANCELLED', '2015-01-12 14:21:14', '', '', 0, 0),
(143, '1500000019', 244, 'WITHOUT_MUIC', '185', '', 6, '', '2015-01-15', '2015-01-20', 'R_B_NEW_CANCELLED', '2015-01-12 14:21:14', '', '', 0, 0),
(144, '1500000020', 244, 'WITHOUT_MUIC', '185', '', 6, '', '2015-01-15', '2015-01-20', 'R_B_NEW_CANCELLED', '2015-01-12 14:21:14', '', '', 0, 0),
(145, '1500000021', 244, 'WITHOUT_MUIC', '185', '', 6, '', '2015-01-15', '2015-01-20', 'R_B_NEW_CANCELLED', '2015-01-12 14:21:14', '', '', 0, 0),
(146, '1500000022', 244, 'WITHOUT_MUIC', '185', '', 6, '', '2015-01-15', '2015-01-20', 'R_B_NEW_CANCELLED', '2015-01-12 14:21:15', '', '', 0, 0),
(147, '1500000023', 244, 'WITHOUT_MUIC', '185', '', 6, '', '2015-01-15', '2015-01-20', 'R_B_NEW_CANCELLED', '2015-01-12 14:21:15', '', '', 0, 0),
(148, '1500000024', 244, 'WITHOUT_MUIC', '185', '', 6, '', '2015-01-15', '2015-01-20', 'R_B_NEW_CANCELLED', '2015-01-12 14:21:15', '', '', 0, 0),
(149, '1500000025', 244, 'WITHOUT_MUIC', '185', '', 6, '', '2015-01-15', '2015-01-20', 'R_B_NEW_CANCELLED', '2015-01-12 14:21:15', '', '', 0, 0),
(150, '1500000026', 244, 'WITHOUT_MUIC', '185', '', 6, '', '2015-01-15', '2015-01-20', 'R_B_NEW_CANCELLED', '2015-01-12 14:21:16', '', '', 0, 0),
(151, '1500000027', 244, 'WITHOUT_MUIC', '185', '', 6, '', '2015-01-14', '2015-01-19', 'R_B_NEW_CANCELLED', '2015-01-12 14:24:54', '', '', 0, 0),
(152, '1500000028', 920, 'WHITHIN_MUIC', '185', '', 6, 'xxx', '2015-01-15', '2015-01-20', 'R_B_NEW_CANCELLED', '2015-01-12 14:29:40', '', '', 0, 0),
(153, '1500000029', 244, 'WITHOUT_MUIC', '185', '', 6, '', '2015-01-15', '2015-01-20', 'R_B_NEW_CANCELLED', '2015-01-12 14:31:31', '', '', 0, 0),
(154, '1500000030', 244, 'WHITHIN_MUIC', '185', '', 6, 'ccccc', '2015-01-15', '2015-01-20', 'R_B_NEW_CANCELLED', '2015-01-12 16:02:54', '', '', 0, 0),
(155, '1500000031', 224, 'WHITHIN_MUIC', '240', '', 1, '', '2015-01-22', '2015-01-23', 'R_B_NEW_CANCELLED', '2015-01-18 12:27:47', '', '', 0, 0),
(156, '1500000032', 224, 'WHITHIN_MUIC', '240', '', 6, 'tttt', '2015-01-21', '2015-01-23', 'R_B_NEW_CANCELLED', '2015-01-18 12:43:49', '', '', 0, 0),
(157, '1500000033', 244, 'WHITHIN_MUIC', '185', '', 6, 'ddd', '2015-01-21', '2015-01-26', 'R_B_NEW_CANCELLED', '2015-01-18 12:45:14', '', '', 0, 0),
(158, '1500000034', 244, 'WHITHIN_MUIC', '183', '', 6, 'ทดสอบยืม เพื่อ  ใส่ใน approver1,2', '2015-01-29', '2015-01-30', 'R_B_NEW_RETURNED', '2015-01-18 13:48:13', '', '', 0, 0),
(159, '1500000035', 244, 'WHITHIN_MUIC', '', '', 6, 'ddd', '2015-01-22', '2015-01-23', 'R_B_NEW_CANCELLED', '2015-01-18 14:01:08', '', '', 185, 183),
(160, '1500000036', 244, 'WHITHIN_MUIC', '185', '', 6, 'test send mail', '2015-01-29', '2015-01-30', 'R_B_NEW_RETURNED', '2015-01-18 15:02:48', '', '', 185, 0),
(161, '1500000037', 244, 'WHITHIN_MUIC', '185', '', 6, 'test send mail #2', '2015-01-27', '2015-01-30', 'R_B_NEW_RETURNED', '2015-01-18 15:04:58', '', '', 185, 0),
(162, '1500000038', 244, 'WHITHIN_MUIC', '', '', 6, '#1', '2015-01-30', '2015-02-04', 'R_B_NEW_RETURNED', '2015-01-19 09:15:10', '', '', 185, 183),
(163, '1500000039', 259, 'WHITHIN_MUIC', '240', '', 6, 'varunee', '2015-01-26', '2015-01-28', 'R_B_NEW_RETURNED', '2015-01-19 10:03:38', '', '', 0, 240),
(164, '1500000040', 1, 'WHITHIN_MUIC', '-1', '', 3, 'Screen แบบมีขาตั้ง', '2015-02-09', '2015-02-12', 'R_B_NEW_CANCELLED', '2015-02-02 10:08:37', '', '', 0, 0),
(165, '1500000041', 244, 'WITHOUT_MUIC', '', '', 6, 'senior', '2015-02-09', '2015-02-13', 'R_B_NEW_CANCELLED', '2015-02-05 09:28:10', '', '', 185, 183),
(166, '1500000042', 1, 'WHITHIN_MUIC', '-1', '', 6, 'test after reload equipment list from excel #1', '2015-02-13', '2015-02-18', 'R_B_NEW_CANCELLED', '2015-02-10 10:32:27', '', '', 0, 0),
(167, '1500000043', 964, 'WHITHIN_MUIC', '', '', 6, 'Red Drum 4\r\nSlate 1\r\nSand Bag 8\r\nApple Box 2\r\nGel ขุ่น 4\r\nGobo 4\r\nReflector 1\r\nGel Blue 2', '2015-02-13', '2015-02-17', 'R_B_NEW_RETURNED', '2015-02-11 16:26:38', 'Red drum 4\r\nSlate 404000004027 1 \r\nApple Box 1\r\nGobo 4\r\nDolly 75 404000004040 1', '', 185, 183),
(168, '1500000044', 1096, 'WHITHIN_MUIC', '', '', 6, 'Wireless MIC 2', '2015-02-16', '2015-02-19', 'R_B_NEW_PREPARE', '2015-02-11 16:33:35', '', '', 185, 183),
(169, '1500000045', 1161, 'WHITHIN_MUIC', '', '', 6, 'wsger', '2015-02-13', '2015-02-18', 'R_B_NEW_PREPARE', '2015-02-11 16:36:25', 'Wireless MIC 2', '', 185, 183),
(170, '1500000046', 954, 'WHITHIN_MUIC', '', '', 6, 'Sandbag 2, Reflector 1', '2015-02-23', '2015-02-26', 'R_B_NEW_READY', '2015-02-19 14:15:30', '', '', 185, 183),
(171, '1500000047', 1075, 'WITHOUT_MUIC', '', '', 6, 'Directing class', '2015-02-23', '2015-02-27', 'R_B_NEW_RETURNED', '2015-02-19 14:22:09', 'Wireless 2 ชุด (4028, 4040)\r\nกระเป๋ากล้อง 1 ใบ', '', 185, 183),
(172, '1500000048', 1105, 'WITHOUT_MUIC', '', '', 6, 'reflex 1 , red drum 1', '2015-02-27', '2015-03-02', 'R_B_NEW_RETURNED', '2015-02-23 10:47:45', 'Reddrum 1 unit, Dolly 75 1 unit, Reflector 1 unit', '', 185, 183),
(173, '1500000049', 950, 'WITHOUT_MUIC', '', '', 6, 'reflexter 1 , sangbag 2 ,', '2015-02-25', '2015-02-27', 'R_B_NEW_RETURNED', '2015-02-23 10:55:27', '', '', 185, 183),
(174, '1500000050', 1171, 'WITHOUT_MUIC', '', '', 6, 'reflecter 1 unit \r\nDolly 75 1 unit', '2015-02-25', '2015-02-27', 'R_B_NEW_RETURNED', '2015-02-23 11:08:18', 'กระเป๋ากล้องใหญ่ 1 ใบ', '', 185, 183),
(175, '1500000051', 906, 'WHITHIN_MUIC', '', '', 6, 'sand bag 1 unit', '2015-02-27', '2015-03-02', 'R_B_NEW_RETURNED', '2015-02-24 15:13:15', 'Tripod 404000004028\r\nSandbag 1\r\nReflector 2\r\nBattery 2\r\nCF Card 1\r\nCharger 1\r\nBag 1', '', 185, 183),
(176, '1500000052', 1004, 'WHITHIN_MUIC', '', '', 6, 'muic', '2015-02-27', '2015-03-02', 'R_B_NEW_CANCELLED', '2015-02-25 09:57:20', 'Bag 1\r\nCF Card 1\r\nBattery 2\r\nCharger 1', '', 185, 183),
(177, '1500000053', 874, 'WHITHIN_MUIC', '', '', 7, 'reflecter 1 unit ', '2015-02-27', '2015-03-02', 'R_B_NEW_RETURNED', '2015-02-25 14:45:31', 'Reflector 1 Unit', '', 185, 183),
(178, '1500000054', 984, 'WITHOUT_MUIC', '', '', 6, 'sandbag 4 Unit\r\nreddrum 2 Unit\r\nslik for flag big 1 Unit', '2015-03-02', '2015-03-05', 'R_B_NEW_CANCELLED', '2015-02-25 18:21:18', '', '', 185, 183),
(179, '1500000055', 1019, 'WITHOUT_MUIC', '', '', 6, 'wireless  mic  1 \r\nmemory card 2 ', '2015-03-06', '2015-03-09', 'R_B_NEW_RETURNED', '2015-03-02 14:52:30', '', '', 185, 183),
(180, '1500000056', 919, 'WITHOUT_MUIC', '', '', 6, 'slate 1 Unit , reddrum 1 Unit\r\n', '2015-03-05', '2015-03-09', 'R_B_NEW_RETURNED', '2015-03-03 10:47:28', '', '', 185, 183),
(181, '1500000057', 1092, 'WITHOUT_MUIC', '', '', 6, 'Dolly 75 1, Reddreum 2, Flag white 1, gobo head 3, sandbag 1, slate 1, Reflector 1', '2015-03-06', '2015-03-09', 'R_B_NEW_RETURNED', '2015-03-03 14:01:08', 'Flag white 1, gobo 3, sandbag 3, reddrum 2,reflect 1,dolly 75 1,\r\n', '', 185, 183),
(182, '1500000058', 1169, 'WHITHIN_MUIC', '', '', 6, 'Flg white 1, Sandbag 4, reddrum 1', '2015-03-06', '2015-03-06', 'R_B_NEW_RETURNED', '2015-03-03 14:07:09', 'Gobo 3', '', 185, 183),
(183, '1500000059', 1103, 'WHITHIN_MUIC', '', '', 6, 'reddrum1 , slate 1 ', '2015-03-06', '2015-03-09', 'R_B_NEW_RETURNED', '2015-03-03 15:09:22', 'reddrum1 , slate 1, Reflector 1 ', '', 185, 183),
(184, '1500000060', 946, 'WITHOUT_MUIC', '', '', 6, 'slate 1 , red drum 1 ,dolly 75  1 Unit', '2015-03-06', '2015-03-09', 'R_B_NEW_RETURNED', '2015-03-03 16:29:26', '', '', 185, 183),
(185, '1500000061', 1054, 'WITHOUT_MUIC', '', '', 6, 'dolly 75 1 , red drum 1', '2015-03-05', '2015-03-09', 'R_B_NEW_RETURNED', '2015-03-03 17:19:36', '', '', 185, 183),
(186, '1500000062', 992, 'WITHOUT_MUIC', '', '', 6, 'slate 1 ', '2015-03-05', '2015-03-09', 'R_B_NEW_READY', '2015-03-03 17:26:36', 'Zoom H6 403000004325 1 unit', '', 185, 183),
(187, '1500000063', 991, 'WHITHIN_MUIC', '', '', 6, 'reddrum 1', '2015-03-13', '2015-03-16', 'R_B_NEW_PREPARE', '2015-03-05 12:37:42', '', '', 185, 183),
(188, '1500000064', 989, 'WHITHIN_MUIC', '', '', 6, 'reddrum 1 ', '2015-03-20', '2015-03-23', 'R_B_NEW_PREPARE', '2015-03-05 12:44:34', '', '', 185, 183),
(189, '1500000065', 1017, 'WHITHIN_MUIC', '', '', 6, 'sangbag 3, wiless 1,reflegter 1reddrum 1,hdmi 1 , Filter 1 ', '2015-03-20', '2015-03-24', 'R_B_NEW_PREPARE', '2015-03-06 11:46:46', '', '', 185, 183),
(190, '1500000066', 1159, 'WITHOUT_MUIC', '', '', 6, 'red drum 1 wireless 1 white flag 1', '2015-03-09', '2015-03-13', 'R_B_NEW_PREPARE', '2015-03-06 14:05:36', '', '', 185, 183),
(191, '1500000067', 1075, 'WITHOUT_MUIC', '', '', 6, 'wireless 1 reddrum 1', '2015-03-23', '2015-03-25', 'R_B_NEW_PREPARE', '2015-03-06 14:08:49', '', '', 185, 183),
(192, '1500000068', 1027, 'WITHOUT_MUIC', '', '', 6, 'red drum 2 ,jell kino', '2015-03-12', '2015-03-16', 'R_B_NEW_READY', '2015-03-06 15:22:37', 'Reddrum 2, Bag, CF-card, 2 batts, Charger', '', 185, 183),
(193, '1500000069', 1167, 'WHITHIN_MUIC', '', '', 6, 'reddrum 2 , sandbag 2', '2015-03-13', '2015-03-17', 'R_B_NEW_PREPARE', '2015-03-06 15:34:30', '', '', 185, 183),
(194, '1500000070', 1108, 'WITHOUT_MUIC', '185', '', 6, 'red drum 2 ,reflact 1 ,white flag 1\r\n Blue gel', '2015-03-13', '2015-03-17', 'R_B_NEW_PREPARE', '2015-03-06 15:45:48', '', '', 185, 0),
(195, '1500000071', 1108, 'WITHOUT_MUIC', '', '', 6, 'reddrum 2 ,reflact 1, blue gel \r\n,white flag 1 ,portable battary ,battary V- Mout battary', '2015-03-13', '2015-03-17', 'R_B_NEW_PREPARE', '2015-03-06 16:09:48', '', '', 185, 183),
(196, '1500000072', 1178, 'WITHOUT_MUIC', '', '', 6, 'reddrum 2 ,sandbag 2 ,dolly 75', '2015-03-20', '2015-03-23', 'R_B_NEW_PREPARE', '2015-03-06 16:31:31', '', '', 185, 183),
(197, '1500000073', 1172, 'WITHOUT_MUIC', '', '', 6, 'reddrum 1 , reflect 1 ,white flag 1  ', '2015-03-13', '2015-03-16', 'R_B_NEW_PREPARE', '2015-03-06 16:36:35', '', '', 185, 183),
(198, '1500000074', 1175, 'WHITHIN_MUIC', '', '', 6, 'reddrum 1, reflact ,for battary 5D ,white flag ', '2015-03-13', '2015-03-16', 'R_B_NEW_PREPARE', '2015-03-06 16:39:38', '', '', 185, 183),
(199, '1500000075', 1095, 'WHITHIN_MUIC', '', '', 6, 'reddrum 1, sandbag  1,white flag 1 ,', '2015-03-13', '2015-03-17', 'R_B_NEW_PREPARE', '2015-03-06 16:44:40', '', '', 185, 183),
(200, '1500000076', 1060, 'WITHOUT_MUIC', '', '', 6, '....', '2015-03-12', '2015-03-16', 'R_B_NEW_READY', '2015-03-09 16:28:58', 'C-Stand 2 unit 54-04-09-03-0002/3 54-04-09-03-0003/3, Reddrun 1 ', '', 185, 183),
(201, '1500000077', 1103, 'WITHOUT_MUIC', '', '', 6, 'slate 1 ,reflect 1 ', '2015-03-12', '2015-03-16', 'R_B_NEW_READY', '2015-03-09 16:59:16', '', '', 185, 183),
(202, '1500000078', 244, 'WITHOUT_MUIC', '', '', 6, 'diffuser 4 unit,reddrum,sandbag3 unit,Reflaex 2 unit,white flag 2', '2015-03-13', '2015-03-16', 'R_B_NEW_PREPARE', '2015-03-09 17:28:57', '', '', 185, 183),
(203, '1500000079', 1186, 'WHITHIN_MUIC', '', '', 6, 'Battery 1', '2015-03-16', '2015-03-18', 'R_B_NEW_CANCELLED', '2015-03-10 10:22:55', '', '', 185, 183),
(204, '1500000080', 1186, 'WHITHIN_MUIC', '185', '', 6, 'Test', '2015-03-16', '2015-03-19', 'R_B_NEW_CANCELLED', '2015-03-10 10:43:21', '', '', 185, 0),
(205, '1500000081', 1186, 'WHITHIN_MUIC', '', '', 6, 'Test', '2015-03-17', '2015-03-19', 'R_B_NEW_CANCELLED', '2015-03-10 11:14:07', '', '', 185, 183),
(206, '1500000082', 185, 'WHITHIN_MUIC', '-1', '', 7, 'Test', '2015-03-10', '2015-03-10', 'R_B_NEW_CANCELLED', '2015-03-10 11:47:02', '', '', 0, 0),
(207, '1500000083', 971, 'WHITHIN_MUIC', '', '', 6, '', '2015-03-12', '2015-03-16', 'R_B_NEW_READY', '2015-03-10 15:11:16', 'reflec 1 unit , slate 1 unit , Reddrum 1 , Tripod FSB2 404000004028 1 unit', '', 185, 183),
(208, '1500000084', 1169, 'WHITHIN_MUIC', '', '', 6, '', '2015-03-13', '2015-03-16', 'R_B_NEW_READY', '2015-03-10 18:19:12', 'flag white 1,sangbag 4,reddrum 2 unit, 5D markIII 404000010586 1 , 24-105 404000010599 1, outdoor case 1, Charger 1, Batt 2, CF-card 1', '', 185, 183),
(209, '1500000085', 983, 'WITHOUT_MUIC', '', '', 6, '', '2015-03-17', '2015-03-20', 'R_B_NEW_PREPARE', '2015-03-10 18:21:48', '.', '', 185, 183),
(210, '1500000086', 1030, 'WHITHIN_MUIC', '', '', 6, '', '2015-03-13', '2015-03-16', 'R_B_NEW_PREPARE', '2015-03-11 17:08:00', 'reflecter 1 unit, battary 1 unit ', '', 185, 183),
(211, '1500000087', 1170, 'WHITHIN_MUIC', '', '', 6, '', '2015-03-19', '2015-03-23', 'R_B_NEW_PREPARE', '2015-03-12 10:55:52', 'blue gel , white flag , diffuse , black flag', '', 185, 183),
(212, '1500000088', 918, 'WHITHIN_MUIC', '', '', 6, '', '2015-03-17', '2015-03-20', 'R_B_NEW_PREPARE', '2015-03-12 11:36:48', '..', '', 185, 183),
(213, '1500000089', 946, 'WHITHIN_MUIC', '', '', 6, '', '2015-03-16', '2015-03-18', 'R_B_NEW_PREPARE', '2015-03-12 11:40:57', 'test', '', 185, 183);

-- --------------------------------------------------------

--
-- Table structure for table `request_borrow_alert_log`
--

CREATE TABLE IF NOT EXISTS `request_borrow_alert_log` (
`id` int(11) NOT NULL,
  `request_borrow_id` int(11) NOT NULL,
  `alert_date` date NOT NULL
) ENGINE=InnoDB  DEFAULT CHARSET=utf8 AUTO_INCREMENT=13 ;

-- --------------------------------------------------------

--
-- Table structure for table `request_borrow_approve_link`
--

CREATE TABLE IF NOT EXISTS `request_borrow_approve_link` (
`id` int(11) NOT NULL,
  `request_key` varchar(255) NOT NULL,
  `request_borrow_id` int(11) NOT NULL,
  `create_date` datetime NOT NULL,
  `status` varchar(255) NOT NULL,
  `approve_type` varchar(255) NOT NULL
) ENGINE=InnoDB  DEFAULT CHARSET=utf8 AUTO_INCREMENT=261 ;

--
-- Dumping data for table `request_borrow_approve_link`
--

INSERT INTO `request_borrow_approve_link` (`id`, `request_key`, `request_borrow_id`, `create_date`, `status`, `approve_type`) VALUES
(96, '67d96d458abdef21792e6d8e590244e76e79ed05baec2754e25b4eac73a332d2ff49cc40a8890e6a60f40ff3026d2730854d9fca60b4bd07f9bb215d59ef55615a7f963e5e0504740c3a6b10bb6d4fa5186a157b2992e7daed3677ce8e9fe40f', 101, '2014-12-23 10:36:24', 'ACTIVE', 'APPROVE_1'),
(98, 'eecca5b6365d9607ee5a9d336962c5343a0772443a0739141292a5429b952fe667d96d458abdef21792e6d8e590244e70efe32849d230d7f53049ddc4a4b0c60ebd9629fc3ae5e9f6611e2ee05a31cef7bb060764a818184ebb1cc0d43d382aa', 105, '2015-01-07 15:50:59', 'ACTIVE', 'APPROVE_1'),
(107, 'ac1dd209cbcc5e5d1c6e28598e8cbbe8ba1b3eba322eab5d895aa3023fe78b9c0533a888904bd4867929dffd884d60b87b13b2203029ed80337f27127a9f1d28e515df0d202ae52fcebb14295743063be205ee2a5de471a70c1fd1b46033a75f', 111, '2015-01-12 09:43:01', 'ACTIVE', 'APPROVE_1'),
(108, 'd947bf06a885db0d477d707121934ff8185c29dc24325934ee377cfda20e414c0663a4ddceacb40b095eda264a85f15c464d828b85b0bed98e80ade0a5c43b0f8b4066554730ddfaa0266346bdc1b2022f29b6e3abc6ebdefb55456ea6ca5dc8', 112, '2015-01-12 11:26:45', 'ACTIVE', 'APPROVE_1'),
(109, '7504adad8bb96320eb3afdd4df6e1f60894b77f805bd94d292574c38c5d628d52ba8698b79439589fdd2b0f7218d8b07eaa32c96f620053cf442ad32258076b9caf1a3dfb505ffed0d024130f58c5cfa52c5189391854c93e8a0e1326e56c14f', 113, '2015-01-12 11:26:47', 'ACTIVE', 'APPROVE_1'),
(110, 'b9f94c77652c9a76fc8a442748cd54bde1e32e235eee1f970470a3a6658dfdd598f13708210194c475687be6106a3b84ebb71045453f38676c40deb9864f811db5dc4e5d9b495d0196f61d45b26ef33ea4d2f0d23dcc84ce983ff9157f8b7f88', 114, '2015-01-12 11:26:47', 'ACTIVE', 'APPROVE_1'),
(111, '8248a99e81e752cb9b41da3fc43fbe7f3644a684f98ea8fe223c713b77189a771f50893f80d6830d62765ffad77217426a61d423d02a1c56250dc23ae7ff12f311f524c3fbfeeca4aa916edcb6b6392e92af93f73faf3cefc129b6bc55a748a9', 115, '2015-01-12 11:26:47', 'ACTIVE', 'APPROVE_1'),
(112, '0e4e946668cf2afc4299b462b812caca7bd28f15a49d5e5848d6ec70e584e625c8cbd669cfb2f016574e9d147092b5bbc0e190d8267e36708f955d7ab048990d7d771e0e8f3633ab54856925ecdefc5dc75b6f114c23a4d7ea11331e7c00e73c', 116, '2015-01-12 11:31:34', 'ACTIVE', 'APPROVE_1'),
(113, 'e2230b853516e7b05d79744fbd4c9c13865dfbde8a344b44095495f3591f7407f0adc8838f4bdedde4ec2cfad0515589144a3f71a03ab7c4f46f9656608efdb2e58cc5ca94270acaceed13bc82dfedf744f683a84163b3523afe57c2e008bc8c', 117, '2015-01-12 11:51:02', 'ACTIVE', 'APPROVE_1'),
(114, '854d9fca60b4bd07f9bb215d59ef55612812e5cf6d8f21d69c91dddeefb792a7b337e84de8752b27eda3a12363109e809de6d14fff9806d4bcd1ef555be766cdc6e19e830859f2cb9f7c8f8cacb8d2a6c4015b7f368e6b4871809f49debe0579', 118, '2015-01-12 11:52:45', 'ACTIVE', 'APPROVE_1'),
(115, '3d2d8ccb37df977cb6d9da15b76c3f3a202cb962ac59075b964b07152d234b7007563a3fe3bbe7e3ba84431ad9d055afa3fb4fbf9a6f9cf09166aa9c20cbc1ad89ae0fe22c47d374bc9350ef99e016853a20f62a0af1aa152670bab3c602feed', 119, '2015-01-12 11:52:47', 'ACTIVE', 'APPROVE_1'),
(116, '3621f1454cacf995530ea53652ddf8fb09fb05dd477d4ae6479985ca56c5a12d9b72e31dac81715466cd580a448cf8237750ca3559e5b8e1f44210283368fc16dfa92d8f817e5b08fcaafb50d03763cfd5cfead94f5350c12c322b5b664544c1', 120, '2015-01-12 11:52:47', 'ACTIVE', 'APPROVE_1'),
(117, 'f73b76ce8949fe29bf2a537cfa420e8f912d2b1c7b2826caf99687388d2e8f7cf442d33fa06832082290ad8544a8da276e7b33fdea3adc80ebd648fffb665bb848aedb8880cab8c45637abc7493ecdddd4b2aeb2453bdadaa45cbe9882ffefcf', 121, '2015-01-12 11:52:48', 'ACTIVE', 'APPROVE_1'),
(118, 'ef4e3b775c934dada217712d76f3d51ffcdf25d6e191893e705819b177cddea0c0d0e461de8d0024aebcb0a7c68836dff7664060cc52bc6f3d620bcedc94a4b617c3433fecc21b57000debdf7ad5c93005049e90fa4f5039a8cadc6acbb4b2cc', 122, '2015-01-12 11:52:48', 'ACTIVE', 'APPROVE_1'),
(119, '7d6044e95a16761171b130dcb476a43eae5e3ce40e0404a45ecacaaf05e5f735f7e9050c92a851b0016442ab604b048846922a0880a8f11f8f69cbb52b1396bed77f00766fd3be3f2189c843a6af3fb29ad6aaed513b73148b7d49f70afcfb32', 123, '2015-01-12 11:52:48', 'ACTIVE', 'APPROVE_1'),
(120, '6855456e2fe46a9d49d3d3af4f57443d788d986905533aba051261497ecffcbb69d1fc78dbda242c43ad6590368912d43a15c7d0bbe60300a39f76f8a5ba68968c6744c9d42ec2cb9e8885b54ff744d067d96d458abdef21792e6d8e590244e7', 124, '2015-01-12 11:52:48', 'ACTIVE', 'APPROVE_1'),
(126, '69d1fc78dbda242c43ad6590368912d4cfecdb276f634854f3ef915e2e980c31e1696007be4eefb81b1a1d39ce48681b98986c005e5def2da341b4e0627d4712285ab9448d2751ee57ece7f762c39095f52378e14237225a6f6c7d802dc6abbd', 129, '2015-01-12 14:19:21', 'ACTIVE', 'APPROVE_1'),
(127, 'ad3019b856147c17e82a5bead782d2a8f9a40a4780f5e1306c46f1c8daecee3b2838023a778dfaecdc212708f721b788a3c65c2974270fd093ee8a9bf8ae7d0b0f96613235062963ccde717b18f9759255a7cf9c71f1c9c495413f934dd1a158', 130, '2015-01-12 14:19:23', 'ACTIVE', 'APPROVE_1'),
(128, 'f31b20466ae89669f9741e047487eb37ad71c82b22f4f65b9398f76d8be4c6154462bf0ddbe0d0da40e1e828ebebeb11e0c641195b27425bb056ac56f8953d245c572eca050594c7bc3c36e7e8ab955040008b9a5380fcacce3976bf7c08af5b', 131, '2015-01-12 14:19:23', 'ACTIVE', 'APPROVE_1'),
(129, 'ca9c267dad0305d1a6308d2a0cf1c39cf4b9ec30ad9f68f89b29639786cb62efab817c9349cf9c4f6877e1894a1faa000f3d014eead934bbdbacb62a01dc4831d72fbbccd9fe64c3a14f85d225a046f49908279ebbf1f9b250ba689db6a0222b', 132, '2015-01-12 14:19:23', 'ACTIVE', 'APPROVE_1'),
(130, 'f90f2aca5c640289d0a29417bcb63a376e62a992c676f611616097dbea8ea03068d13cf26c4b4f4f932e3eff990093baa9a6653e48976138166de32772b1bf40fc2c7c47b918d0c2d792a719dfb602ef0e01938fc48a2cfb5f2217fbfb00722d', 133, '2015-01-12 14:21:11', 'ACTIVE', 'APPROVE_1'),
(131, '9ac403da7947a183884c18a67d3aa8deea5d2f1c4608232e07d3aa3d998e513517c276c8e723eb46aef576537e9d56d09ac403da7947a183884c18a67d3aa8de801c14f07f9724229175b8ef8b4585a84daa3db355ef2b0e64b472968cb70f0d', 134, '2015-01-12 14:21:12', 'ACTIVE', 'APPROVE_1'),
(132, '07cdfd23373b17c6b337251c22b7ea57b710915795b9e9c02cf10d6d2bdb688c3328bdf9a4b9504b9398284244fe97c2ca8155f4d27f205953f9d3d7974bdd7046922a0880a8f11f8f69cbb52b1396bef73b76ce8949fe29bf2a537cfa420e8f', 135, '2015-01-12 14:21:12', 'ACTIVE', 'APPROVE_1'),
(133, 'cdc0d6e63aa8e41c89689f54970bb35f1aa48fc4880bb0c9b8a3bf979d3b917ecfa0860e83a4c3a763a7e62d825349f7f8c1f23d6a8d8d7904fc0ea8e066b3bb9e984c108157cea74c894b5cf34efc448065d07da4a77621450aa84fee5656d9', 136, '2015-01-12 14:21:12', 'ACTIVE', 'APPROVE_1'),
(134, '9a3d458322d70046f63dfd8b0153ece413168e6a2e6c84b4b7de9390c0ef5ec56a2feef8ed6a9fe76d6b3f30f02150b4e0cf1f47118daebc5b16269099ad7347e077e1a544eec4f0307cf5c3c721d94415d185eaa7c954e77f5343d941e25fbd', 137, '2015-01-12 14:21:13', 'ACTIVE', 'APPROVE_1'),
(135, 'a7aeed74714116f3b292a982238f83d2fface8385abbf94b4593a0ed53a0c70f18d10dc6e666eab6de9215ae5b3d54dff29b38f160f87ae86df31cee1982066f061412e4a03c02f9902576ec55ebbe771f71e393b3809197ed66df836fe833e5', 138, '2015-01-12 14:21:13', 'ACTIVE', 'APPROVE_1'),
(136, '207f88018f72237565570f8a9e5ca240e0ec453e28e061cc58ac43f91dc2f3f02dea61eed4bceec564a00115c4d213347af6266cc52234b5aa339b16695f7fc4a9a1d5317a33ae8cef33961c34144f84c7635bfd99248a2cdef8249ef7bfbef4', 139, '2015-01-12 14:21:13', 'ACTIVE', 'APPROVE_1'),
(137, 'cf004fdc76fa1a4f25f62e0eb5261ca31abb1e1ea5f481b589da52303b091cbb4311359ed4969e8401880e3c1836fbe15c50b4df4b176845cd235b6a510c69036a10bbd480e4c5573d8f3af73ae0454b6faa8040da20ef399b63a72d0e4ab575', 140, '2015-01-12 14:21:13', 'ACTIVE', 'APPROVE_1'),
(138, 'ad71c82b22f4f65b9398f76d8be4c6157bccfde7714a1ebadf06c5f4cea752c1f64eac11f2cd8f0efa196f8ad173178e5c936263f3428a40227908d5a3847c0b34ed066df378efacc9b924ec161e76394b0a59ddf11c58e7446c9df0da541a84', 141, '2015-01-12 14:21:14', 'ACTIVE', 'APPROVE_1'),
(139, '8d3bba7425e7c98c50f52ca1b52d3735ebd9629fc3ae5e9f6611e2ee05a31ceff73b76ce8949fe29bf2a537cfa420e8fc5ff2543b53f4cc0ad3819a36752467bf0adc8838f4bdedde4ec2cfad0515589645098b086d2f9e1e0e939c27f9f2d6f', 142, '2015-01-12 14:21:14', 'ACTIVE', 'APPROVE_1'),
(140, 'c5cc17e395d3049b03e0f1ccebb02b4de1314fc026da60d837353d20aefaf054c8c41c4a18675a74e01c8a20e8a0f6627f6ffaa6bb0b408017b62254211691b548ab2f9b45957ab574cf005eb8a76760f7177163c833dff4b38fc8d2872f1ec6', 143, '2015-01-12 14:21:14', 'ACTIVE', 'APPROVE_1'),
(141, 'f4573fc71c731d5c362f0d7860945b884dcf435435894a4d0972046fc566af7628dd2c7955ce926456240b2ff0100bdefa14d4fe2f19414de3ebd9f63d5c0169a8e864d04c95572d1aece099af852d0a68053af2923e00204c3ca7c6a3150cf7', 144, '2015-01-12 14:21:14', 'ACTIVE', 'APPROVE_1'),
(142, '1579779b98ce9edb98dd85606f2c119d92fb0c6d1758261f10d052e6e2c1123ce57c6b956a6521b28495f2886ca0977af542eae1949358e25d8bfeefe5b199f11b0114c51cc532ed34e1954b5b9e4b58390e982518a50e280d8e2b535462ec1f', 145, '2015-01-12 14:21:14', 'ACTIVE', 'APPROVE_1'),
(143, '0f840be9b8db4d3fbd5ba2ce59211f55e165421110ba03099a1c0393373c5b434e9cec1f583056459111d63e24f3b8ef31857b449c407203749ae32dd0e7d64ad38901788c533e8286cb6400b40b386d54e36c5ff5f6a1802925ca009f3ebb68', 146, '2015-01-12 14:21:15', 'ACTIVE', 'APPROVE_1'),
(144, '55b1927fdafef39c48e5b73b5d61ea6063538fe6ef330c13a05a3ed7e599d5f73683af9d6f6c06acee72992f2977f67e07a4e20a7bbeeb7a736682b26b16ebe86e7b33fdea3adc80ebd648fffb665bb8deb54ffb41e085fd7f69a75b6359c989', 147, '2015-01-12 14:21:15', 'ACTIVE', 'APPROVE_1'),
(145, '605ff764c617d3cd28dbbdd72be8f9a20efe32849d230d7f53049ddc4a4b0c60ec8ce6abb3e952a85b8551ba726a12277f6ffaa6bb0b408017b62254211691b53d8e28caf901313a554cebc7d32e67e5226d1f15ecd35f784d2a20c3ecf56d7f', 148, '2015-01-12 14:21:15', 'ACTIVE', 'APPROVE_1'),
(146, '1e913e1b06ead0b66e30b6867bf63549c88d8d0a6097754525e02c2246d8d27fb59c67bf196a4758191e42f76670ceba56468d5607a5aaf1604ff5e15593b003f5c3dd7514bf620a1b85450d2ae374b1577ef1154f3240ad5b9b413aa7346a1e', 149, '2015-01-12 14:21:16', 'ACTIVE', 'APPROVE_1'),
(147, 'e8dfff4676a47048d6f0c4ef899593dda223c6b3710f85df22e9377d6c4f7553ebb71045453f38676c40deb9864f811d35cf8659cfcb13224cbd47863a34fc58ffeed84c7cb1ae7bf4ec4bd78275bb98dc4c44f624d600aa568390f1f1104aa0', 150, '2015-01-12 14:21:16', 'ACTIVE', 'APPROVE_1'),
(148, '0777d5c17d4066b82ab86dff8a46af6f98dce83da57b0395e163467c9dae521b31fefc0e570cb3860f2a6d4b38c6490ddd77279f7d325eec933f05b1672f6a1fa223c6b3710f85df22e9377d6c4f7553884ce4bb65d328ecb03c598409e2b168', 151, '2015-01-12 14:24:55', 'ACTIVE', 'APPROVE_1'),
(149, '17326d10d511828f6b34fa6d751739e20f3d014eead934bbdbacb62a01dc4831abea47ba24142ed16b7d8fbf2c740e0d1c9ac0159c94d8d0cbedc973445af2dab710915795b9e9c02cf10d6d2bdb688c8d317bdcf4aafcfc22149d77babee96d', 152, '2015-01-12 14:29:42', 'ACTIVE', 'APPROVE_1'),
(150, 'acf4b89d3d503d8252c9c4ba75ddbf6de4bb4c5173c2ce17fd8fcd40041c068f08e6bea8e90ba87af3c9554d94db6579e744f91c29ec99f0e662c9177946c6273806734b256c27e41ec2c6bffa26d9e7168908dd3227b8358eababa07fcaf091', 153, '2015-01-12 14:31:32', 'ACTIVE', 'APPROVE_1'),
(151, 'a3f390d88e4c41f2747bfa2f1b5f87db83e8ef518174e1eb6be4a0778d050c9d414e773d5b7e5c06d564f594bf6384d07f16109f1619fd7a733daf5a84c708c107e1cd7dca89a1678042477183b7ac3f86e8f7ab32cfd12577bc2619bc635690', 154, '2015-01-12 16:02:55', 'ACTIVE', 'APPROVE_1'),
(152, '83cdcec08fbf90370fcf53bdd56604ffd3d9446802a44259755d38e6d163e8207647966b7343c29048673252e490f736fd2c5e4680d9a01dba3aada5ece2227032b30a250abd6331e03a2a1f1646634694f6d7e04a4d452035300f18b984988c', 155, '2015-01-18 12:27:47', 'ACTIVE', 'APPROVE_1'),
(153, '2c89109d42178de8a367c0228f169bf855b1927fdafef39c48e5b73b5d61ea604b0250793549726d5c1ea3906726ebfecd63a3eec3319fd9c84c942a08316e00d77f00766fd3be3f2189c843a6af3fb292cc227532d17e56e07902b254dfad10', 156, '2015-01-18 12:43:49', 'ACTIVE', 'APPROVE_1'),
(154, 'c7e1249ffc03eb9ded908c236bd1996dfe70c36866add1572a8e2b96bfede7bf80a8155eb153025ea1d513d0b2c4b6759f53d83ec0691550f7d2507d57f4f5a2f9028faec74be6ec9b852b0a542e2f3961b1fb3f59e28c67f3925f3c79be81a1', 157, '2015-01-18 12:45:15', 'ACTIVE', 'APPROVE_1'),
(159, '0cb929eae7a499e50248a3a78f7acfc76a10bbd480e4c5573d8f3af73ae0454b045117b0e0a11a242b9765e79cbf113fabea47ba24142ed16b7d8fbf2c740e0d7f24d240521d99071c93af3917215ef77b5b23f4aadf9513306bcd59afb6e4c9', 158, '2015-01-18 13:59:21', 'ACTIVE', ''),
(164, 'b20bb95ab626d93fd976af958fbc61bac32d9bf27a3da7ec8163957080c8628ea34bacf839b923770b2c360eefa26748dd458505749b2941217ddd59394240e8e449b9317dad920c0dd5ad0a2a2d5e49d63fbf8c3173730f82b150c5ef38b8ff', 160, '2015-01-18 15:03:03', 'ACTIVE', 'APPROVE_1'),
(165, '1bb91f73e9d31ea2830a5e73ce3ed328e8fd4a8a5bab2b3785d794ab51fef55ceae27d77ca20db309e056e3d2dcd7d69f197002b9a0853eca5e046d9ca4663d5fc6709bfdf0572f183c1a84ce5276e96d947bf06a885db0d477d707121934ff8', 161, '2015-01-18 15:04:59', 'ACTIVE', 'APPROVE_1'),
(168, '00ec53c4682d36f5c4359f4ae7bd7ba17b5b23f4aadf9513306bcd59afb6e4c9dc5d637ed5e62c36ecb73b654b05ba2ab53b3a3d6ab90ce0268229151c9bde11f93882cbd8fc7fb794c1011d63be6fb683f2550373f2f19492aa30fbd5b57512', 163, '2015-01-19 10:03:38', 'ACTIVE', 'APPROVE_1'),
(223, '7c590f01490190db0ed02a5070e20f0182f2b308c3b01637c607ce05f52a2fed53adaf494dc89ef7196d73636eb2451b6081594975a764c8e3a691fa2b3a321d9996535e07258a7bbfd8b132435c5962806beafe154032a5b818e97b4420ad98', 194, '2015-03-06 15:45:49', 'ACTIVE', 'APPROVE_1'),
(244, '01161aaa0b6d1345dd8fe4e481144d8470ece1e1e0931919438fcfc6bd5f199cf33ba15effa5c10e873bf3842afb46a6a223c6b3710f85df22e9377d6c4f75533bf55bbad370a8fcad1d09b005e278c2a516a87cfcaef229b342c437fe2b95f7', 204, '2015-03-10 10:43:23', 'ACTIVE', 'APPROVE_1');

-- --------------------------------------------------------

--
-- Table structure for table `request_borrow_equipment_type`
--

CREATE TABLE IF NOT EXISTS `request_borrow_equipment_type` (
`id` int(11) NOT NULL,
  `request_borrow_id` int(11) NOT NULL,
  `equipment_type_list_id` int(11) DEFAULT NULL,
  `quantity` int(11) NOT NULL
) ENGINE=InnoDB  DEFAULT CHARSET=utf8 AUTO_INCREMENT=621 ;

--
-- Dumping data for table `request_borrow_equipment_type`
--

INSERT INTO `request_borrow_equipment_type` (`id`, `request_borrow_id`, `equipment_type_list_id`, `quantity`) VALUES
(108, 126, 524, 1),
(109, 127, 525, 1),
(110, 128, 525, 1),
(111, 128, 528, 1),
(112, 129, 525, 1),
(113, 129, 528, 1),
(114, 130, 525, 1),
(115, 130, 528, 1),
(116, 131, 525, 1),
(117, 131, 528, 1),
(118, 132, 525, 1),
(119, 132, 528, 1),
(120, 133, 525, 1),
(121, 133, 528, 1),
(122, 134, 525, 1),
(123, 134, 528, 1),
(124, 135, 525, 1),
(125, 135, 528, 1),
(126, 136, 525, 1),
(127, 136, 528, 1),
(128, 137, 525, 1),
(129, 137, 528, 1),
(130, 138, 525, 1),
(131, 138, 528, 1),
(132, 139, 525, 1),
(133, 139, 528, 1),
(134, 140, 525, 1),
(135, 140, 528, 1),
(136, 141, 525, 1),
(137, 141, 528, 1),
(138, 142, 525, 1),
(139, 142, 528, 1),
(140, 143, 525, 1),
(141, 143, 528, 1),
(142, 144, 525, 1),
(143, 144, 528, 1),
(144, 145, 525, 1),
(145, 145, 528, 1),
(146, 146, 525, 1),
(147, 146, 528, 1),
(148, 147, 525, 1),
(149, 147, 528, 1),
(150, 148, 525, 1),
(151, 148, 528, 1),
(152, 149, 525, 1),
(153, 149, 528, 1),
(154, 150, 525, 1),
(155, 150, 528, 1),
(156, 151, 525, 1),
(157, 151, 528, 1),
(159, 153, 525, 1),
(160, 154, 525, 1),
(163, 157, 525, 1),
(165, 159, 553, 1),
(171, 156, 540, 1),
(172, 162, 553, 1),
(173, 162, 554, 1),
(177, 158, 540, 1),
(178, 164, 0, 1),
(179, 165, 522, 1),
(180, 165, 524, 1),
(181, 165, 523, 1),
(182, 166, 683, 1),
(192, 168, 1003, 3),
(193, 168, 1012, 3),
(194, 168, 1030, 1),
(195, 168, 1035, 2),
(196, 168, 1050, 1),
(204, 167, 1033, 1),
(205, 167, 1034, 1),
(206, 167, 1036, 1),
(207, 167, 1037, 1),
(208, 167, 1047, 1),
(215, 171, 1002, 1),
(216, 171, 1030, 1),
(217, 171, 1035, 1),
(222, 173, 1035, 2),
(223, 173, 1013, 1),
(224, 173, 1004, 1),
(225, 173, 1011, 1),
(226, 173, 1030, 1),
(227, 173, 1058, 1),
(239, 170, 1035, 1),
(240, 170, 1030, 1),
(241, 170, 1058, 1),
(242, 170, 1002, 1),
(251, 174, 1003, 1),
(252, 174, 1010, 1),
(253, 174, 1011, 1),
(254, 174, 1014, 1),
(255, 174, 1030, 1),
(256, 174, 1026, 1),
(257, 177, 1006, 1),
(258, 177, 1030, 1),
(259, 177, 1040, 1),
(260, 177, 1039, 1),
(261, 178, 1037, 1),
(262, 178, 1036, 2),
(263, 178, 1033, 4),
(264, 178, 1046, 1),
(291, 176, 1010, 1),
(292, 176, 1030, 1),
(293, 176, 1035, 1),
(294, 176, 1012, 1),
(295, 176, 1003, 1),
(316, 172, 1013, 1),
(317, 172, 1050, 1),
(318, 172, 1054, 1),
(319, 172, 1030, 1),
(320, 172, 1035, 1),
(322, 125, 1040, 1),
(326, 175, 1002, 1),
(327, 175, 1010, 1),
(355, 184, 1030, 1),
(365, 186, 1002, 1),
(366, 186, 1019, 1),
(367, 186, 1054, 1),
(370, 185, 1015, 1),
(371, 185, 1016, 1),
(372, 185, 1030, 1),
(373, 185, 1025, 1),
(374, 185, 1035, 1),
(375, 187, 1003, 1),
(376, 187, 1011, 1),
(377, 187, 1018, 1),
(378, 187, 1050, 1),
(379, 187, 1054, 1),
(380, 187, 1030, 1),
(381, 188, 1003, 1),
(382, 188, 1011, 1),
(383, 188, 1018, 1),
(384, 188, 1035, 2),
(385, 188, 1030, 1),
(386, 188, 1054, 1),
(387, 188, 1050, 1),
(388, 181, 1030, 1),
(389, 181, 1033, 1),
(390, 181, 1034, 1),
(391, 181, 1010, 1),
(392, 181, 1003, 1),
(393, 181, 1012, 1),
(394, 181, 1037, 1),
(428, 189, 1018, 1),
(429, 189, 1020, 1),
(430, 189, 1035, 3),
(431, 189, 1002, 1),
(432, 189, 1030, 2),
(433, 189, 1058, 1),
(434, 189, 1026, 1),
(435, 189, 1054, 1),
(436, 189, 1050, 1),
(437, 190, 1002, 1),
(438, 190, 1030, 1),
(439, 190, 1035, 2),
(440, 190, 1054, 1),
(441, 190, 1037, 2),
(442, 190, 1033, 1),
(443, 190, 1034, 1),
(444, 190, 1045, 1),
(445, 191, 1002, 1),
(446, 191, 1014, 1),
(447, 191, 1030, 1),
(448, 191, 1035, 1),
(449, 183, 1013, 1),
(450, 183, 1011, 1),
(451, 183, 1010, 1),
(452, 183, 1035, 1),
(453, 183, 1030, 1),
(454, 183, 1004, 1),
(462, 193, 1003, 1),
(463, 193, 1030, 1),
(464, 193, 1040, 1),
(465, 193, 1035, 2),
(466, 193, 1033, 2),
(467, 193, 1034, 2),
(468, 193, 1036, 1),
(469, 193, 1019, 1),
(470, 193, 1011, 1),
(471, 193, 1049, 1),
(472, 194, 1003, 1),
(473, 194, 1040, 2),
(474, 194, 1038, 1),
(475, 194, 1033, 2),
(476, 194, 1034, 2),
(477, 194, 1030, 1),
(478, 194, 1035, 1),
(479, 194, 1026, 1),
(480, 194, 1017, 1),
(481, 194, 1013, 1),
(482, 195, 1003, 1),
(483, 195, 1040, 2),
(484, 195, 1038, 1),
(485, 195, 1033, 2),
(486, 195, 1034, 2),
(487, 195, 1030, 1),
(488, 195, 1035, 1),
(489, 195, 1026, 1),
(490, 195, 1017, 1),
(491, 195, 1013, 1),
(492, 195, 1018, 1),
(493, 195, 1012, 1),
(494, 195, 1058, 1),
(495, 196, 1002, 1),
(496, 196, 1030, 1),
(497, 196, 1037, 3),
(498, 196, 1035, 1),
(499, 196, 1045, 2),
(500, 196, 1033, 2),
(501, 196, 1034, 2),
(502, 197, 1035, 1),
(503, 197, 1030, 1),
(504, 198, 1030, 1),
(505, 198, 1035, 1),
(506, 199, 1002, 1),
(507, 199, 1030, 1),
(508, 199, 1040, 1),
(509, 199, 1058, 1),
(510, 179, 1029, 1),
(511, 179, 1002, 1),
(520, 202, 1002, 1),
(521, 202, 1018, 1),
(522, 202, 1026, 1),
(523, 202, 1030, 1),
(524, 202, 1033, 3),
(525, 202, 1034, 3),
(526, 202, 1040, 1),
(527, 202, 1036, 1),
(528, 203, 1018, 1),
(529, 203, 1049, 1),
(530, 204, 1018, 1),
(531, 204, 1049, 1),
(532, 205, 1018, 1),
(533, 205, 1049, 1),
(534, 205, 1004, 1),
(535, 206, 1022, 1),
(536, 180, 1002, 1),
(537, 180, 1030, 1),
(538, 180, 1035, 1),
(539, 180, 1014, 1),
(546, 182, 1030, 1),
(547, 182, 1033, 1),
(548, 182, 1034, 1),
(549, 182, 1037, 1),
(550, 182, 1036, 1),
(551, 182, 1060, 1),
(552, 182, 1046, 1),
(553, 182, 1010, 1),
(554, 182, 1014, 1),
(555, 182, 1026, 1),
(556, 182, 1004, 1),
(568, 209, 1003, 1),
(569, 209, 1020, 1),
(570, 209, 1030, 1),
(571, 210, 1030, 1),
(572, 210, 1045, 2),
(573, 211, 1002, 1),
(574, 211, 1030, 1),
(575, 211, 1022, 1),
(576, 211, 1054, 1),
(577, 211, 1013, 1),
(578, 211, 1011, 1),
(579, 211, 1038, 1),
(580, 211, 1040, 2),
(581, 211, 1037, 3),
(582, 211, 1035, 1),
(583, 201, 1003, 1),
(584, 201, 1010, 1),
(585, 201, 1011, 1),
(586, 201, 1030, 1),
(587, 212, 1002, 1),
(588, 212, 1030, 1),
(589, 212, 1035, 2),
(590, 213, 1003, 1),
(595, 200, 1019, 1),
(596, 200, 1038, 1),
(597, 200, 1049, 1),
(598, 200, 1053, 1),
(599, 192, 1002, 1),
(600, 192, 1018, 1),
(601, 192, 1010, 1),
(602, 192, 1038, 1),
(603, 192, 1033, 1),
(604, 192, 1030, 1),
(605, 207, 1003, 1),
(606, 207, 1011, 1),
(607, 207, 1013, 1),
(608, 207, 1035, 1),
(609, 207, 1040, 1),
(610, 208, 1029, 1),
(611, 208, 1034, 1),
(612, 208, 1033, 1),
(613, 208, 1037, 1),
(614, 208, 1010, 1),
(615, 208, 1026, 1),
(616, 208, 1036, 1),
(617, 208, 1012, 1),
(618, 208, 1014, 1),
(619, 208, 1013, 1),
(620, 208, 1046, 1);

-- --------------------------------------------------------

--
-- Table structure for table `request_borrow_equipment_type_item`
--

CREATE TABLE IF NOT EXISTS `request_borrow_equipment_type_item` (
`id` int(11) NOT NULL,
  `request_borrow_equipment_type_id` int(11) NOT NULL,
  `equipment_id` int(11) NOT NULL,
  `return_date` varchar(255) DEFAULT NULL,
  `return_price` double NOT NULL,
  `broken_price` double NOT NULL,
  `remark` varchar(255) NOT NULL
) ENGINE=MyISAM  DEFAULT CHARSET=utf8 AUTO_INCREMENT=495 ;

--
-- Dumping data for table `request_borrow_equipment_type_item`
--

INSERT INTO `request_borrow_equipment_type_item` (`id`, `request_borrow_equipment_type_id`, `equipment_id`, `return_date`, `return_price`, `broken_price`, `remark`) VALUES
(103, 28, 879, NULL, 0, 0, ''),
(102, 27, 886, NULL, 0, 0, ''),
(101, 27, 885, NULL, 0, 0, ''),
(100, 27, 884, NULL, 0, 0, ''),
(99, 27, 883, NULL, 0, 0, ''),
(104, 28, 880, NULL, 0, 0, ''),
(105, 28, 881, NULL, 0, 0, ''),
(106, 29, 887, NULL, 0, 0, ''),
(107, 30, 870, NULL, 0, 0, ''),
(108, 30, 866, NULL, 0, 0, ''),
(109, 30, 867, NULL, 0, 0, ''),
(110, 30, 868, NULL, 0, 0, ''),
(111, 30, 869, NULL, 0, 0, ''),
(112, 31, 871, NULL, 0, 0, ''),
(113, 31, 872, NULL, 0, 0, ''),
(114, 32, 873, NULL, 0, 0, ''),
(115, 32, 874, NULL, 0, 0, ''),
(116, 32, 875, NULL, 0, 0, ''),
(117, 32, 876, NULL, 0, 0, ''),
(118, 33, 877, NULL, 0, 0, ''),
(119, 33, 878, NULL, 0, 0, ''),
(120, 34, 861, NULL, 0, 0, ''),
(121, 34, 862, NULL, 0, 0, ''),
(122, 34, 863, NULL, 0, 0, ''),
(123, 35, 864, NULL, 0, 0, ''),
(124, 35, 865, NULL, 0, 0, ''),
(125, 38, 895, NULL, 0, 0, ''),
(126, 38, 896, NULL, 0, 0, ''),
(127, 39, 894, NULL, 0, 0, ''),
(128, 40, 893, NULL, 0, 0, ''),
(129, 41, 891, NULL, 0, 0, ''),
(130, 41, 890, NULL, 0, 0, ''),
(131, 42, 889, NULL, 0, 0, ''),
(132, 42, 888, NULL, 0, 0, ''),
(133, 42, 887, NULL, 0, 0, ''),
(134, 43, 886, NULL, 0, 0, ''),
(135, 43, 885, NULL, 0, 0, ''),
(136, 43, 884, NULL, 0, 0, ''),
(137, 43, 883, NULL, 0, 0, ''),
(138, 44, 882, NULL, 0, 0, ''),
(139, 44, 881, NULL, 0, 0, ''),
(140, 44, 880, NULL, 0, 0, ''),
(141, 44, 879, NULL, 0, 0, ''),
(142, 45, 878, NULL, 0, 0, ''),
(143, 45, 877, NULL, 0, 0, ''),
(144, 46, 876, NULL, 0, 0, ''),
(145, 46, 875, NULL, 0, 0, ''),
(146, 46, 874, NULL, 0, 0, ''),
(147, 46, 873, NULL, 0, 0, ''),
(148, 47, 872, NULL, 0, 0, ''),
(149, 47, 871, NULL, 0, 0, ''),
(150, 48, 870, NULL, 0, 0, ''),
(151, 48, 869, NULL, 0, 0, ''),
(152, 48, 868, NULL, 0, 0, ''),
(153, 48, 867, NULL, 0, 0, ''),
(154, 48, 866, NULL, 0, 0, ''),
(155, 49, 865, NULL, 0, 0, ''),
(156, 49, 864, NULL, 0, 0, ''),
(157, 50, 863, NULL, 0, 0, ''),
(158, 50, 862, NULL, 0, 0, ''),
(159, 50, 861, NULL, 0, 0, ''),
(160, 52, 895, '1419304937', 0, 1200, 'อุปกรณ์เสียหาย'),
(161, 54, 891, '1419304937', 0, 0, ''),
(162, 55, 893, '1419304937', 0, 0, ''),
(163, 53, 903, '1419304937', 0, 0, ''),
(164, 56, 900, '1419305539', 0, 0, ''),
(165, 67, 872, NULL, 0, 0, ''),
(166, 68, 896, NULL, 0, 0, ''),
(167, 69, 929, NULL, 0, 0, ''),
(168, 108, 866, '1421042251', 0, 0, ''),
(169, 109, 871, '1421042464', 0, 0, ''),
(178, 177, 907, NULL, 0, 0, ''),
(177, 177, 906, NULL, 0, 0, ''),
(174, 171, 906, NULL, 0, 0, ''),
(175, 172, 976, '1421633890', 0, 0, ''),
(176, 173, 979, '1421633890', 0, 0, ''),
(179, 179, 862, NULL, 0, 0, ''),
(180, 181, 865, NULL, 0, 0, ''),
(181, 182, 1446, NULL, 0, 0, ''),
(223, 222, 2721, '1425002596', 0, 0, ''),
(222, 222, 2720, '1425002596', 0, 0, ''),
(221, 217, 2711, '1425002286', 0, 0, ''),
(220, 216, 2683, '1425002286', 0, 0, ''),
(219, 215, 2590, '1425002286', 0, 0, ''),
(218, 208, 2820, NULL, 0, 0, ''),
(217, 207, 2734, NULL, 0, 0, ''),
(216, 207, 2731, NULL, 0, 0, ''),
(215, 206, 2723, NULL, 0, 0, ''),
(214, 205, 2709, NULL, 0, 0, ''),
(213, 205, 2706, NULL, 0, 0, ''),
(212, 205, 2701, NULL, 0, 0, ''),
(211, 205, 2703, NULL, 0, 0, ''),
(210, 205, 2708, NULL, 0, 0, ''),
(209, 205, 2710, NULL, 0, 0, ''),
(208, 204, 2693, NULL, 0, 0, ''),
(207, 204, 2700, NULL, 0, 0, ''),
(206, 204, 2691, NULL, 0, 0, ''),
(205, 204, 2697, NULL, 0, 0, ''),
(204, 204, 2692, NULL, 0, 0, ''),
(203, 204, 2695, NULL, 0, 0, ''),
(224, 223, 2636, '1425002596', 0, 0, ''),
(225, 224, 2601, '1425002596', 0, 0, ''),
(226, 225, 2623, '1425002596', 0, 0, ''),
(227, 226, 2680, '1425002596', 0, 0, ''),
(228, 227, 2854, '1425002596', 0, 0, ''),
(243, 239, 2717, NULL, 0, 0, ''),
(244, 239, 2719, NULL, 0, 0, ''),
(246, 240, 2682, NULL, 0, 0, ''),
(245, 239, 2713, NULL, 0, 0, ''),
(247, 240, 2678, NULL, 0, 0, ''),
(248, 241, 2855, NULL, 0, 0, ''),
(249, 242, 2591, NULL, 0, 0, ''),
(261, 256, 2668, '1424862830', 0, 0, ''),
(260, 255, 2682, '1424862830', 0, 0, ''),
(259, 254, 2640, '1424862830', 0, 0, ''),
(258, 253, 2622, '1424862830', 0, 0, ''),
(257, 252, 2620, '1424862830', 0, 0, ''),
(256, 251, 2594, '1424862830', 0, 0, ''),
(328, 317, 2845, '1425268914', 0, 0, ''),
(329, 318, 2850, '1425268914', 0, 0, ''),
(330, 319, 2685, '1425268914', 0, 0, ''),
(331, 320, 2715, '1425268914', 0, 0, ''),
(335, 326, 2590, NULL, 0, 0, ''),
(336, 326, 2592, NULL, 0, 0, ''),
(301, 295, 2594, NULL, 0, 0, ''),
(300, 294, 2635, NULL, 0, 0, ''),
(299, 293, 2715, NULL, 0, 0, ''),
(298, 292, 2677, NULL, 0, 0, ''),
(297, 291, 2620, NULL, 0, 0, ''),
(332, 320, 2718, '1425268914', 0, 0, ''),
(317, 257, 2608, '1425293409', 0, 0, ''),
(318, 258, 2680, '1425293409', 0, 0, ''),
(319, 259, 2739, '1425293409', 0, 0, ''),
(320, 260, 2737, '1425293409', 0, 0, ''),
(327, 316, 2636, '1425268914', 0, 0, ''),
(333, 321, 2849, NULL, 0, 0, ''),
(334, 322, 2740, NULL, 0, 0, ''),
(337, 327, 2618, NULL, 0, 0, ''),
(343, 367, 2849, NULL, 0, 0, ''),
(342, 366, 2646, NULL, 0, 0, ''),
(341, 365, 2591, NULL, 0, 0, ''),
(353, 374, 2722, '1425898379', 0, 0, ''),
(352, 373, 2667, '1425898379', 0, 0, ''),
(351, 372, 2682, '1425898379', 0, 0, ''),
(350, 371, 2642, '1425898379', 0, 0, ''),
(349, 370, 2641, '1425898379', 0, 0, ''),
(463, 598, 2848, NULL, 0, 0, ''),
(454, 585, 2623, NULL, 0, 0, ''),
(452, 583, 2593, NULL, 0, 0, ''),
(434, 538, 2714, NULL, 0, 0, ''),
(432, 537, 2685, NULL, 0, 0, ''),
(359, 388, 2683, '1425887346', 0, 0, ''),
(360, 389, 2691, '1425887346', 0, 0, ''),
(361, 389, 2694, '1425887346', 0, 0, ''),
(362, 389, 2693, '1425887346', 0, 0, ''),
(363, 390, 2706, '1425887346', 0, 0, ''),
(364, 390, 2709, '1425887346', 0, 0, ''),
(365, 390, 2703, '1425887346', 0, 0, ''),
(366, 391, 2620, '1425887346', 0, 0, ''),
(367, 392, 2594, '1425887346', 0, 0, ''),
(368, 393, 2635, '1425887346', 0, 0, ''),
(369, 394, 2732, '1425887346', 0, 0, ''),
(451, 556, 2600, NULL, 0, 0, ''),
(450, 555, 2668, NULL, 0, 0, ''),
(449, 554, 2640, NULL, 0, 0, ''),
(448, 553, 2618, NULL, 0, 0, ''),
(447, 552, 2808, NULL, 0, 0, ''),
(446, 551, 2858, NULL, 0, 0, ''),
(445, 550, 2723, NULL, 0, 0, ''),
(444, 549, 2726, NULL, 0, 0, ''),
(443, 549, 2727, NULL, 0, 0, ''),
(442, 549, 2734, NULL, 0, 0, ''),
(441, 548, 2707, NULL, 0, 0, ''),
(440, 548, 2708, NULL, 0, 0, ''),
(439, 548, 2701, NULL, 0, 0, ''),
(438, 547, 2697, NULL, 0, 0, ''),
(437, 547, 2692, NULL, 0, 0, ''),
(436, 546, 2680, NULL, 0, 0, ''),
(418, 449, 2637, '1425887045', 0, 0, ''),
(419, 450, 2623, '1425887045', 0, 0, ''),
(420, 451, 2619, '1425887045', 0, 0, ''),
(421, 452, 2717, '1425887045', 0, 0, ''),
(422, 452, 2721, '1425887045', 0, 0, ''),
(423, 453, 2677, '1425887045', 0, 0, ''),
(424, 453, 2678, '1425887045', 0, 0, ''),
(425, 454, 2601, '1425887045', 0, 0, ''),
(426, 510, 2675, '1425870182', 0, 0, ''),
(427, 511, 2592, '1425870182', 0, 0, ''),
(428, 532, 2645, '1425962229', 0, 0, ''),
(429, 533, 2841, '1425962229', 0, 0, ''),
(430, 534, 2600, '1425962229', 0, 0, ''),
(455, 586, 2677, NULL, 0, 0, ''),
(453, 584, 2618, NULL, 0, 0, ''),
(435, 539, 2639, NULL, 0, 0, ''),
(433, 538, 2719, NULL, 0, 0, ''),
(431, 536, 2590, NULL, 500, 0, ''),
(462, 597, 2840, NULL, 0, 0, ''),
(461, 596, 2735, NULL, 0, 0, ''),
(460, 595, 2646, NULL, 0, 0, ''),
(464, 599, 2590, NULL, 0, 0, ''),
(465, 600, 2645, NULL, 0, 0, ''),
(466, 601, 2620, NULL, 0, 0, ''),
(467, 602, 2736, NULL, 0, 0, ''),
(468, 603, 2694, NULL, 0, 0, ''),
(469, 603, 2695, NULL, 0, 0, ''),
(470, 603, 2699, NULL, 0, 0, ''),
(471, 603, 2700, NULL, 0, 0, ''),
(472, 603, 2693, NULL, 0, 0, ''),
(473, 603, 2697, NULL, 0, 0, ''),
(474, 604, 2683, NULL, 0, 0, ''),
(475, 605, 2594, NULL, 0, 0, ''),
(476, 606, 2623, NULL, 0, 0, ''),
(477, 607, 2637, NULL, 0, 0, ''),
(478, 608, 2714, NULL, 0, 0, ''),
(479, 608, 2719, NULL, 0, 0, ''),
(480, 609, 2738, NULL, 0, 0, ''),
(481, 610, 2673, NULL, 0, 0, ''),
(482, 611, 2707, NULL, 0, 0, ''),
(483, 611, 2709, NULL, 0, 0, ''),
(484, 612, 2692, NULL, 0, 0, ''),
(485, 612, 2698, NULL, 0, 0, ''),
(486, 613, 2726, NULL, 0, 0, ''),
(487, 614, 2619, NULL, 0, 0, ''),
(488, 615, 2668, NULL, 0, 0, ''),
(489, 616, 2723, NULL, 0, 0, ''),
(490, 616, 2724, NULL, 0, 0, ''),
(491, 617, 2628, NULL, 0, 0, ''),
(492, 618, 2639, NULL, 0, 0, ''),
(493, 619, 2638, NULL, 0, 0, ''),
(494, 620, 2806, NULL, 0, 0, '');

-- --------------------------------------------------------

--
-- Table structure for table `request_service`
--

CREATE TABLE IF NOT EXISTS `request_service` (
`id` int(11) NOT NULL,
  `user_login_id` int(11) NOT NULL,
  `description` text NOT NULL,
  `file_path` varchar(255) NOT NULL,
  `quantity` int(11) NOT NULL,
  `due_date` date NOT NULL,
  `time_period` int(11) NOT NULL,
  `status_code` varchar(255) NOT NULL,
  `create_date` datetime NOT NULL
) ENGINE=InnoDB  DEFAULT CHARSET=utf8 AUTO_INCREMENT=35 ;

--
-- Dumping data for table `request_service`
--

INSERT INTO `request_service` (`id`, `user_login_id`, `description`, `file_path`, `quantity`, `due_date`, `time_period`, `status_code`, `create_date`) VALUES
(19, 1, 'Print', 'upload/files/1411180688/File.jpg', 1, '2014-09-23', 2, 'REQUEST_ISERVICE_CANCEL', '2014-09-20 09:38:42'),
(20, 185, 'test', 'upload/files/1411542035/File.docx', 1, '2014-09-27', 107, 'REQUEST_ISERVICE_CANCEL', '2014-09-24 14:01:05'),
(21, 1, 'test', 'upload/files/1415603238/File.mp3', 1, '2014-11-13', 4, 'REQUEST_ISERVICE_CANCEL', '2014-11-10 14:07:51'),
(23, 1, 'ติดกระจก', '', 1, '2014-11-14', 101, 'REQUEST_ISERVICE_CANCEL', '2014-11-13 11:03:37'),
(24, 1, 'ะะ', '', 1, '2014-11-14', 104, 'REQUEST_ISERVICE_CANCEL', '2014-11-13 11:05:23'),
(25, 1, '123', 'upload/files/1417223488/File.jpg', 1, '2014-12-01', 3, 'REQUEST_ISERVICE_CANCEL', '2014-11-29 08:12:22'),
(26, 1, 'oo', 'upload/files/1419141987/File.pdf', 1, '2014-12-21', 111, 'REQUEST_ISERVICE_CANCEL', '2014-12-21 13:06:45'),
(27, 1, 'พิมพ์บัตรนักศึกษา', '', 1, '2015-01-08', 3, 'REQUEST_ISERVICE_COMPLETED', '2015-01-08 10:48:38'),
(28, 259, 'ธิปัตย์ จันทร์สนธิ', '', 4, '2015-01-15', 107, 'REQUEST_ISERVICE_COMPLETED', '2015-01-15 11:45:02'),
(33, 259, '-6\r\n-Contact Email:iclibrary@mahidol.ac.th', '', 1, '2015-01-23', 4, 'REQUEST_ISERVICE_PROCESSING', '2015-01-15 16:43:19'),
(34, 1116, 'จัดทำ Back Drop ชื่องาน (ทำเป็น Power Point)\r\n“Freshman Seminar Trimester 3/2014-2015\r\n2-3 April, 2015”', '', 1, '2015-04-01', 109, 'REQUEST_ISERVICE_APPROVE', '2015-03-11 11:24:19');

-- --------------------------------------------------------

--
-- Table structure for table `request_service_detail`
--

CREATE TABLE IF NOT EXISTS `request_service_detail` (
`id` int(11) NOT NULL,
  `request_service_id` int(11) NOT NULL,
  `request_service_type_detail_id` int(11) DEFAULT NULL,
  `description` text NOT NULL
) ENGINE=InnoDB  DEFAULT CHARSET=utf8 AUTO_INCREMENT=29 ;

--
-- Dumping data for table `request_service_detail`
--

INSERT INTO `request_service_detail` (`id`, `request_service_id`, `request_service_type_detail_id`, `description`) VALUES
(17, 19, 1, ''),
(18, 20, 1, ''),
(19, 21, 17, ''),
(21, 23, 7, ''),
(22, 24, 2, ''),
(23, 25, 2, ''),
(24, 26, 4, ''),
(25, 27, 1, ''),
(26, 28, 2, ''),
(27, 33, 7, ''),
(28, 34, 8, '');

-- --------------------------------------------------------

--
-- Table structure for table `request_service_type`
--

CREATE TABLE IF NOT EXISTS `request_service_type` (
`id` int(11) NOT NULL,
  `name` varchar(255) NOT NULL,
  `description` text NOT NULL
) ENGINE=InnoDB  DEFAULT CHARSET=utf8 AUTO_INCREMENT=9 ;

--
-- Dumping data for table `request_service_type`
--

INSERT INTO `request_service_type` (`id`, `name`, `description`) VALUES
(1, 'Printing', ''),
(2, 'Graphic', ''),
(3, 'Sticker', ''),
(4, 'VDO Records', ''),
(5, 'Sound Records', ''),
(6, 'Copy', ''),
(7, 'VDO Record', ''),
(8, 'Sound Record', '');

-- --------------------------------------------------------

--
-- Table structure for table `request_service_type_detail`
--

CREATE TABLE IF NOT EXISTS `request_service_type_detail` (
`id` int(11) NOT NULL,
  `request_service_type_id` int(11) NOT NULL,
  `name` varchar(255) NOT NULL,
  `description` text NOT NULL
) ENGINE=InnoDB  DEFAULT CHARSET=utf8 AUTO_INCREMENT=19 ;

--
-- Dumping data for table `request_service_type_detail`
--

INSERT INTO `request_service_type_detail` (`id`, `request_service_type_id`, `name`, `description`) VALUES
(1, 1, 'A4', ''),
(2, 1, 'A3', ''),
(3, 1, 'A2', ''),
(4, 2, 'Poster / Paper', ''),
(5, 2, 'File formats', ''),
(6, 2, 'Books', ''),
(7, 3, 'Lable', ''),
(8, 3, 'Backdrop', ''),
(9, 4, 'Sound', ''),
(10, 4, 'VDO', ''),
(11, 5, 'E-book', ''),
(12, 5, 'Presentation', ''),
(13, 6, 'CD', ''),
(14, 6, 'DVD', ''),
(15, 7, 'Class Room', ''),
(16, 7, 'Activity', ''),
(17, 8, 'Activity', ''),
(18, 8, 'Media Presentation', '');

-- --------------------------------------------------------

--
-- Table structure for table `role`
--

CREATE TABLE IF NOT EXISTS `role` (
`id` int(11) NOT NULL,
  `name` varchar(255) NOT NULL,
  `description` text NOT NULL,
  `status` varchar(20) NOT NULL
) ENGINE=InnoDB  DEFAULT CHARSET=utf8 AUTO_INCREMENT=7 ;

--
-- Dumping data for table `role`
--

INSERT INTO `role` (`id`, `name`, `description`, `status`) VALUES
(1, 'Admin', 'Admin can access all data', 'HIDDEN'),
(2, 'Staff', 'Staff is person who check and manage about user and booking.', ''),
(3, 'Student', 'User can request book for equipment. ', ''),
(4, 'Lecturer', 'Lecturer', 'A'),
(5, 'StaffAV', 'Staff AV', 'A'),
(6, 'StudentFAA', 'Faa Student', 'A');

-- --------------------------------------------------------

--
-- Table structure for table `role_permission`
--

CREATE TABLE IF NOT EXISTS `role_permission` (
`id` int(11) NOT NULL,
  `role_id` int(11) NOT NULL,
  `permission_code` varchar(255) NOT NULL
) ENGINE=InnoDB  DEFAULT CHARSET=utf8 AUTO_INCREMENT=219 ;

--
-- Dumping data for table `role_permission`
--

INSERT INTO `role_permission` (`id`, `role_id`, `permission_code`) VALUES
(1, 1, 'FULL_ADMIN'),
(100, 2, 'CHECK_STATUS_REQUEST_BOOKING'),
(103, 2, 'CHECK_STATUS_REQUEST_BORROW'),
(45, 2, 'CREATE_DEPARTMENT'),
(46, 2, 'CREATE_EQUIPMENT'),
(47, 2, 'CREATE_EQUIPMENT_TYPE'),
(104, 2, 'CREATE_NEWS'),
(48, 2, 'CREATE_POSITION'),
(49, 2, 'CREATE_PRESEN_TYPE'),
(98, 2, 'CREATE_REQUEST_BOOKING'),
(50, 2, 'CREATE_REQUEST_BORROW'),
(51, 2, 'CREATE_REQUEST_SERVICE'),
(52, 2, 'CREATE_ROOM'),
(53, 2, 'CREATE_SEMESTER'),
(54, 2, 'CREATE_SERVICE_TYPE'),
(55, 2, 'CREATE_SERVICE_TYPE_ITEM'),
(34, 2, 'CREATE_USER'),
(56, 2, 'DELETE_DEPARTMENT'),
(57, 2, 'DELETE_EQUIPMENT'),
(58, 2, 'DELETE_EQUIPMENT_TYPE'),
(59, 2, 'DELETE_POSITION'),
(60, 2, 'DELETE_PRESENT_TYPE'),
(61, 2, 'DELETE_ROOM'),
(62, 2, 'DELETE_SEMESTER'),
(63, 2, 'DELETE_SERVICE_TYPE'),
(64, 2, 'DELETE_SERVICE_TYPE_ITEM'),
(65, 2, 'EDIT_REQUEST_BOOKING'),
(66, 2, 'UPDATE_DEPARTMENT'),
(67, 2, 'UPDATE_EQUIPMENT'),
(68, 2, 'UPDATE_EQUIPMENT_TYPE'),
(69, 2, 'UPDATE_POSITION'),
(70, 2, 'UPDATE_PRESENT_TYPE'),
(71, 2, 'UPDATE_REQUEST_BORROW'),
(72, 2, 'UPDATE_REQUEST_SERVICE'),
(73, 2, 'UPDATE_ROOM'),
(74, 2, 'UPDATE_SEMESTER'),
(75, 2, 'UPDATE_SERVICE_TYPE'),
(76, 2, 'UPDATE_SERVICE_TYPE)ITEM'),
(32, 2, 'UPDATE_USER'),
(77, 2, 'VIEW_ALL_REQUEST_BOOKING'),
(78, 2, 'VIEW_ALL_REQUEST_BORROW'),
(79, 2, 'VIEW_ALL_REQUEST_SERVICE'),
(80, 2, 'VIEW_DEPARTMENT'),
(81, 2, 'VIEW_EQUIPMENT'),
(82, 2, 'VIEW_EQUIPMENT_TYPE'),
(83, 2, 'VIEW_POSITION'),
(84, 2, 'VIEW_PRESENT_TYPE'),
(85, 2, 'VIEW_REQUEST_BOOKING'),
(86, 2, 'VIEW_REQUEST_BORROW'),
(87, 2, 'VIEW_REQUEST_SERVICE'),
(88, 2, 'VIEW_ROOM'),
(89, 2, 'VIEW_SEMESTER'),
(90, 2, 'VIEW_SERVICE_TYPE'),
(91, 2, 'VIEW_SERVICE_TYPE_ITEM'),
(35, 2, 'VIEW_USER'),
(101, 3, 'CHECK_STATUS_REQUEST_BOOKING'),
(99, 3, 'CREATE_REQUEST_BOOKING'),
(94, 3, 'CREATE_REQUEST_SERVICE'),
(95, 3, 'VIEW_REQUEST_BOOKING'),
(97, 3, 'VIEW_REQUEST_SERVICE'),
(217, 4, 'APPROVE_BORROW'),
(106, 4, 'CHECK_STATUS_REQUEST_BOOKING'),
(107, 4, 'CHECK_STATUS_REQUEST_BORROW'),
(108, 4, 'CREATE_REQUEST_BOOKING'),
(109, 4, 'CREATE_REQUEST_BORROW'),
(110, 4, 'CREATE_REQUEST_SERVICE'),
(111, 4, 'DELETE_REQUEST_BOOKING'),
(112, 4, 'DELETE_REQUEST_SERVICE'),
(113, 4, 'EDIT_REQUEST_BOOKING'),
(121, 4, 'UPDATE_REQUEST_BORROW'),
(114, 4, 'UPDATE_REQUEST_SERVICE'),
(115, 4, 'VIEW_ALL_REQUEST_BOOKING'),
(116, 4, 'VIEW_ALL_REQUEST_BORROW'),
(117, 4, 'VIEW_ALL_REQUEST_SERVICE'),
(118, 4, 'VIEW_REQUEST_BOOKING'),
(119, 4, 'VIEW_REQUEST_BORROW'),
(120, 4, 'VIEW_REQUEST_SERVICE'),
(218, 5, 'APPROVE_BORROW'),
(122, 5, 'CHECK_STATUS_REQUEST_BOOKING'),
(123, 5, 'CHECK_STATUS_REQUEST_BORROW'),
(124, 5, 'CONFIRM_USER'),
(125, 5, 'CREATE_DEPARTMENT'),
(126, 5, 'CREATE_EQUIPMENT'),
(127, 5, 'CREATE_EQUIPMENT_TYPE'),
(128, 5, 'CREATE_GALLERY'),
(129, 5, 'CREATE_LINK'),
(130, 5, 'CREATE_NEWS'),
(131, 5, 'CREATE_POSITION'),
(132, 5, 'CREATE_PRESEN_TYPE'),
(133, 5, 'CREATE_REQUEST_BOOKING'),
(134, 5, 'CREATE_REQUEST_BORROW'),
(135, 5, 'CREATE_REQUEST_SERVICE'),
(136, 5, 'CREATE_ROLE'),
(137, 5, 'CREATE_ROOM'),
(138, 5, 'CREATE_SEMESTER'),
(139, 5, 'CREATE_SERVICE_TYPE'),
(140, 5, 'CREATE_SERVICE_TYPE_ITEM'),
(141, 5, 'CREATE_SOCIAL_MEDIA'),
(142, 5, 'CREATE_USER'),
(143, 5, 'DELETE_DEPARTMENT'),
(144, 5, 'DELETE_EQUIPMENT'),
(145, 5, 'DELETE_EQUIPMENT_TYPE'),
(146, 5, 'DELETE_GALLERY'),
(147, 5, 'DELETE_LINK'),
(148, 5, 'DELETE_NEWS'),
(149, 5, 'DELETE_POSITION'),
(150, 5, 'DELETE_PRESENT_TYPE'),
(151, 5, 'DELETE_REQUEST_BOOKING'),
(152, 5, 'DELETE_REQUEST_BORROW'),
(153, 5, 'DELETE_REQUEST_SERVICE'),
(154, 5, 'DELETE_ROLE'),
(155, 5, 'DELETE_ROOM'),
(156, 5, 'DELETE_SEMESTER'),
(157, 5, 'DELETE_SERVICE_TYPE'),
(158, 5, 'DELETE_SERVICE_TYPE_ITEM'),
(159, 5, 'DELETE_SOCIAL_MEDIA'),
(160, 5, 'DELETE_USER'),
(161, 5, 'EDIT_REQUEST_BOOKING'),
(162, 5, 'UPDATE_DEPARTMENT'),
(163, 5, 'UPDATE_EQUIPMENT'),
(164, 5, 'UPDATE_EQUIPMENT_TYPE'),
(165, 5, 'UPDATE_GALLERY'),
(166, 5, 'UPDATE_LINK'),
(167, 5, 'UPDATE_NEWS'),
(168, 5, 'UPDATE_POSITION'),
(169, 5, 'UPDATE_PRESENT_TYPE'),
(170, 5, 'UPDATE_REQUEST_BORROW'),
(171, 5, 'UPDATE_REQUEST_SERVICE'),
(172, 5, 'UPDATE_ROLE'),
(173, 5, 'UPDATE_ROOM'),
(174, 5, 'UPDATE_SEMESTER'),
(175, 5, 'UPDATE_SERVICE_TYPE'),
(176, 5, 'UPDATE_SERVICE_TYPE)ITEM'),
(177, 5, 'UPDATE_SOCIAL_MEDIA'),
(178, 5, 'UPDATE_USER'),
(199, 5, 'VIEW_ALL_REQUEST_BOOKING'),
(179, 5, 'VIEW_ALL_REQUEST_BORROW'),
(180, 5, 'VIEW_ALL_REQUEST_SERVICE'),
(181, 5, 'VIEW_DEPARTMENT'),
(182, 5, 'VIEW_EQUIPMENT'),
(183, 5, 'VIEW_EQUIPMENT_TYPE'),
(184, 5, 'VIEW_GALLERY'),
(185, 5, 'VIEW_LINK'),
(186, 5, 'VIEW_NEWS'),
(187, 5, 'VIEW_POSITION'),
(188, 5, 'VIEW_PRESENT_TYPE'),
(189, 5, 'VIEW_REQUEST_BOOKING'),
(190, 5, 'VIEW_REQUEST_BORROW'),
(191, 5, 'VIEW_REQUEST_SERVICE'),
(192, 5, 'VIEW_ROLE'),
(193, 5, 'VIEW_ROOM'),
(194, 5, 'VIEW_SEMESTER'),
(195, 5, 'VIEW_SERVICE_TYPE'),
(196, 5, 'VIEW_SERVICE_TYPE_ITEM'),
(197, 5, 'VIEW_SOCIAL_MEDIA'),
(198, 5, 'VIEW_USER'),
(200, 6, 'CHECK_STATUS_REQUEST_BOOKING'),
(201, 6, 'CHECK_STATUS_REQUEST_BORROW'),
(202, 6, 'CREATE_REQUEST_BOOKING'),
(203, 6, 'CREATE_REQUEST_BORROW'),
(204, 6, 'CREATE_REQUEST_SERVICE'),
(205, 6, 'DELETE_REQUEST_BOOKING'),
(206, 6, 'DELETE_REQUEST_BORROW'),
(207, 6, 'DELETE_REQUEST_SERVICE'),
(208, 6, 'EDIT_REQUEST_BOOKING'),
(209, 6, 'UPDATE_REQUEST_BORROW'),
(210, 6, 'UPDATE_REQUEST_SERVICE'),
(211, 6, 'VIEW_ALL_REQUEST_BOOKING'),
(212, 6, 'VIEW_ALL_REQUEST_BORROW'),
(213, 6, 'VIEW_ALL_REQUEST_SERVICE'),
(214, 6, 'VIEW_REQUEST_BOOKING'),
(215, 6, 'VIEW_REQUEST_BORROW'),
(216, 6, 'VIEW_REQUEST_SERVICE');

-- --------------------------------------------------------

--
-- Table structure for table `room`
--

CREATE TABLE IF NOT EXISTS `room` (
`id` int(11) NOT NULL,
  `room_group_id` int(11) NOT NULL,
  `room_code` varchar(255) NOT NULL,
  `name` varchar(255) NOT NULL,
  `description` text NOT NULL
) ENGINE=InnoDB  DEFAULT CHARSET=utf8 AUTO_INCREMENT=5315 ;

--
-- Dumping data for table `room`
--

INSERT INTO `room` (`id`, `room_group_id`, `room_code`, `name`, `description`) VALUES
(-1, 1, '-1', '-', '-'),
(1, 2, '1', 'Ground Floor', 'Ground Floor'),
(2, 2, '2', 'SPF(Taweewattana I)', 'SPF(Taweewattana I)'),
(3, 2, '3', 'SPF(Taweewattana II)', 'SPF(Taweewattana II)'),
(4, 2, '4', 'SPF(Narapirom)', 'SPF(Narapirom)'),
(5, 2, '5', 'SPF(Mahaswasdee I)', 'SPF(Mahaswasdee I)'),
(6, 2, '6', 'SPF(Mahaswasdee II)', 'SPF(Mahaswasdee II)'),
(7, 4, '7', 'Ed Teach. Office', 'Ed Teach. Office'),
(1108, 1, '1108', '1108 (Lab Food.)', '1108 (Lab Food.)'),
(1210, 2, '1210', '1210 (Seminar)', '1210 (Seminar)'),
(1214, 2, '1214', '1214(Dean)', '1214(Dean)'),
(1302, 1, '1302', '1302', '1302'),
(1303, 1, '1303', '1303', '1303'),
(1304, 1, '1304', '1304', '1304'),
(1305, 1, '1305', '1305', '1305'),
(1306, 1, '1306', '1306', '1306'),
(1307, 1, '1307', '1307', '1307'),
(1308, 1, '1308', '1308', '1308'),
(1309, 1, '1309', '1309 (Math Clinic)', '1309 (Math Clinic)'),
(1312, 1, '1312', '1312 (FFA)', '1312 (FFA)'),
(1314, 1, '1314', '1314', '1314'),
(1315, 1, '1315', '1315', '1315'),
(1318, 2, '1318', '1318 (Audi)', '1318 (Audi)'),
(1402, 1, '1402', '1402', '1402'),
(1403, 1, '1403', '1403', '1403'),
(1404, 1, '1404', '1404', '1404'),
(1405, 1, '1405', '1405', '1405'),
(1406, 1, '1406', '1406', '1406'),
(1407, 1, '1407', '1407', '1407'),
(1408, 1, '1408', '1408', '1408'),
(1417, 1, '1417', '1417', '1417'),
(1418, 1, '1418', '1418', '1418'),
(1419, 1, '1419', '1419', '1419'),
(1502, 1, '1502', '1502', '1502'),
(1503, 1, '1503', '1503', '1503'),
(1504, 1, '1504', '1504', '1504'),
(1506, 1, '1506', '1506 (Lab Sci.)', '1506 (Lab Sci.)'),
(2207, 2, '2207', '2207 (BBA)', '2207 (BBA)'),
(2302, 1, '2302', '2302', '2302'),
(2303, 1, '2303', '2303', '2303'),
(2306, 1, '2306', '2306', '2306'),
(2307, 1, '2307', '2307', '2307'),
(2308, 1, '2308', '2308', '2308'),
(3302, 1, '3302', '3302', '3302'),
(3303, 1, '3303', '3303', '3303'),
(3304, 1, '3304', '3304', '3304'),
(3305, 1, '3305', '3305', '3305'),
(3306, 1, '3306', '3306', '3306'),
(3307, 1, '3307', '3307 (FFA)', '3307 (FFA)'),
(3315, 1, '3315', '3315', '3315'),
(3316, 1, '3316', '3316', '3316'),
(3317, 1, '3317', '3317', '3317'),
(3407, 1, '3407', '3407', '3407'),
(3408, 1, '3408', '3408', '3408'),
(3409, 1, '3409', '3409', '3409'),
(3410, 1, '3410', '3410', '3410'),
(3411, 1, '3411', '3411', '3411'),
(3412, 1, '3412', '3412', '3412'),
(3414, 2, '3414', '3414 (Meeting)', '3414 (Meeting)'),
(3415, 2, '3415', '3415 (Meeting)', '3415 (Meeting)'),
(3420, 1, '3420', '3420', '3420'),
(3421, 1, '3421', '3421', '3421'),
(3422, 1, '3422', '3422', '3422'),
(3508, 1, '3508', '3508 (Lab Sci.)', '3508 (Lab Sci.)'),
(5207, 1, '5207', '5207', '5207'),
(5208, 1, '5208', '5208', '5208'),
(5209, 1, '5209', '5209', '5209'),
(5210, 1, '5210', '5210', '5210'),
(5211, 1, '5211', '5211', '5211'),
(5212, 1, '5212', '5212', '5212'),
(5301, 1, '5301', '5301', '5301'),
(5307, 1, '5307', '5307', '5307'),
(5308, 1, '5308', '5308', '5308'),
(5309, 1, '5309', '5309', '5309'),
(5310, 1, '5310', '5310', '5310'),
(5311, 1, '5311', '5311', '5311'),
(5312, 1, '5312', '5312', '5312'),
(5313, 1, '5313', '5313', '5313'),
(5314, 4, 'P325', 'FAA Division', 'FAA Division');

-- --------------------------------------------------------

--
-- Table structure for table `room_equipment`
--

CREATE TABLE IF NOT EXISTS `room_equipment` (
`id` int(11) NOT NULL,
  `room_id` int(11) NOT NULL,
  `equipment_id` int(11) NOT NULL
) ENGINE=InnoDB DEFAULT CHARSET=utf8 AUTO_INCREMENT=1 ;

-- --------------------------------------------------------

--
-- Table structure for table `room_group`
--

CREATE TABLE IF NOT EXISTS `room_group` (
`id` int(11) NOT NULL,
  `name` varchar(255) NOT NULL,
  `description` text NOT NULL
) ENGINE=InnoDB  DEFAULT CHARSET=utf8 AUTO_INCREMENT=5 ;

--
-- Dumping data for table `room_group`
--

INSERT INTO `room_group` (`id`, `name`, `description`) VALUES
(1, 'Class Room', ''),
(2, 'Meeting Room', ''),
(3, 'Activity Floor', 'Activity Floor'),
(4, 'Ed Tech. Office', 'Ed Tech. Office');

-- --------------------------------------------------------

--
-- Table structure for table `room_staff`
--

CREATE TABLE IF NOT EXISTS `room_staff` (
`id` int(11) NOT NULL,
  `room_id` int(11) NOT NULL,
  `staff_id` int(11) NOT NULL
) ENGINE=InnoDB  DEFAULT CHARSET=utf8 AUTO_INCREMENT=33 ;

--
-- Dumping data for table `room_staff`
--

INSERT INTO `room_staff` (`id`, `room_id`, `staff_id`) VALUES
(28, 1, 2),
(12, 1, 13),
(13, 3, 13),
(14, 4, 13),
(15, 6, 13),
(16, 1108, 13),
(32, 1108, 158),
(17, 1214, 13),
(29, 1302, 2),
(18, 1304, 13),
(19, 1307, 13),
(20, 1309, 13),
(21, 1312, 13),
(22, 1315, 13),
(23, 1318, 13),
(24, 1404, 13);

-- --------------------------------------------------------

--
-- Table structure for table `room_type`
--

CREATE TABLE IF NOT EXISTS `room_type` (
`id` int(11) NOT NULL,
  `name` varchar(255) NOT NULL,
  `description` text NOT NULL
) ENGINE=InnoDB  DEFAULT CHARSET=utf8 AUTO_INCREMENT=5 ;

--
-- Dumping data for table `room_type`
--

INSERT INTO `room_type` (`id`, `name`, `description`) VALUES
(1, 'Classroom', ''),
(2, 'Conference', ''),
(3, 'Without MUIC', ''),
(4, 'Other', '');

-- --------------------------------------------------------

--
-- Table structure for table `semester`
--

CREATE TABLE IF NOT EXISTS `semester` (
`id` int(11) NOT NULL,
  `academic_year` int(11) NOT NULL,
  `semester_number` int(11) NOT NULL,
  `name` varchar(255) NOT NULL,
  `description` varchar(255) NOT NULL,
  `start_date` date NOT NULL,
  `end_date` date NOT NULL,
  `status` varchar(50) NOT NULL
) ENGINE=InnoDB  DEFAULT CHARSET=utf8 AUTO_INCREMENT=9 ;

--
-- Dumping data for table `semester`
--

INSERT INTO `semester` (`id`, `academic_year`, `semester_number`, `name`, `description`, `start_date`, `end_date`, `status`) VALUES
(1, 2555, 2, '2 / 2555', '', '2012-11-05', '2013-03-15', 'ACTIVE'),
(2, 2555, 3, '3 / 2555', '', '2013-03-18', '2013-05-17', 'ACTIVE'),
(3, 2556, 1, '1 / 2556', '', '2013-05-20', '2013-09-27', 'ACTIVE'),
(4, 2013, 1, 'Trimester 1', 'Academic Year: 2013-2014', '2013-09-16', '2013-12-07', ''),
(5, 2013, 2, 'Trimester 2', 'Trimester 2', '2014-01-20', '2014-04-12', ''),
(6, 2013, 3, 'Trimester 3', 'Trimester 3', '2014-04-28', '2014-07-12', ''),
(7, 2014, 1, 'First_14-15', 'First Trimester_14-15', '2014-09-15', '2014-12-31', ''),
(8, 2014, 2, 'Second_14-15', 'Second Trimester_14-15 ', '2015-01-05', '2015-03-29', '');

-- --------------------------------------------------------

--
-- Table structure for table `social_media`
--

CREATE TABLE IF NOT EXISTS `social_media` (
`id` int(11) NOT NULL,
  `name` varchar(255) NOT NULL,
  `description` text NOT NULL,
  `url` varchar(255) NOT NULL
) ENGINE=InnoDB  DEFAULT CHARSET=utf8 AUTO_INCREMENT=2 ;

--
-- Dumping data for table `social_media`
--

INSERT INTO `social_media` (`id`, `name`, `description`, `url`) VALUES
(1, 'facebook', 'dfdfadsf', 'http://www.facebook.com');

-- --------------------------------------------------------

--
-- Table structure for table `status`
--

CREATE TABLE IF NOT EXISTS `status` (
  `status_code` varchar(255) NOT NULL,
  `status_group_id` varchar(255) NOT NULL,
  `name` varchar(255) NOT NULL,
  `description` text NOT NULL,
  `active` varchar(1) NOT NULL
) ENGINE=InnoDB DEFAULT CHARSET=utf8;

--
-- Dumping data for table `status`
--

INSERT INTO `status` (`status_code`, `status_group_id`, `name`, `description`, `active`) VALUES
('ACTIVE', 'USER_LOGIN_STATUS', 'Active', '', 'Y'),
('INACTIVE', 'USER_LOGIN_STATUS', 'Inactive', '', 'Y'),
('PERIOD_ACTIVE', 'PERIOD_STATUS', 'Active', '', 'Y'),
('PERIOD_GROUP_ACTIVE', 'PERIOD_GROUP_STATUS', 'Active', '', 'Y'),
('PERIOD_GROUP_INACTIVE', 'PERIOD_GROUP_STATUS', 'Inactive', '', 'Y'),
('PERIOD_INACTIVE', 'PERIOD_STATUS', 'Inactive', '', 'Y'),
('REQUEST_APPROVE', 'REQUEST_STATUS', 'Approve', '', 'Y'),
('REQUEST_BORROW_APPROVED', 'REQUEST_BORROW_STATUS', 'Approved', '', 'Y'),
('REQUEST_BORROW_APPROVE_1', 'REQUEST_BORROW_STATUS', 'Approve1', '', 'N'),
('REQUEST_BORROW_CANCELLED', 'REQUEST_BORROW_STATUS', 'Cancelled', '', 'Y'),
('REQUEST_BORROW_COMPLETED', 'REQUEST_BORROW_STATUS', 'Returned', '', 'Y'),
('REQUEST_BORROW_WAIT_FOR_APPROVE', 'REQUEST_BORROW_STATUS', 'Wait For Approve', '', 'Y'),
('REQUEST_CANCEL', 'REQUEST_STATUS', 'Cancel', '', 'Y'),
('REQUEST_COMPLETED', 'REQUEST_STATUS', 'Completed', '', 'Y'),
('REQUEST_ISERVICE_APPROVE', 'REQUEST_ISERVICE_STATUS', 'Approved', ' ', 'Y'),
('REQUEST_ISERVICE_CANCEL', 'REQUEST_ISERVICE_STATUS', 'Cancel', ' ', 'Y'),
('REQUEST_ISERVICE_COMPLETED', 'REQUEST_ISERVICE_STATUS', 'Completed', ' ', 'Y'),
('REQUEST_ISERVICE_PROCESSING', 'REQUEST_ISERVICE_STATUS', 'Processing', '', 'Y'),
('REQUEST_ISERVICE_WAIT_APPROVE', 'REQUEST_ISERVICE_STATUS', 'Wait for approve', ' ', 'Y'),
('REQUEST_SKYDATA_WAIT_APPROVE', 'SKY_INTERFACE_STATUS', '-', '-', 'Y'),
('REQUEST_WAIT_APPROVE', 'REQUEST_STATUS', 'Wait for approve', '', 'Y'),
('R_B_NEW_CANCELLED', 'REQUEST_BORROW_STATUS_NEW', 'Cancel', '', 'A'),
('R_B_NEW_DISAPPROVE', 'REQUEST_BORROW_STATUS_NEW', 'Disaprove', '', 'Y'),
('R_B_NEW_PREPARE', 'REQUEST_BORROW_STATUS_NEW', 'Preparing', '', 'Y'),
('R_B_NEW_READY', 'REQUEST_BORROW_STATUS_NEW', 'Ready', '', 'Y'),
('R_B_NEW_READY_MISSING', 'REQUEST_BORROW_STATUS_NEW', 'Ready but missing', '', 'Y'),
('R_B_NEW_RETURNED', 'REQUEST_BORROW_STATUS_NEW', 'Returned', '', ''),
('R_B_NEW_RETURNED_MISSING', 'REQUEST_BORROW_STATUS_NEW', 'Return but missing', '', 'Y'),
('R_B_NEW_WAIT_APPROVE_1', 'REQUEST_BORROW_STATUS_NEW', 'Waiting Approve 1', '', 'Y'),
('R_B_NEW_WAIT_APPROVE_2', 'REQUEST_BORROW_STATUS_NEW', 'Waiting Approve 2', '', 'Y');

-- --------------------------------------------------------

--
-- Table structure for table `status_group`
--

CREATE TABLE IF NOT EXISTS `status_group` (
  `id` varchar(255) NOT NULL,
  `name` varchar(255) NOT NULL,
  `description` text NOT NULL,
  `active` varchar(1) NOT NULL
) ENGINE=InnoDB DEFAULT CHARSET=utf8;

--
-- Dumping data for table `status_group`
--

INSERT INTO `status_group` (`id`, `name`, `description`, `active`) VALUES
('PERIOD_GROUP_STATUS', 'Period Group Status', '', 'Y'),
('PERIOD_STATUS', 'Period Status', '', 'Y'),
('REQUEST_BORROW_STATUS', 'Request Borrow Status', '', 'Y'),
('REQUEST_BORROW_STATUS_NEW', 'Request Borrow Status', '', 'Y'),
('REQUEST_ISERVICE_STATUS', 'Request IService Status', '', 'Y'),
('REQUEST_STATUS', 'Request Status', '', 'Y'),
('SKY_INTERFACE_STATUS', 'Interface with sky status', '', 'Y'),
('USER_LOGIN_STATUS', 'User Login Status', '', 'Y');

-- --------------------------------------------------------

--
-- Table structure for table `subject`
--

CREATE TABLE IF NOT EXISTS `subject` (
`id` int(11) NOT NULL,
  `subj_code` varchar(255) DEFAULT NULL,
  `sbj_name` varchar(255) DEFAULT NULL,
  `teacher_user_id` int(11) NOT NULL
) ENGINE=MyISAM  DEFAULT CHARSET=utf8 AUTO_INCREMENT=7 ;

--
-- Dumping data for table `subject`
--

INSERT INTO `subject` (`id`, `subj_code`, `sbj_name`, `teacher_user_id`) VALUES
(5, 'ICTV101', 'TV Production Techiques', 241),
(6, 'ICFM498', 'Film Production Final Project', 242);

-- --------------------------------------------------------

--
-- Table structure for table `tb_email_forapprove`
--

CREATE TABLE IF NOT EXISTS `tb_email_forapprove` (
  `id` int(11) NOT NULL,
  `email` varchar(100) CHARACTER SET utf8 NOT NULL,
  `status_code` varchar(100) CHARACTER SET utf8 NOT NULL
) ENGINE=InnoDB DEFAULT CHARSET=latin1;

--
-- Dumping data for table `tb_email_forapprove`
--

INSERT INTO `tb_email_forapprove` (`id`, `email`, `status_code`) VALUES
(1, 'chayanonp@gmail.com', 'REQUEST_BORROW_APPROVE_1');

-- --------------------------------------------------------

--
-- Table structure for table `tb_holiday`
--

CREATE TABLE IF NOT EXISTS `tb_holiday` (
  `id` int(11) NOT NULL,
  `holiday_date` date NOT NULL,
  `holiday_desc` varchar(255) NOT NULL
) ENGINE=MyISAM DEFAULT CHARSET=latin1;

--
-- Dumping data for table `tb_holiday`
--

INSERT INTO `tb_holiday` (`id`, `holiday_date`, `holiday_desc`) VALUES
(1, '2014-10-23', 'Chulalongkorn Day'),
(2, '2014-12-10', 'Constitution Day'),
(3, '2014-12-25', 'Christmas Day'),
(4, '2014-12-31', 'New Year’s Eve'),
(5, '2015-01-01', 'New Year’s Day'),
(6, '2015-03-04', 'Makha Bucha Day'),
(7, '2015-04-06', 'Chakri Memorial Day'),
(8, '2015-04-13', 'Songkran Festival Day'),
(9, '2015-04-14', 'Songkran Festival Day'),
(10, '2015-04-15', 'Songkran Festival Day'),
(11, '2015-05-05', 'Coronation Day'),
(12, '2015-05-13', 'Royal Ploughing Ceremony Day'),
(13, '2015-06-01', 'Visakha Bucha Day'),
(14, '2015-07-30', 'Asarnha Bucha Day'),
(15, '2015-07-31', 'Buddhist Lent Day'),
(16, '2015-08-12', 'H.M. the Queen’s Birthday');

-- --------------------------------------------------------

--
-- Table structure for table `tb_setting`
--

CREATE TABLE IF NOT EXISTS `tb_setting` (
  `id` int(11) NOT NULL,
  `print_format` varchar(45) DEFAULT '0' COMMENT '0=NORMAL,1=THEMAL',
  `returnLatePricePerDay` int(11) DEFAULT '500',
  `borrow_doc_prefix` varchar(45) DEFAULT NULL
) ENGINE=MyISAM DEFAULT CHARSET=utf8;

--
-- Dumping data for table `tb_setting`
--

INSERT INTO `tb_setting` (`id`, `print_format`, `returnLatePricePerDay`, `borrow_doc_prefix`) VALUES
(1, '0', 500, NULL);

-- --------------------------------------------------------

--
-- Table structure for table `tb_sky_notification`
--

CREATE TABLE IF NOT EXISTS `tb_sky_notification` (
`id` int(11) NOT NULL,
  `request_type` varchar(45) DEFAULT NULL,
  `request_key` varchar(45) DEFAULT NULL,
  `data` varchar(45) DEFAULT NULL,
  `create_date` datetime DEFAULT NULL,
  `status` int(11) DEFAULT '0'
) ENGINE=MyISAM  DEFAULT CHARSET=utf8 AUTO_INCREMENT=10 ;

--
-- Dumping data for table `tb_sky_notification`
--

INSERT INTO `tb_sky_notification` (`id`, `request_type`, `request_key`, `data`, `create_date`, `status`) VALUES
(5, 'REQUEST_KEY_PUSH', '121212', '', '2014-07-18 08:39:55', 1),
(6, 'REQUEST_KEY_PUSH', '437d2b611411d9942123a848d1ee11ecb6a70e', 'true', '2014-07-18 08:41:44', 1),
(7, 'REQUEST_KEY_PUSH', '437d2b611411d9942123a848d1ee11ecb6a70e', 'true', '2014-08-11 10:29:06', 1),
(8, 'REQUEST_KEY_PUSH', '437d2b611411d9942123a848d1ee11ecb6a70e', 'true', '2014-08-11 10:38:14', 1),
(9, 'REQUEST_KEY_PUSH', '121212', '', '2014-11-17 10:43:39', 1);

-- --------------------------------------------------------

--
-- Table structure for table `user_forget_password_request`
--

CREATE TABLE IF NOT EXISTS `user_forget_password_request` (
`id` int(11) NOT NULL,
  `user_login_id` int(11) NOT NULL,
  `key` varchar(255) NOT NULL,
  `request_date` datetime NOT NULL,
  `status` varchar(5) DEFAULT NULL
) ENGINE=InnoDB DEFAULT CHARSET=utf8 AUTO_INCREMENT=1 ;

-- --------------------------------------------------------

--
-- Table structure for table `user_information`
--

CREATE TABLE IF NOT EXISTS `user_information` (
`id` int(11) NOT NULL COMMENT 'รหัส',
  `personal_card_id` varchar(13) NOT NULL COMMENT 'เลขประจำตัวประชาชน',
  `personal_title` varchar(255) NOT NULL COMMENT 'คำนำหน้า',
  `first_name` varchar(255) NOT NULL COMMENT 'ชื่อ',
  `last_name` varchar(255) NOT NULL COMMENT 'นามสกุล',
  `gender` varchar(5) NOT NULL COMMENT 'เพศ',
  `birth_date` date NOT NULL COMMENT 'วันเกิด',
  `address1` varchar(255) NOT NULL COMMENT 'ที่อยู่ 1',
  `address2` varchar(255) NOT NULL COMMENT 'ที่อยู่ 2',
  `sub_district` varchar(255) NOT NULL COMMENT 'ตำบล',
  `district` varchar(255) NOT NULL COMMENT 'อำเภอ',
  `province` varchar(255) NOT NULL COMMENT 'จังหวัด',
  `postal_code` varchar(5) NOT NULL COMMENT 'รหัสไปรษณีย์',
  `phone` varchar(50) NOT NULL COMMENT 'โทรศัพท์',
  `mobile` varchar(50) NOT NULL COMMENT 'โทรศัพท์มือถือ'
) ENGINE=InnoDB  DEFAULT CHARSET=utf8 AUTO_INCREMENT=1195 ;

--
-- Dumping data for table `user_information`
--

INSERT INTO `user_information` (`id`, `personal_card_id`, `personal_title`, `first_name`, `last_name`, `gender`, `birth_date`, `address1`, `address2`, `sub_district`, `district`, `province`, `postal_code`, `phone`, `mobile`) VALUES
(1, '1', '', 'admin', '', '', '0000-00-00', '', '', '', '', '', '', '', ''),
(158, '003', '', 'edtech3416', '', 'F', '0000-00-00', '', '', '', '', '', '', '', ''),
(183, '001', '', 'edtech3417', '', '', '0000-00-00', '', '', '', '', '', '', '', ''),
(185, '004', '', 'edtech3414', '', 'M', '0000-00-00', '', '', '', '', '', '', '', ''),
(198, '0015', '', 'kroonaka', '', 'M', '0000-00-00', 'MUIC', '', '', '', '', '', '', ''),
(224, '224', '', 'Chayanon', 'Poonthong', '', '0000-00-00', '', '', '', '', '', '', '', ''),
(240, '240', '', 'thammachart', 'kan', '', '0000-00-00', '', '', '', '', '', '', '', ''),
(241, '241', '', 'pawit1357', '', '', '0000-00-00', '', '', '', '', '', '', '', ''),
(242, '242', '', 'pawit.v', '', '', '0000-00-00', '', '', '', '', '', '', '', ''),
(244, '244', '', 'Phunnipa', '', 'F', '0000-00-00', '', '', '', '', '', '', '', ''),
(251, '251', 'Mr', 'Norachai', 'Nanthakij', 'M', '0000-00-00', 'FAA', '', '', '', '', '', '', ''),
(253, '253', 'Mr', 'Bryan', 'Ott', 'M', '0000-00-00', 'FAA', '', '', '', '', '', '', ''),
(254, '1113', 'Mr', 'Pongsatorn', 'Kaewmesri', 'M', '0000-00-00', '', '', '', '', '', '', '', ''),
(255, '255', 'Ms', 'Supitcha', 'Nukkong', 'F', '0000-00-00', '', '', '', '', '', '', '', ''),
(256, '256', 'Mr', 'Thanapat', 'Threerapabtatree', 'M', '0000-00-00', '', '', '', '', '', '', '', ''),
(259, '1116', 'Ms', 'Varunee', 'Raudsook', 'F', '0000-00-00', '', '', '', '', '', '', '', ''),
(273, '11323232', '', 'ปวิช-', 'แซ่อึ้ง', '', '0000-00-00', '47/585', '', '', '', 'Bangkok - กรุงเทพ', '10210', '', ''),
(872, '872', '', 'Arachapat', '', '', '0000-00-00', '', '', '', '', '', '', '', ''),
(873, '873', '', 'Yanisa', '', '', '0000-00-00', '', '', '', '', '', '', '', ''),
(874, '874', '', 'Arpaporn', '', '', '0000-00-00', '', '', '', '', '', '', '', ''),
(875, '875', '', 'Siradhanai', '', '', '0000-00-00', '', '', '', '', '', '', '', ''),
(876, '876', '', 'Buddhijit', '', '', '0000-00-00', '', '', '', '', '', '', '', ''),
(877, '877', '', 'Sopita', '', '', '0000-00-00', '', '', '', '', '', '', '', ''),
(878, '878', '', 'Chanon', '', '', '0000-00-00', '', '', '', '', '', '', '', ''),
(879, '879', '', 'Thanaporn', '', '', '0000-00-00', '', '', '', '', '', '', '', ''),
(880, '880', '', 'Naphatsadol', '', '', '0000-00-00', '', '', '', '', '', '', '', ''),
(881, '881', '', 'Boworn', '', '', '0000-00-00', '', '', '', '', '', '', '', ''),
(882, '882', '', 'Narawadee', '', '', '0000-00-00', '', '', '', '', '', '', '', ''),
(883, '883', '', 'Natacha', '', '', '0000-00-00', '', '', '', '', '', '', '', ''),
(884, '884', '', 'Pasuree', '', '', '0000-00-00', '', '', '', '', '', '', '', ''),
(885, '885', '', 'Varisa', '', '', '0000-00-00', '', '', '', '', '', '', '', ''),
(886, '886', '', 'Wongsaran', '', '', '0000-00-00', '', '', '', '', '', '', '', ''),
(887, '887', '', 'Thitiporn', '', '', '0000-00-00', '', '', '', '', '', '', '', ''),
(888, '888', '', 'Suppharada', '', '', '0000-00-00', '', '', '', '', '', '', '', ''),
(889, '889', '', 'Achan', '', '', '0000-00-00', '', '', '', '', '', '', '', ''),
(890, '890', '', 'Pornpawee', '', '', '0000-00-00', '', '', '', '', '', '', '', ''),
(891, '891', '', 'Pimonkhae', '', '', '0000-00-00', '', '', '', '', '', '', '', ''),
(892, '892', '', 'Thithach', '', '', '0000-00-00', '', '', '', '', '', '', '', ''),
(893, '893', '', 'Punyawee', '', '', '0000-00-00', '', '', '', '', '', '', '', ''),
(894, '894', '', 'Pennapa', '', '', '0000-00-00', '', '', '', '', '', '', '', ''),
(895, '895', '', 'Bhawin', '', '', '0000-00-00', '', '', '', '', '', '', '', ''),
(896, '896', '', 'Nuthapat', '', '', '0000-00-00', '', '', '', '', '', '', '', ''),
(897, '897', '', 'Jantapa', '', '', '0000-00-00', '', '', '', '', '', '', '', ''),
(898, '898', '', 'Tiradhorn', '', '', '0000-00-00', '', '', '', '', '', '', '', ''),
(899, '899', '', 'Natthanon', '', '', '0000-00-00', '', '', '', '', '', '', '', ''),
(900, '900', '', 'Pasakorn', '', '', '0000-00-00', '', '', '', '', '', '', '', ''),
(901, '901', '', 'Viphurit', '', '', '0000-00-00', '', '', '', '', '', '', '', ''),
(902, '902', '', 'Suthida', '', '', '0000-00-00', '', '', '', '', '', '', '', ''),
(903, '903', '', 'Sun', '', '', '0000-00-00', '', '', '', '', '', '', '', ''),
(904, '904', '', 'Tem', '', '', '0000-00-00', '', '', '', '', '', '', '', ''),
(905, '905', '', 'Chanikarn', '', '', '0000-00-00', '', '', '', '', '', '', '', ''),
(906, '906', '', 'Worapat', '', '', '0000-00-00', '', '', '', '', '', '', '', ''),
(907, '907', '', 'Saravaree', '', '', '0000-00-00', '', '', '', '', '', '', '', ''),
(908, '908', '', 'Siprapa', '', '', '0000-00-00', '', '', '', '', '', '', '', ''),
(909, '909', '', 'Phurinpat', '', '', '0000-00-00', '', '', '', '', '', '', '', ''),
(910, '910', '', 'Supawan', '', '', '0000-00-00', '', '', '', '', '', '', '', ''),
(911, '911', '', 'Patit', '', '', '0000-00-00', '', '', '', '', '', '', '', ''),
(912, '912', '', 'Nutnicha', '', '', '0000-00-00', '', '', '', '', '', '', '', ''),
(913, '913', '', 'Napon', '', '', '0000-00-00', '', '', '', '', '', '', '', ''),
(914, '914', '', 'Sarun', '', '', '0000-00-00', '', '', '', '', '', '', '', ''),
(915, '915', '', 'Lanmita', '', '', '0000-00-00', '', '', '', '', '', '', '', ''),
(916, '916', '', 'Patiphan', '', '', '0000-00-00', '', '', '', '', '', '', '', ''),
(917, '917', '', 'Pakwan', '', '', '0000-00-00', '', '', '', '', '', '', '', ''),
(918, '918', '', 'Tossaporn', '', '', '0000-00-00', '', '', '', '', '', '', '', ''),
(919, '919', '', 'Chayanit', '', '', '0000-00-00', '', '', '', '', '', '', '', ''),
(920, '920', '', 'Emma Helena', '', '', '0000-00-00', '', '', '', '', '', '', '', ''),
(921, '921', '', 'Atiwich', '', '', '0000-00-00', '', '', '', '', '', '', '', ''),
(922, '922', '', 'Chanoknun', '', '', '0000-00-00', '', '', '', '', '', '', '', ''),
(923, '923', '', 'Prim', '', '', '0000-00-00', '', '', '', '', '', '', '', ''),
(924, '924', '', 'Kotchaporn', '', '', '0000-00-00', '', '', '', '', '', '', '', ''),
(925, '925', '', 'Changwoo', '', '', '0000-00-00', '', '', '', '', '', '', '', ''),
(926, '926', '', 'Apasnun', '', '', '0000-00-00', '', '', '', '', '', '', '', ''),
(927, '927', '', 'Tara', '', '', '0000-00-00', '', '', '', '', '', '', '', ''),
(928, '928', '', 'Pnid', '', '', '0000-00-00', '', '', '', '', '', '', '', ''),
(929, '929', '', 'Suweera', '', '', '0000-00-00', '', '', '', '', '', '', '', ''),
(930, '930', '', 'Sappaya', '', '', '0000-00-00', '', '', '', '', '', '', '', ''),
(931, '931', '', 'Natchakornlada', '', '', '0000-00-00', '', '', '', '', '', '', '', ''),
(932, '932', '', 'Warisara', '', '', '0000-00-00', '', '', '', '', '', '', '', ''),
(933, '933', '', 'Chompunute', '', '', '0000-00-00', '', '', '', '', '', '', '', ''),
(934, '934', '', 'Praewploy', '', '', '0000-00-00', '', '', '', '', '', '', '', ''),
(935, '935', '', 'Thidawadee', '', '', '0000-00-00', '', '', '', '', '', '', '', ''),
(936, '936', '', 'Napat', '', '', '0000-00-00', '', '', '', '', '', '', '', ''),
(937, '937', '', 'Posachet', '', '', '0000-00-00', '', '', '', '', '', '', '', ''),
(938, '938', '', 'Phadungsak', '', '', '0000-00-00', '', '', '', '', '', '', '', ''),
(939, '939', '', 'Karoon', '', '', '0000-00-00', '', '', '', '', '', '', '', ''),
(940, '940', '', 'Thatpol', '', '', '0000-00-00', '', '', '', '', '', '', '', ''),
(941, '941', '', 'Chissanucha', '', '', '0000-00-00', '', '', '', '', '', '', '', ''),
(942, '942', '', 'Warinee', '', '', '0000-00-00', '', '', '', '', '', '', '', ''),
(943, '943', '', 'Anon', '', '', '0000-00-00', '', '', '', '', '', '', '', ''),
(944, '944', '', 'Achiraya', '', '', '0000-00-00', '', '', '', '', '', '', '', ''),
(945, '945', '', 'Kanyamanee', '', '', '0000-00-00', '', '', '', '', '', '', '', ''),
(946, '946', '', 'Chanikarn', '', '', '0000-00-00', '', '', '', '', '', '', '', ''),
(947, '947', '', 'Wasu', '', '', '0000-00-00', '', '', '', '', '', '', '', ''),
(948, '948', '', 'Chatsita', '', '', '0000-00-00', '', '', '', '', '', '', '', ''),
(949, '949', '', 'Tanisja', '', '', '0000-00-00', '', '', '', '', '', '', '', ''),
(950, '950', '', 'Nutthapong', '', '', '0000-00-00', '', '', '', '', '', '', '', ''),
(951, '951', '', 'Pujcha', '', '', '0000-00-00', '', '', '', '', '', '', '', ''),
(952, '952', '', 'Chaipitch', '', '', '0000-00-00', '', '', '', '', '', '', '', ''),
(953, '953', '', 'Chidchanok', '', '', '0000-00-00', '', '', '', '', '', '', '', ''),
(954, '954', '', 'Sutchaya', '', '', '0000-00-00', '', '', '', '', '', '', '', ''),
(955, '955', '', 'Benjarat', '', '', '0000-00-00', '', '', '', '', '', '', '', ''),
(956, '956', '', 'Nisachol', '', '', '0000-00-00', '', '', '', '', '', '', '', ''),
(957, '957', '', 'Phantira', '', '', '0000-00-00', '', '', '', '', '', '', '', ''),
(958, '958', '', 'Waratt', '', '', '0000-00-00', '', '', '', '', '', '', '', ''),
(959, '959', '', 'Bancha', '', '', '0000-00-00', '', '', '', '', '', '', '', ''),
(960, '960', '', 'Chanunchida', '', '', '0000-00-00', '', '', '', '', '', '', '', ''),
(961, '961', '', 'Phonrawin', '', '', '0000-00-00', '', '', '', '', '', '', '', ''),
(962, '962', '', 'Thitiporn', '', '', '0000-00-00', '', '', '', '', '', '', '', ''),
(963, '963', '', 'Chanon', '', '', '0000-00-00', '', '', '', '', '', '', '', ''),
(964, '964', '', 'Gorrawiya', '', '', '0000-00-00', '', '', '', '', '', '', '', ''),
(965, '965', '', 'Thanyachatchanok', '', '', '0000-00-00', '', '', '', '', '', '', '', ''),
(966, '966', '', 'Milan', '', '', '0000-00-00', '', '', '', '', '', '', '', ''),
(967, '967', '', 'Sirilak', '', '', '0000-00-00', '', '', '', '', '', '', '', ''),
(968, '968', '', 'Chisanuphong', '', '', '0000-00-00', '', '', '', '', '', '', '', ''),
(969, '969', '', 'Jonah', '', '', '0000-00-00', '', '', '', '', '', '', '', ''),
(970, '970', '', 'Patchara', '', '', '0000-00-00', '', '', '', '', '', '', '', ''),
(971, '971', '', 'Munchuporn', '', '', '0000-00-00', '', '', '', '', '', '', '', ''),
(972, '972', '', 'Pornsinee', '', '', '0000-00-00', '', '', '', '', '', '', '', ''),
(973, '973', '', 'Jeerawat', '', '', '0000-00-00', '', '', '', '', '', '', '', ''),
(974, '974', '', 'Kanpisut', '', '', '0000-00-00', '', '', '', '', '', '', '', ''),
(975, '975', '', 'Nuttakit', '', '', '0000-00-00', '', '', '', '', '', '', '', ''),
(976, '976', '', 'Natnicha', '', '', '0000-00-00', '', '', '', '', '', '', '', ''),
(977, '977', '', 'Tawanwad', '', '', '0000-00-00', '', '', '', '', '', '', '', ''),
(978, '978', '', 'Rangsi', '', '', '0000-00-00', '', '', '', '', '', '', '', ''),
(979, '979', '', 'Wichuda', '', '', '0000-00-00', '', '', '', '', '', '', '', ''),
(980, '980', '', 'Chanunchida', '', '', '0000-00-00', '', '', '', '', '', '', '', ''),
(981, '981', '', 'Vichaphol', '', '', '0000-00-00', '', '', '', '', '', '', '', ''),
(982, '982', '', 'Parisada', '', '', '0000-00-00', '', '', '', '', '', '', '', ''),
(983, '983', '', 'Anchisa', '', '', '0000-00-00', '', '', '', '', '', '', '', ''),
(984, '984', '', 'Auayporn', '', '', '0000-00-00', '', '', '', '', '', '', '', ''),
(985, '985', '', 'Manchuli', '', '', '0000-00-00', '', '', '', '', '', '', '', ''),
(986, '986', '', 'Jarukrid', '', '', '0000-00-00', '', '', '', '', '', '', '', ''),
(987, '987', '', 'Kueakhwan', '', '', '0000-00-00', '', '', '', '', '', '', '', ''),
(988, '988', '', 'Tassaran', '', '', '0000-00-00', '', '', '', '', '', '', '', ''),
(989, '989', '', 'Nattanit', '', '', '0000-00-00', '', '', '', '', '', '', '', ''),
(990, '990', '', 'Nuannara', '', '', '0000-00-00', '', '', '', '', '', '', '', ''),
(991, '991', '', 'Ingrid', '', '', '0000-00-00', '', '', '', '', '', '', '', ''),
(992, '992', '', 'Chinanath', '', '', '0000-00-00', '', '', '', '', '', '', '', ''),
(993, '993', '', 'Punyisa', '', '', '0000-00-00', '', '', '', '', '', '', '', ''),
(994, '994', '', 'Runcharat', '', '', '0000-00-00', '', '', '', '', '', '', '', ''),
(995, '995', '', 'Tharaphorn', '', '', '0000-00-00', '', '', '', '', '', '', '', ''),
(996, '996', '', 'Tuwanon', '', '', '0000-00-00', '', '', '', '', '', '', '', ''),
(997, '997', '', 'Tanyatorn', '', '', '0000-00-00', '', '', '', '', '', '', '', ''),
(998, '998', '', 'Poj', '', '', '0000-00-00', '', '', '', '', '', '', '', ''),
(999, '999', '', 'Soradit', '', '', '0000-00-00', '', '', '', '', '', '', '', ''),
(1000, '1000', '', 'Vipada', '', '', '0000-00-00', '', '', '', '', '', '', '', ''),
(1001, '1001', '', 'Natthaporn', '', '', '0000-00-00', '', '', '', '', '', '', '', ''),
(1002, '1002', '', 'Sarin', '', '', '0000-00-00', '', '', '', '', '', '', '', ''),
(1003, '1003', '', 'T-Thawat', '', '', '0000-00-00', '', '', '', '', '', '', '', ''),
(1004, '1004', '', 'Pongkiti', '', '', '0000-00-00', '', '', '', '', '', '', '', ''),
(1005, '1005', '', 'Bharm', '', '', '0000-00-00', '', '', '', '', '', '', '', ''),
(1006, '1006', '', 'Natchalee', '', '', '0000-00-00', '', '', '', '', '', '', '', ''),
(1007, '1007', '', 'Yanin', '', '', '0000-00-00', '', '', '', '', '', '', '', ''),
(1008, '1008', '', 'Naphat', '', '', '0000-00-00', '', '', '', '', '', '', '', ''),
(1009, '1009', '', 'Nattawadee', '', '', '0000-00-00', '', '', '', '', '', '', '', ''),
(1010, '1010', '', 'Kattaka', '', '', '0000-00-00', '', '', '', '', '', '', '', ''),
(1011, '1011', '', 'Achawin', '', '', '0000-00-00', '', '', '', '', '', '', '', ''),
(1012, '1012', '', 'Pat', '', '', '0000-00-00', '', '', '', '', '', '', '', ''),
(1013, '1013', '', 'Saranrat', '', '', '0000-00-00', '', '', '', '', '', '', '', ''),
(1014, '1014', '', 'Jirayu', '', '', '0000-00-00', '', '', '', '', '', '', '', ''),
(1015, '1015', '', 'Intheera', '', '', '0000-00-00', '', '', '', '', '', '', '', ''),
(1016, '1016', '', 'Ateeta', '', '', '0000-00-00', '', '', '', '', '', '', '', ''),
(1017, '1017', '', 'Sanpetch', '', '', '0000-00-00', '', '', '', '', '', '', '', ''),
(1018, '1018', '', 'Kanokphan', '', '', '0000-00-00', '', '', '', '', '', '', '', ''),
(1019, '1019', '', 'Anna Linnea', '', '', '0000-00-00', '', '', '', '', '', '', '', ''),
(1020, '1020', '', 'Krongkaew', '', '', '0000-00-00', '', '', '', '', '', '', '', ''),
(1021, '1021', '', 'Thanyalax', '', '', '0000-00-00', '', '', '', '', '', '', '', ''),
(1022, '1022', '', 'Varunya', '', '', '0000-00-00', '', '', '', '', '', '', '', ''),
(1023, '1023', '', 'Arparsiri', '', '', '0000-00-00', '', '', '', '', '', '', '', ''),
(1024, '1024', '', 'HaeJi', '', '', '0000-00-00', '', '', '', '', '', '', '', ''),
(1025, '1025', '', 'Possavee', '', '', '0000-00-00', '', '', '', '', '', '', '', ''),
(1026, '1026', '', 'Peeranat', '', '', '0000-00-00', '', '', '', '', '', '', '', ''),
(1027, '1027', '', 'Lapassanan', '', '', '0000-00-00', '', '', '', '', '', '', '', ''),
(1028, '1028', '', 'Primvipa', '', '', '0000-00-00', '', '', '', '', '', '', '', ''),
(1029, '1029', '', 'Tananya', '', '', '0000-00-00', '', '', '', '', '', '', '', ''),
(1030, '1030', '', 'Francesco', '', '', '0000-00-00', '', '', '', '', '', '', '', ''),
(1031, '1031', '', 'Dollaporn', '', '', '0000-00-00', '', '', '', '', '', '', '', ''),
(1032, '1032', '', 'Yonjirun', '', '', '0000-00-00', '', '', '', '', '', '', '', ''),
(1033, '1033', '', 'Surathip', '', '', '0000-00-00', '', '', '', '', '', '', '', ''),
(1034, '1034', '', 'Nopdhanai', '', '', '0000-00-00', '', '', '', '', '', '', '', ''),
(1035, '1035', '', 'Komchan', '', '', '0000-00-00', '', '', '', '', '', '', '', ''),
(1036, '1036', '', 'Pornprasert', '', '', '0000-00-00', '', '', '', '', '', '', '', ''),
(1037, '1037', '', 'Lerkrit', '', '', '0000-00-00', '', '', '', '', '', '', '', ''),
(1038, '1038', '', 'Yanisa', '', '', '0000-00-00', '', '', '', '', '', '', '', ''),
(1039, '1039', '', 'Thanaporn', '', '', '0000-00-00', '', '', '', '', '', '', '', ''),
(1040, '1040', '', 'Salin', '', '', '0000-00-00', '', '', '', '', '', '', '', ''),
(1041, '1041', '', 'Theerat', '', '', '0000-00-00', '', '', '', '', '', '', '', ''),
(1042, '1042', '', 'Narongchai', '', '', '0000-00-00', '', '', '', '', '', '', '', ''),
(1043, '1043', '', 'Patcharawan', '', '', '0000-00-00', '', '', '', '', '', '', '', ''),
(1044, '1044', '', 'Lipica', '', '', '0000-00-00', '', '', '', '', '', '', '', ''),
(1045, '1045', '', 'Chonticha', '', '', '0000-00-00', '', '', '', '', '', '', '', ''),
(1046, '1046', '', 'Nichapa', '', '', '0000-00-00', '', '', '', '', '', '', '', ''),
(1047, '1047', '', 'Nutthawong', '', '', '0000-00-00', '', '', '', '', '', '', '', ''),
(1048, '1048', '', 'Supachok', '', '', '0000-00-00', '', '', '', '', '', '', '', ''),
(1049, '1049', '', 'Jompak', '', '', '0000-00-00', '', '', '', '', '', '', '', ''),
(1050, '1050', '', 'Praewa', '', '', '0000-00-00', '', '', '', '', '', '', '', ''),
(1051, '1051', '', 'Pemica', '', '', '0000-00-00', '', '', '', '', '', '', '', ''),
(1052, '1052', '', 'Tanaporn', '', '', '0000-00-00', '', '', '', '', '', '', '', ''),
(1053, '1053', '', 'Natchaya', '', '', '0000-00-00', '', '', '', '', '', '', '', ''),
(1054, '1054', '', 'Korawut', '', '', '0000-00-00', '', '', '', '', '', '', '', ''),
(1055, '1055', '', 'Achawin', '', '', '0000-00-00', '', '', '', '', '', '', '', ''),
(1056, '1056', '', 'Thunchanok', '', '', '0000-00-00', '', '', '', '', '', '', '', ''),
(1057, '1057', '', 'Pattharapee', '', '', '0000-00-00', '', '', '', '', '', '', '', ''),
(1058, '1058', '', 'Jongjai', '', '', '0000-00-00', '', '', '', '', '', '', '', ''),
(1059, '1059', '', 'Sakan', '', '', '0000-00-00', '', '', '', '', '', '', '', ''),
(1060, '1060', '', 'Nattapol', '', '', '0000-00-00', '', '', '', '', '', '', '', ''),
(1061, '1061', '', 'Warot', '', '', '0000-00-00', '', '', '', '', '', '', '', ''),
(1062, '1062', '', 'Sirakarn', '', '', '0000-00-00', '', '', '', '', '', '', '', ''),
(1063, '1063', '', 'Burata', '', '', '0000-00-00', '', '', '', '', '', '', '', ''),
(1064, '1064', '', 'Chanawut', '', '', '0000-00-00', '', '', '', '', '', '', '', ''),
(1065, '1065', '', 'Nuttawat', '', '', '0000-00-00', '', '', '', '', '', '', '', ''),
(1066, '1066', '', 'Thuchapon', '', '', '0000-00-00', '', '', '', '', '', '', '', ''),
(1067, '1067', '', 'Niran', '', '', '0000-00-00', '', '', '', '', '', '', '', ''),
(1068, '1068', '', 'Kamolchanok', '', '', '0000-00-00', '', '', '', '', '', '', '', ''),
(1069, '1069', '', 'Pairach', '', '', '0000-00-00', '', '', '', '', '', '', '', ''),
(1070, '1070', '', 'Parachai Singh', '', '', '0000-00-00', '', '', '', '', '', '', '', ''),
(1071, '1071', '', 'Pattareeya', '', '', '0000-00-00', '', '', '', '', '', '', '', ''),
(1072, '1072', '', 'Peerathep', '', '', '0000-00-00', '', '', '', '', '', '', '', ''),
(1073, '1073', '', 'Nattapong', '', '', '0000-00-00', '', '', '', '', '', '', '', ''),
(1074, '1074', '', 'Sun Jin', '', '', '0000-00-00', '', '', '', '', '', '', '', ''),
(1075, '1075', '', 'Inthiphorn', '', '', '0000-00-00', '', '', '', '', '', '', '', ''),
(1076, '1076', '', 'Venessa', '', '', '0000-00-00', '', '', '', '', '', '', '', ''),
(1077, '1077', '', 'Prathompong', '', '', '0000-00-00', '', '', '', '', '', '', '', ''),
(1078, '1078', '', 'Phornthip', '', '', '0000-00-00', '', '', '', '', '', '', '', ''),
(1079, '1079', '', 'Pongtana', '', '', '0000-00-00', '', '', '', '', '', '', '', ''),
(1080, '1080', '', 'Prawwan', '', '', '0000-00-00', '', '', '', '', '', '', '', ''),
(1081, '1081', '', 'Pudjeeb', '', '', '0000-00-00', '', '', '', '', '', '', '', ''),
(1082, '1082', '', 'Chawarat', '', '', '0000-00-00', '', '', '', '', '', '', '', ''),
(1083, '1083', '', 'Sippanan', '', '', '0000-00-00', '', '', '', '', '', '', '', ''),
(1084, '1084', '', 'Chalita', '', '', '0000-00-00', '', '', '', '', '', '', '', ''),
(1085, '1085', '', 'Suwalee', '', '', '0000-00-00', '', '', '', '', '', '', '', ''),
(1086, '1086', '', 'Mongkol', '', '', '0000-00-00', '', '', '', '', '', '', '', ''),
(1087, '1087', '', 'Wiput', '', '', '0000-00-00', '', '', '', '', '', '', '', ''),
(1088, '1088', '', 'Kullawit', '', '', '0000-00-00', '', '', '', '', '', '', '', ''),
(1089, '1089', '', 'Thanachot', '', '', '0000-00-00', '', '', '', '', '', '', '', ''),
(1090, '1090', '', 'Chesuda', '', '', '0000-00-00', '', '', '', '', '', '', '', ''),
(1091, '1091', '', 'Rujikorn', '', '', '0000-00-00', '', '', '', '', '', '', '', ''),
(1092, '1092', '', 'Sirapat', '', '', '0000-00-00', '', '', '', '', '', '', '', ''),
(1093, '1093', '', 'Sita', '', '', '0000-00-00', '', '', '', '', '', '', '', ''),
(1094, '1094', '', 'Pichchar', '', '', '0000-00-00', '', '', '', '', '', '', '', ''),
(1095, '1095', '', 'Sarita', '', '', '0000-00-00', '', '', '', '', '', '', '', ''),
(1096, '1096', '', 'Orisa', '', '', '0000-00-00', '', '', '', '', '', '', '', ''),
(1097, '1097', '', 'Thitirat', '', '', '0000-00-00', '', '', '', '', '', '', '', ''),
(1098, '1098', '', 'Sasipimon', '', '', '0000-00-00', '', '', '', '', '', '', '', ''),
(1099, '1099', '', 'Natasha', '', '', '0000-00-00', '', '', '', '', '', '', '', ''),
(1100, '1100', '', 'Panuchakorn', '', '', '0000-00-00', '', '', '', '', '', '', '', ''),
(1101, '1101', '', 'Ploynapat', '', '', '0000-00-00', '', '', '', '', '', '', '', ''),
(1102, '1102', '', 'Achima', '', '', '0000-00-00', '', '', '', '', '', '', '', ''),
(1103, '1103', '', 'Thanatchaporn', '', '', '0000-00-00', '', '', '', '', '', '', '', ''),
(1104, '1104', '', 'Kornake', '', '', '0000-00-00', '', '', '', '', '', '', '', ''),
(1105, '1105', '', 'Buntita', '', '', '0000-00-00', '', '', '', '', '', '', '', ''),
(1106, '1106', '', 'Apavadee', '', '', '0000-00-00', '', '', '', '', '', '', '', ''),
(1107, '1107', '', 'Wisarut', '', '', '0000-00-00', '', '', '', '', '', '', '', ''),
(1108, '1108', '', 'Soracha', '', '', '0000-00-00', '', '', '', '', '', '', '', ''),
(1109, '1109', '', 'Haeun', '', '', '0000-00-00', '', '', '', '', '', '', '', ''),
(1110, '1110', '', 'Monsicha', '', '', '0000-00-00', '', '', '', '', '', '', '', ''),
(1111, '5680409', '', 'Issree', '', '', '0000-00-00', '', '', '', '', '', '', '', ''),
(1113, '11111', 'Ms', 'Somphat', 'Suksamai', 'F', '0000-00-00', 'Administration Unit', '', '', '', '', '', '', ''),
(1114, '11112', 'Ms', 'Tichakorn', 'Jiratithicharoen', 'F', '0000-00-00', 'Administration Unit', '', '', '', '', '', '', ''),
(1115, '11113', 'Mr', 'Threepak', 'Pattarasumun', 'M', '0000-00-00', 'Student Affairs', '', '', '', '', '', '', ''),
(1116, '11114', 'Ms', 'Rungtipa', 'Sae-teaw', 'F', '0000-00-00', 'Student Affairs', '', '', '', '', '', '', ''),
(1117, '11115', 'Ms', 'Nattika', 'Phunyatera', 'F', '0000-00-00', 'Student Affairs', '', '', '', '', '', '', ''),
(1118, '11116', 'Mr', 'Sompon', 'Buachan', 'M', '0000-00-00', 'PC', '', '', '', '', '', '', ''),
(1119, '11117', 'Mr', 'Preecha', 'Ruamsamak', 'M', '0000-00-00', 'PC', '', '', '', '', '', '', ''),
(1120, '11118', 'Ms', 'Veena', 'Thavornloha', 'F', '0000-00-00', 'TIM', '', '', '', '', '', '', ''),
(1121, '11119', 'Ms', 'Teerawan', 'Nuntakij', 'F', '0000-00-00', 'TIM', '', '', '', '', '', '', ''),
(1122, '11120', 'Ms', 'Hiranya', 'Sirisumthum', 'F', '0000-00-00', 'Social Science', '', '', '', '', '', '', ''),
(1123, '11121', 'Ms', 'Jaruporn', 'Bunnag', 'F', '0000-00-00', 'Social Science', '', '', '', '', '', '', ''),
(1124, '11122', 'Ms', 'Panisara', 'Akarasinakul', 'F', '0000-00-00', 'Science', '', '', '', '', '', '', ''),
(1125, '11123', 'Ms', 'Budsara', 'Yarnkoolwong', 'F', '0000-00-00', 'Science', '', '', '', '', '', '', ''),
(1126, '11124', 'Mr', 'Natthapatch', 'Siriphatcharachaikul', 'M', '0000-00-00', 'Science', '', '', '', '', '', '', ''),
(1127, '11125', 'Ms', 'Sithapan', 'Viriyamano', 'F', '0000-00-00', 'HLD', '', '', '', '', '', '', ''),
(1128, '11126', 'Ms', 'Sithapan', 'Viriyamano', 'F', '0000-00-00', 'BA', '', '', '', '', '', '', ''),
(1129, '11127', 'Ms', 'Thipsukhon', 'Chuensodsai', 'F', '0000-00-00', 'BA', '', '', '', '', '', '', ''),
(1130, '11128', 'Ms', 'Woranan', 'Apitharanon', 'F', '0000-00-00', 'BA', '', '', '', '', '', '', ''),
(1131, '1131', '', 'Anawat', '', '', '0000-00-00', '', '', '', '', '', '', '', ''),
(1132, '1132', '', 'Wattarapong', '', '', '0000-00-00', '', '', '', '', '', '', '', ''),
(1133, '1133', '', 'Natthaya', '', '', '0000-00-00', '', '', '', '', '', '', '', ''),
(1134, '1134', '', 'Keith', '', '', '0000-00-00', '', '', '', '', '', '', '', ''),
(1135, '1135', '', 'Chawasee', '', '', '0000-00-00', '', '', '', '', '', '', '', ''),
(1136, '1136', '', 'Smith', '', '', '0000-00-00', '', '', '', '', '', '', '', ''),
(1137, '1137', '', 'Chanopas', '', '', '0000-00-00', '', '', '', '', '', '', '', ''),
(1138, '1138', '', 'Sutprasit', '', '', '0000-00-00', '', '', '', '', '', '', '', ''),
(1139, '1139', '', 'Akira', '', '', '0000-00-00', '', '', '', '', '', '', '', ''),
(1140, '1140', '', 'Nukool', '', '', '0000-00-00', '', '', '', '', '', '', '', ''),
(1141, '1141', '', 'Nohpnan', '', '', '0000-00-00', '', '', '', '', '', '', '', ''),
(1142, '1142', '', 'Pimpattara', '', '', '0000-00-00', '', '', '', '', '', '', '', ''),
(1143, '1143', '', 'Ben', '', '', '0000-00-00', '', '', '', '', '', '', '', ''),
(1144, '1144', '', 'Tanawat', '', '', '0000-00-00', '', '', '', '', '', '', '', ''),
(1145, '1145', '', 'Savita', '', '', '0000-00-00', '', '', '', '', '', '', '', ''),
(1146, '1146', '', 'Natdanai', '', '', '0000-00-00', '', '', '', '', '', '', '', ''),
(1147, '1147', '', 'Sinichaya', '', '', '0000-00-00', '', '', '', '', '', '', '', ''),
(1148, '1148', '', 'Naphat', '', '', '0000-00-00', '', '', '', '', '', '', '', ''),
(1149, '1149', '', 'Chisanupong', '', '', '0000-00-00', '', '', '', '', '', '', '', ''),
(1150, '1150', '', 'Tanayot', '', '', '0000-00-00', '', '', '', '', '', '', '', ''),
(1151, '1151', '', 'Nitcha', '', '', '0000-00-00', '', '', '', '', '', '', '', ''),
(1152, '1152', '', 'Nongkip', '', '', '0000-00-00', '', '', '', '', '', '', '', ''),
(1153, '1153', '', 'Pattamon', '', '', '0000-00-00', '', '', '', '', '', '', '', ''),
(1154, '1154', '', 'Thanakrit', '', '', '0000-00-00', '', '', '', '', '', '', '', ''),
(1155, '1155', '', 'Kittipong', '', '', '0000-00-00', '', '', '', '', '', '', '', ''),
(1156, '1156', '', 'Kittika', '', '', '0000-00-00', '', '', '', '', '', '', '', ''),
(1157, '1157', '', 'Supakorn', '', '', '0000-00-00', '', '', '', '', '', '', '', ''),
(1158, '1158', '', 'In', '', '', '0000-00-00', '', '', '', '', '', '', '', ''),
(1159, '1159', '', 'Jessada', '', '', '0000-00-00', '', '', '', '', '', '', '', ''),
(1160, '1160', '', 'Pawee', '', '', '0000-00-00', '', '', '', '', '', '', '', ''),
(1161, '1161', '', 'Virojrat', '', '', '0000-00-00', '', '', '', '', '', '', '', ''),
(1162, '1162', '', 'Chedthida', '', '', '0000-00-00', '', '', '', '', '', '', '', ''),
(1163, '1163', '', 'Phacharakamol', '', '', '0000-00-00', '', '', '', '', '', '', '', ''),
(1164, '1164', '', 'Sanchai', '', '', '0000-00-00', '', '', '', '', '', '', '', ''),
(1165, '1165', '', 'Supika', '', '', '0000-00-00', '', '', '', '', '', '', '', ''),
(1166, '1166', '', 'Natakorn', '', '', '0000-00-00', '', '', '', '', '', '', '', ''),
(1167, '1167', '', 'Khomthong', '', '', '0000-00-00', '', '', '', '', '', '', '', ''),
(1168, '1168', '', 'Panuwat', '', '', '0000-00-00', '', '', '', '', '', '', '', ''),
(1169, '1169', '', 'Chalida', '', '', '0000-00-00', '', '', '', '', '', '', '', ''),
(1170, '1170', '', 'Chayanith', '', '', '0000-00-00', '', '', '', '', '', '', '', ''),
(1171, '1171', '', 'Tuschsait', '', '', '0000-00-00', '', '', '', '', '', '', '', ''),
(1172, '1172', '', 'Nuttapol', '', '', '0000-00-00', '', '', '', '', '', '', '', ''),
(1173, '1173', '', 'Nattawat', '', '', '0000-00-00', '', '', '', '', '', '', '', ''),
(1174, '1174', '', 'Teeraka', '', '', '0000-00-00', '', '', '', '', '', '', '', ''),
(1175, '1175', '', 'Ahmad', '', '', '0000-00-00', '', '', '', '', '', '', '', ''),
(1176, '1176', '', 'Kornkanok', '', '', '0000-00-00', '', '', '', '', '', '', '', ''),
(1177, '1177', '', 'Wan-Yi', '', '', '0000-00-00', '', '', '', '', '', '', '', ''),
(1178, '1178', '', 'Vanika', '', '', '0000-00-00', '', '', '', '', '', '', '', ''),
(1179, '1179', '', 'Dolkorawan', '', '', '0000-00-00', '', '', '', '', '', '', '', ''),
(1180, '1180', '', 'Treerat', '', '', '0000-00-00', '', '', '', '', '', '', '', ''),
(1181, '1181', '', 'Sirin', '', '', '0000-00-00', '', '', '', '', '', '', '', ''),
(1182, '1182', '', 'Luksika', '', '', '0000-00-00', '', '', '', '', '', '', '', ''),
(1183, '1183', '', 'Jirapat', '', '', '0000-00-00', '', '', '', '', '', '', '', ''),
(1184, '1184', '', 'Pudthida', '', '', '0000-00-00', '', '', '', '', '', '', '', ''),
(1185, '1185', '', 'Lerdka', '', '', '0000-00-00', '', '', '', '', '', '', '', ''),
(1186, '1186', '', 'Phakkamon', '', '', '0000-00-00', '', '', '', '', '', '', '', ''),
(1190, '1190', 'Ms', 'Yubol', 'Boonjaran', 'F', '0000-00-00', 'ED. Tech', '', '', '', '', '', '', ''),
(1191, '1191', 'Ms', 'Metpariya', 'Kiratiwattanakoon', 'F', '0000-00-00', 'ED. Tech', '', '', '', '', '', '', ''),
(1192, '1192', 'Mr', 'Natthapong', 'Buasai', 'M', '0000-00-00', 'ED. Tech', '', '', '', '', '', '', ''),
(1193, '1193', 'Ms', 'Virawan', 'Amnouychokanant', 'F', '0000-00-00', 'ED. Tech', '', '', '', '', '', '', ''),
(1194, '1194', 'Mr', 'Chakkaphon', 'Singtophueak', 'M', '0000-00-00', 'ED. Tech', '', '', '', '', '', '', '');

-- --------------------------------------------------------

--
-- Table structure for table `user_login`
--

CREATE TABLE IF NOT EXISTS `user_login` (
`id` int(11) NOT NULL COMMENT 'รหัส',
  `role_id` int(11) NOT NULL,
  `username` varchar(20) NOT NULL COMMENT 'ชื่อผู้ใช้สำหรับ login',
  `password` varchar(100) NOT NULL COMMENT 'รหัสผ่าน',
  `status` varchar(255) NOT NULL COMMENT 'สถานะ',
  `create_by` int(11) DEFAULT NULL COMMENT 'สร้างโดย',
  `latest_login` datetime NOT NULL COMMENT 'เข้าสู่ระบบครั้งล่าสุด',
  `department_id` int(11) DEFAULT NULL,
  `email` varchar(255) NOT NULL,
  `token_id` text NOT NULL,
  `phone_type` varchar(1) NOT NULL,
  `parent` int(11) DEFAULT NULL,
  `isApprover_1` varchar(1) NOT NULL DEFAULT '0',
  `isApprover_2` varchar(1) DEFAULT '0',
  `ApproverType` varchar(10) DEFAULT NULL
) ENGINE=InnoDB  DEFAULT CHARSET=utf8 AUTO_INCREMENT=1195 ;

--
-- Dumping data for table `user_login`
--

INSERT INTO `user_login` (`id`, `role_id`, `username`, `password`, `status`, `create_by`, `latest_login`, `department_id`, `email`, `token_id`, `phone_type`, `parent`, `isApprover_1`, `isApprover_2`, `ApproverType`) VALUES
(1, 1, 'admin', '8e1e02ca3401f4667cd586cdf03758fd', 'ACTIVE', NULL, '2015-03-13 09:27:44', NULL, 'icedtechAV4@gmail.com', 'e07ba8d96728c0d7ac013f8292c48ca6f0495d25b800ec8a21155defda52a7df', '1', 0, '0', '0', NULL),
(158, 4, 'edtech3416', '21232f297a57a5a743894a0e4a801fc3', 'ACTIVE', 1, '2014-09-24 13:34:59', 2, 'edtech3416@gmail.com', '', '', 183, '0', '0', NULL),
(183, 4, 'edtech3417', '21232f297a57a5a743894a0e4a801fc3', 'ACTIVE', NULL, '2015-03-12 11:41:34', NULL, 'edtech3417@gmail.com', '', '', NULL, '0', '1', '1'),
(185, 4, 'edtech3414', '21232f297a57a5a743894a0e4a801fc3', 'ACTIVE', NULL, '2015-03-12 12:53:58', NULL, 'edtech3414@gmail.com', '', '', 158, '1', '0', '1'),
(198, 2, 'kroonaka', '21232f297a57a5a743894a0e4a801fc3', 'ACTIVE', NULL, '2015-03-02 14:34:55', NULL, 'kroonaka@gmail.com', '', '', NULL, '0', '0', NULL),
(224, 5, 'chayanon.poo', '21232f297a57a5a743894a0e4a801fc3', 'ACTIVE', 1, '2015-03-12 09:17:20', NULL, 'chayanon.poo@mahidol.ac.th', '', '', 1, '0', '0', NULL),
(240, 5, 'thammachart.kan', '21232f297a57a5a743894a0e4a801fc3', 'ACTIVE', 1, '2014-12-23 10:35:03', NULL, 'edtech3413@gmail.com', '', '', 1, '1', '0', '2'),
(241, 4, 'pawit1357', '21232f297a57a5a743894a0e4a801fc3', 'ACTIVE', 1, '2014-12-23 10:33:58', NULL, 'pawit1357@hotmail.com', '', '', 1, '0', '0', NULL),
(242, 4, 'pawitvaap', '21232f297a57a5a743894a0e4a801fc3', 'ACTIVE', 1, '2014-12-10 11:14:25', NULL, 'pawitvaap@gmail.com', '', '', 1, '0', '0', NULL),
(244, 6, '5680162', '73d24dd9c982fa9e85ce8fdac04fc95f', 'ACTIVE', 1, '2015-03-09 17:21:51', NULL, 'krooone01@gmail.com', '', '', 241, '0', '0', NULL),
(251, 4, 'norachai', 'e94888abe70ba2b531d299bd168d746e', 'ACTIVE', NULL, '2015-03-10 11:48:28', NULL, 'chayanonp@gmail.com', '', '', 251, '0', '1', '1'),
(253, 4, 'bryan', '7d4ef62de50874a4db33e6da3ff79f75', 'ACTIVE', NULL, '2015-03-10 09:22:08', NULL, 'chayanon_meme@hotmail.com', '', '', 253, '1', '0', '1'),
(254, 5, 'pongsatorn', 'aa3a336a872de2c23aa25cdc5e3dc484', 'ACTIVE', NULL, '2015-03-12 11:41:59', NULL, 'pongsatorn.kae@mahidol.ac.th', '', '', 1, '0', '0', NULL),
(255, 5, 'supitcha', 'd2d138388d045729faeaf53c55e0f3cd', 'ACTIVE', NULL, '2015-03-10 18:32:10', NULL, 'supitcha.nuk@mahidol.ac.th', '', '', 1, '0', '0', NULL),
(256, 5, 'thanapat', '561150a05bf5bee79e01544a7b04944e', 'ACTIVE', NULL, '2015-03-12 11:42:57', NULL, 'rinsawat_rd@hotmail.com', '', '', 1, '0', '0', NULL),
(259, 5, 'varunee', '77a91da0c77833fbde934468ba1f0697', 'ACTIVE', NULL, '2015-03-03 18:17:03', NULL, 'varunee.rau@mahidol.ac.th', '', '', 1, '0', '0', NULL),
(273, 2, 'pawit99', '21232f297a57a5a743894a0e4a801fc3', 'ACTIVE', NULL, '2015-02-10 09:40:20', NULL, 'test99@hotmail.com', '', '', 1, '0', '0', NULL),
(872, 6, '5280701', 'baef204fcd3a5f5d52285c83fa2336a2', 'ACTIVE', 1, '2015-01-12 14:09:12', NULL, '5280701@mahidol.ac.th', '', '', 1, '', '', ''),
(873, 6, '5180800', '46236c1f8172d28ccd6e6acc4bcdc7db', 'ACTIVE', 1, '2015-01-12 14:09:12', NULL, '5180800@mahidol.ac.th', '', '', 1, '', '', ''),
(874, 6, '5480950', '528c8654a2a8787d90f1676da99f7ffc', 'ACTIVE', 1, '2015-02-25 14:41:30', NULL, '5480950@mahidol.ac.th', '', '', 1, '', '', ''),
(875, 6, '5780505', 'c441c5320506ac7d6921835e2ae2c536', 'ACTIVE', 1, '2015-01-12 14:09:12', NULL, '5780505@mahidol.ac.th', '', '', 1, '', '', ''),
(876, 6, '5780709', '402e6d60d877102d4f9f9e82deeb6212', 'ACTIVE', 1, '2015-01-12 14:09:12', NULL, '5780709@mahidol.ac.th', '', '', 1, '', '', ''),
(877, 6, '5680875', '59c6742119a59e3bb9455fc69d510cea', 'ACTIVE', 1, '2015-01-12 14:09:12', NULL, '5680875@mahidol.ac.th', '', '', 1, '', '', ''),
(878, 6, '5780048', 'e00cad552735f48169dca0280425bb4e', 'ACTIVE', 1, '2015-01-12 14:09:12', NULL, '5780048@mahidol.ac.th', '', '', 1, '', '', ''),
(879, 6, '5780180', '7cf28a73da5f94406f0ea4c88e649124', 'ACTIVE', 1, '2015-01-12 14:09:12', NULL, '5780180@mahidol.ac.th', '', '', 1, '', '', ''),
(880, 6, '5780673', '5e51bb93022df4693d82e0db4d45a51a', 'ACTIVE', 1, '2015-01-12 14:09:12', NULL, '5780673@mahidol.ac.th', '', '', 1, '', '', ''),
(881, 6, '5780672', '29ae20971ced73376dfba2ad39773752', 'ACTIVE', 1, '2015-01-12 14:09:12', NULL, '5780672@mahidol.ac.th', '', '', 1, '', '', ''),
(882, 6, '5780617', '76b0234e1a52bbb098e0760fa1967c91', 'ACTIVE', 1, '2015-01-12 14:09:12', NULL, '5780617@mahidol.ac.th', '', '', 1, '', '', ''),
(883, 6, '5680879', 'df84a229fa8894472365bc515e8fcd75', 'ACTIVE', 1, '2015-01-12 14:09:12', NULL, '5680879@mahidol.ac.th', '', '', 1, '', '', ''),
(884, 6, '5681078', '62e218beed5750db0bc0cb4b3d35fd8b', 'ACTIVE', 1, '2015-01-12 14:09:12', NULL, '5681078@mahidol.ac.th', '', '', 1, '', '', ''),
(885, 6, '5680873', 'c61ce81d29791698cc3772e145ae5775', 'ACTIVE', 1, '2015-01-12 14:09:12', NULL, '5680873@mahidol.ac.th', '', '', 1, '', '', ''),
(886, 6, '5780046', 'def8e62dce029d5a6b575e302fe99120', 'ACTIVE', 1, '2015-01-12 14:09:12', NULL, '5780046@mahidol.ac.th', '', '', 1, '', '', ''),
(887, 6, '5780485', 'fb4209746b323a646b4e48cd87cb8a2f', 'ACTIVE', 1, '2015-01-12 14:09:12', NULL, '5780485@mahidol.ac.th', '', '', 1, '', '', ''),
(888, 6, '5780242', '1c4d84e9694000eb430e40482c6e2986', 'ACTIVE', 1, '2015-01-12 14:09:12', NULL, '5780242@mahidol.ac.th', '', '', 1, '', '', ''),
(889, 6, '5780186', '79df579f59f88cba73f2bed7c439300e', 'ACTIVE', 1, '2015-01-12 14:09:12', NULL, '5780186@mahidol.ac.th', '', '', 1, '', '', ''),
(890, 6, '5280588', '9ae3673af0bfe2fa87e6a623a485de5c', 'ACTIVE', 1, '2015-01-12 14:09:12', NULL, '5280588@mahidol.ac.th', '', '', 1, '', '', ''),
(891, 6, '5780454', 'be0d7ca77c6309d703d8fd77e1d0bb67', 'ACTIVE', 1, '2015-01-12 14:09:12', NULL, '5780454@mahidol.ac.th', '', '', 1, '', '', ''),
(892, 6, '5680984', '0cea7e45c22c32c8121ddfa672e83c1d', 'ACTIVE', 1, '2015-01-12 14:09:12', NULL, '5680984@mahidol.ac.th', '', '', 1, '', '', ''),
(893, 6, '5680827', '2021a59bcd01b8ae82502c2f438a34b1', 'ACTIVE', 1, '2015-01-12 14:09:12', NULL, '5680827@mahidol.ac.th', '', '', 1, '', '', ''),
(894, 6, '5380703', '38b2b0573cda9b6f84020b9c0645ee30', 'ACTIVE', 1, '2015-01-12 14:09:12', NULL, '5380703@mahidol.ac.th', '', '', 1, '', '', ''),
(895, 6, '5080547', '210feb55642f11bad031ac8b827c0498', 'ACTIVE', 1, '2015-01-12 14:09:12', NULL, '5080547@mahidol.ac.th', '', '', 1, '', '', ''),
(896, 6, '5780154', '39dac087bce9c259b998a9399db64a95', 'ACTIVE', 1, '2015-01-12 14:09:12', NULL, '5780154@mahidol.ac.th', '', '', 1, '', '', ''),
(897, 6, '5780055', '21704cd874667a6d06191b704b3b87c4', 'ACTIVE', 1, '2015-01-12 14:09:12', NULL, '5780055@mahidol.ac.th', '', '', 1, '', '', ''),
(898, 6, '5780002', 'b1e0a0099a79a4b274f7d79c73f8a7d4', 'ACTIVE', 1, '2015-01-12 14:09:12', NULL, '5780002@mahidol.ac.th', '', '', 1, '', '', ''),
(899, 6, '5681034', '814cff6150f222d00306cca10701e694', 'ACTIVE', 1, '2015-01-12 14:09:12', NULL, '5681034@mahidol.ac.th', '', '', 1, '', '', ''),
(900, 6, '5780049', '5f470f4e00f996ccfcd75340ba8db80b', 'ACTIVE', 1, '2015-01-12 14:09:12', NULL, '5780049@mahidol.ac.th', '', '', 1, '', '', ''),
(901, 6, '5680876', 'efa1435bad6cdfb756f53e3910fcf01b', 'ACTIVE', 1, '2015-01-12 14:09:12', NULL, '5680876@mahidol.ac.th', '', '', 1, '', '', ''),
(902, 6, '5780243', 'bb6fc6e7c19846be27b886a63753ddb2', 'ACTIVE', 1, '2015-01-12 14:09:12', NULL, '5780243@mahidol.ac.th', '', '', 1, '', '', ''),
(903, 6, '5680881', 'aec682deefddc5f9fbd43807ad9b1672', 'ACTIVE', 1, '2015-01-12 14:09:12', NULL, '5680881@mahidol.ac.th', '', '', 1, '', '', ''),
(904, 6, '5680878', 'c175c34c9ee16d7546c8534affe1c57c', 'ACTIVE', 1, '2015-01-12 14:09:12', NULL, '5680878@mahidol.ac.th', '', '', 1, '', '', ''),
(905, 6, '5680994', 'bd9e2c6866db9f01cb13ff047553adb8', 'ACTIVE', 1, '2015-01-12 14:09:12', NULL, '5680994@mahidol.ac.th', '', '', 1, '', '', ''),
(906, 6, '5681050', 'cb21e83bb8f247eb3c54ca7f7cb9589f', 'ACTIVE', 1, '2015-03-02 14:32:07', NULL, '5681050@mahidol.ac.th', '', '', 1, '', '', ''),
(907, 6, '5380261', 'e4bf4c0443fcc4fbb4f0ac771cc192a9', 'ACTIVE', 1, '2015-01-12 14:09:12', NULL, '5380261@mahidol.ac.th', '', '', 1, '', '', ''),
(908, 6, '5380380', 'b96f72d1c2d1bfe5501b934677cf2da1', 'ACTIVE', 1, '2015-01-12 14:09:12', NULL, '5380380@mahidol.ac.th', '', '', 1, '', '', ''),
(909, 6, '5080324', '4687500a90f305944b41452a8455d52a', 'ACTIVE', 1, '2015-01-12 14:09:12', NULL, '5080324@mahidol.ac.th', '', '', 1, '', '', ''),
(910, 6, '5380891', '24d8035e4113a871553c8f6697f68091', 'ACTIVE', 1, '2015-01-12 14:09:12', NULL, '5380891@mahidol.ac.th', '', '', 1, '', '', ''),
(911, 6, '5180744', '2649d3e379a4bbeffb14f4d166cfcff9', 'ACTIVE', 1, '2015-01-12 14:09:12', NULL, '5180744@mahidol.ac.th', '', '', 1, '', '', ''),
(912, 6, '5380883', 'ecb6303fb79ee7a422c630eadb9a911e', 'ACTIVE', 1, '2015-01-12 14:09:12', NULL, '5380883@mahidol.ac.th', '', '', 1, '', '', ''),
(913, 6, '5780213', '9e5b6be61ab5c891733d6add7fe995ba', 'ACTIVE', 1, '2015-01-12 14:09:12', NULL, '5780213@mahidol.ac.th', '', '', 1, '', '', ''),
(914, 6, '5380707', 'c3a6aa2c128b059e31a4bd1bea9e1e52', 'ACTIVE', 1, '2015-01-12 14:09:12', NULL, '5380707@mahidol.ac.th', '', '', 1, '', '', ''),
(915, 6, '5380478', 'a0fc2ce11cd9775aa9fd9dca0a1769e0', 'ACTIVE', 1, '2015-01-12 14:09:12', NULL, '5380478@mahidol.ac.th', '', '', 1, '', '', ''),
(916, 6, '5380467', 'd82c7d0caf54cc9651d403e690881b94', 'ACTIVE', 1, '2015-01-12 14:09:12', NULL, '5380467@mahidol.ac.th', '', '', 1, '', '', ''),
(917, 6, '5380470', 'ba2abd121b63ac07c589937659a885a1', 'ACTIVE', 1, '2015-01-12 14:09:12', NULL, '5380470@mahidol.ac.th', '', '', 1, '', '', ''),
(918, 6, '5780052', '46fc3fb994193df81a4cf3ea3bcef4af', 'ACTIVE', 1, '2015-03-12 11:34:56', NULL, '5780052@mahidol.ac.th', '', '', 1, '', '', ''),
(919, 6, '5380871', 'd2d6bb83167e0945389fd4d677a3083c', 'ACTIVE', 1, '2015-03-03 10:43:03', NULL, '5380871@mahidol.ac.th', '', '', 1, '', '', ''),
(920, 6, '5480335', '5fde50d75e68c8ebb4c1a2d326fb9056', 'ACTIVE', 1, '2015-01-12 14:28:55', NULL, '5480335@mahidol.ac.th', '', '', 1, '', '', ''),
(921, 6, '5480191', '98b9b7338e1eb6b4d8bae87b611964e2', 'ACTIVE', 1, '2015-01-12 14:09:12', NULL, '5480191@mahidol.ac.th', '', '', 1, '', '', ''),
(922, 6, '5480525', '5a8855b94e3adf0773f39cdce8aba5f5', 'ACTIVE', 1, '2015-01-12 14:09:12', NULL, '5480525@mahidol.ac.th', '', '', 1, '', '', ''),
(923, 6, '5380475', '0578c2ee4b36f47ff5f105fd7eeba196', 'ACTIVE', 1, '2015-01-12 14:09:12', NULL, '5380475@mahidol.ac.th', '', '', 1, '', '', ''),
(924, 6, '5480121', 'f3e53d7c2d73582440a02b6954b0214c', 'ACTIVE', 1, '2015-01-12 14:09:12', NULL, '5480121@mahidol.ac.th', '', '', 1, '', '', ''),
(925, 6, '5480418', '24a26fc99c55ff7ed1da3b46fcc46784', 'ACTIVE', 1, '2015-01-12 14:09:12', NULL, '5480418@mahidol.ac.th', '', '', 1, '', '', ''),
(926, 6, '5480123', 'aafb992c382e9cd2e853cab474f9e0ad', 'ACTIVE', 1, '2015-01-12 14:09:12', NULL, '5480123@mahidol.ac.th', '', '', 1, '', '', ''),
(927, 6, '5380102', 'f1b3767650b15feba2739807e516e7ba', 'ACTIVE', 1, '2015-01-12 14:09:12', NULL, '5380102@mahidol.ac.th', '', '', 1, '', '', ''),
(928, 6, '5480187', 'cee8bbae87bf294d9d182eec99785b62', 'ACTIVE', 1, '2015-01-12 14:09:12', NULL, '5480187@mahidol.ac.th', '', '', 1, '', '', ''),
(929, 6, '5480551', '173772ecf2c57d71b58b2795fb1aa02a', 'ACTIVE', 1, '2015-01-12 14:09:12', NULL, '5480551@mahidol.ac.th', '', '', 1, '', '', ''),
(930, 6, '5780053', '7aa4b825aaa9ad773943472d309b6ae9', 'ACTIVE', 1, '2015-01-12 14:09:12', NULL, '5780053@mahidol.ac.th', '', '', 1, '', '', ''),
(931, 6, '5480536', 'b8308e582e8a86dd6c997ea6e6572996', 'ACTIVE', 1, '2015-01-12 14:09:12', NULL, '5480536@mahidol.ac.th', '', '', 1, '', '', ''),
(932, 6, '5780054', 'e9c199dfbdedacfcd0161e8b6c174243', 'ACTIVE', 1, '2015-01-12 14:09:12', NULL, '5780054@mahidol.ac.th', '', '', 1, '', '', ''),
(933, 6, '5480039', '85bc9ac54302a04ab1c153792823c42b', 'ACTIVE', 1, '2015-01-12 14:09:12', NULL, '5480039@mahidol.ac.th', '', '', 1, '', '', ''),
(934, 6, '5780047', 'd3386188e3a4783b3df6d497cdbb3a58', 'ACTIVE', 1, '2015-01-12 14:09:12', NULL, '5780047@mahidol.ac.th', '', '', 1, '', '', ''),
(935, 6, '5280269', 'bb4d2b390ae8c92d72eaa620e947c6b5', 'ACTIVE', 1, '2015-01-12 14:09:12', NULL, '5280269@mahidol.ac.th', '', '', 1, '', '', ''),
(936, 6, '5780680', 'd038d861c22809949ccdb05045359ddd', 'ACTIVE', 1, '2015-01-12 14:09:12', NULL, '5780680@mahidol.ac.th', '', '', 1, '', '', ''),
(937, 6, '5380464', '32d39c582d2bcbee1c3c4cc7f4562d1c', 'ACTIVE', 1, '2015-01-12 14:09:12', NULL, '5380464@mahidol.ac.th', '', '', 1, '', '', ''),
(938, 6, '5280463', '14c86220c7a70e2c8d8542c7202bc6a4', 'ACTIVE', 1, '2015-01-12 14:09:12', NULL, '5280463@mahidol.ac.th', '', '', 1, '', '', ''),
(939, 6, '5780411', 'f392dd9bb52f9de876f72ddd8a1baf07', 'ACTIVE', 1, '2015-01-12 14:09:12', NULL, '5780411@mahidol.ac.th', '', '', 1, '', '', ''),
(940, 6, '5380257', '94910b38756353b7ae9668b227dc39a8', 'ACTIVE', 1, '2015-01-12 14:09:12', NULL, '5380257@mahidol.ac.th', '', '', 1, '', '', ''),
(941, 6, '5780195', '4893b8da991c34b1b46f1b15d140c35b', 'ACTIVE', 1, '2015-01-12 14:09:12', NULL, '5780195@mahidol.ac.th', '', '', 1, '', '', ''),
(942, 6, '5380932', '75e694ebed182d9943bdf9fd553f2797', 'ACTIVE', 1, '2015-01-12 14:09:12', NULL, '5380932@mahidol.ac.th', '', '', 1, '', '', ''),
(943, 6, '5280909', 'db99e437ef57f6cd69114e1cd35a8013', 'ACTIVE', 1, '2015-01-12 14:09:12', NULL, '5280909@mahidol.ac.th', '', '', 1, '', '', ''),
(944, 6, '5780187', '2e107275e7eef4b2b17c62b52b9fb7a3', 'ACTIVE', 1, '2015-01-12 14:09:12', NULL, '5780187@mahidol.ac.th', '', '', 1, '', '', ''),
(945, 6, '5780717', 'd23d11935b0c968b8ec188b3d3f873c6', 'ACTIVE', 1, '2015-01-12 14:09:12', NULL, '5780717@mahidol.ac.th', '', '', 1, '', '', ''),
(946, 6, '5480188', 'eefff1a260865b2d023aa20d5fd103a6', 'ACTIVE', 1, '2015-03-12 11:39:59', NULL, '5480188@mahidol.ac.th', '', '', 1, '', '', ''),
(947, 6, '5380095', '541806715af94eeba3d6e64df199ea65', 'ACTIVE', 1, '2015-01-12 14:09:12', NULL, '5380095@mahidol.ac.th', '', '', 1, '', '', ''),
(948, 6, '5480419', 'f9fa0bcc4514e038c3e55b338b32f443', 'ACTIVE', 1, '2015-01-12 14:09:12', NULL, '5480419@mahidol.ac.th', '', '', 1, '', '', ''),
(949, 6, '5780616', 'd3962f88eb4515be4d6efb53fa2c08a1', 'ACTIVE', 1, '2015-01-12 14:09:12', NULL, '5780616@mahidol.ac.th', '', '', 1, '', '', ''),
(950, 6, '5480505', '88fc645d78ba0f773e680991882c9b7e', 'ACTIVE', 1, '2015-02-23 10:50:40', NULL, '5480505@mahidol.ac.th', '', '', 1, '', '', ''),
(951, 6, '5780234', 'f09a89f434471a576d7ec1e08f80db86', 'ACTIVE', 1, '2015-01-12 14:09:12', NULL, '5780234@mahidol.ac.th', '', '', 1, '', '', ''),
(952, 6, '5680874', '8ae7c480a27fec86664de2a89b1b836c', 'ACTIVE', 1, '2015-01-12 14:09:12', NULL, '5680874@mahidol.ac.th', '', '', 1, '', '', ''),
(953, 6, '5480189', 'fdd1c3a3575ec3d439f4617696931eb9', 'ACTIVE', 1, '2015-01-12 14:09:12', NULL, '5480189@mahidol.ac.th', '', '', 1, '', '', ''),
(954, 6, '5480111', '96a88ee98bf36573f8b467e489b1a5d5', 'ACTIVE', 1, '2015-02-19 13:59:42', NULL, '5480111@mahidol.ac.th', '', '', 1, '', '', ''),
(955, 6, '5480095', 'b594066ace93adeb52449d8e88125e6f', 'ACTIVE', 1, '2015-01-12 14:09:12', NULL, '5480095@mahidol.ac.th', '', '', 1, '', '', ''),
(956, 6, '5480221', 'e37b8bf676c6ad7b796967e747bffbcc', 'ACTIVE', 1, '2015-01-12 14:09:12', NULL, '5480221@mahidol.ac.th', '', '', 1, '', '', ''),
(957, 6, '5480104', '8eb4e171181ffcfb23dfdf85d2b15b40', 'ACTIVE', 1, '2015-01-12 14:09:12', NULL, '5480104@mahidol.ac.th', '', '', 1, '', '', ''),
(958, 6, '5280804', '48e387f4caf88d836f521c95ab00b2bc', 'ACTIVE', 1, '2015-01-12 14:09:12', NULL, '5280804@mahidol.ac.th', '', '', 1, '', '', ''),
(959, 6, '5480417', '333e11730c55ddcb4857a35c7260f34e', 'ACTIVE', 1, '2015-01-12 14:09:12', NULL, '5480417@mahidol.ac.th', '', '', 1, '', '', ''),
(960, 6, '5480526', '4b736e035eaf3440a84c042cd5cc9716', 'ACTIVE', 1, '2015-01-12 14:09:12', NULL, '5480526@mahidol.ac.th', '', '', 1, '', '', ''),
(961, 6, '5380927', '24b3c71941791a70ba90edf15079e2d6', 'ACTIVE', 1, '2015-01-12 14:09:12', NULL, '5380927@mahidol.ac.th', '', '', 1, '', '', ''),
(962, 6, '5480067', 'bb7db4f0f9f37f79dccfe653b7e0c804', 'ACTIVE', 1, '2015-01-12 14:09:12', NULL, '5480067@mahidol.ac.th', '', '', 1, '', '', ''),
(963, 6, '5380708', 'ab87e1a9dd9b8f0c44ce680708ee089d', 'ACTIVE', 1, '2015-01-12 14:09:12', NULL, '5380708@mahidol.ac.th', '', '', 1, '', '', ''),
(964, 6, '5480185', 'adff55fa1e6d2c116731e0217f1a5114', 'ACTIVE', 1, '2015-02-17 14:50:02', NULL, '5480185@mahidol.ac.th', '', '', 1, '', '', ''),
(965, 6, '5480414', '35598b5e0d014bcf2b3a43103e95af99', 'ACTIVE', 1, '2015-01-12 14:09:12', NULL, '5480414@mahidol.ac.th', '', '', 1, '', '', ''),
(966, 6, '5480626', '75db8457f3a2dcd86d22aea3cac7b510', 'ACTIVE', 1, '2015-01-12 14:09:12', NULL, '5480626@mahidol.ac.th', '', '', 1, '', '', ''),
(967, 6, '5481060', '02ebacea71f7a56945f6378b235dbde2', 'ACTIVE', 1, '2015-01-12 14:09:12', NULL, '5481060@mahidol.ac.th', '', '', 1, '', '', ''),
(968, 6, '5480977', '25b1949f74ff126871c04fa34b1b8d56', 'ACTIVE', 1, '2015-01-12 14:09:12', NULL, '5480977@mahidol.ac.th', '', '', 1, '', '', ''),
(969, 6, '5780577', '3e6eaab252944105d52db657d45f2139', 'ACTIVE', 1, '2015-01-12 14:09:12', NULL, '5780577@mahidol.ac.th', '', '', 1, '', '', ''),
(970, 6, '5480740', '935d53e462220c223a1e7cbb7f16f1b9', 'ACTIVE', 1, '2015-01-12 14:09:12', NULL, '5480740@mahidol.ac.th', '', '', 1, '', '', ''),
(971, 6, '5480865', 'f5559cc5f49a83de00e4bc590b0a66b9', 'ACTIVE', 1, '2015-03-10 15:05:54', NULL, '5480865@mahidol.ac.th', '', '', 1, '', '', ''),
(972, 6, '5480717', '91377b948e14cec53a029572216a372e', 'ACTIVE', 1, '2015-01-12 14:09:12', NULL, '5480717@mahidol.ac.th', '', '', 1, '', '', ''),
(973, 6, '5480829', '10d8b68a611a984095b11f4897022874', 'ACTIVE', 1, '2015-01-12 14:09:12', NULL, '5480829@mahidol.ac.th', '', '', 1, '', '', ''),
(974, 6, '5380599', '24669e0b31983ecb22b8047d4feacf91', 'ACTIVE', 1, '2015-01-12 14:09:12', NULL, '5380599@mahidol.ac.th', '', '', 1, '', '', ''),
(975, 6, '5780683', '3c070d78b98354a10a40813f4933b1d6', 'ACTIVE', 1, '2015-01-12 14:09:12', NULL, '5780683@mahidol.ac.th', '', '', 1, '', '', ''),
(976, 6, '5180758', 'f5bcd8de1b17569e966784f4abb000ee', 'ACTIVE', 1, '2015-01-12 14:09:12', NULL, '5180758@mahidol.ac.th', '', '', 1, '', '', ''),
(977, 6, '5380295', 'f5509679866601ecabf9d0dff13b84a8', 'ACTIVE', 1, '2015-01-12 14:09:12', NULL, '5380295@mahidol.ac.th', '', '', 1, '', '', ''),
(978, 6, '5480624', '6a823e32ae14c2ec1ff50e4c2c993bb4', 'ACTIVE', 1, '2015-01-12 14:09:12', NULL, '5480624@mahidol.ac.th', '', '', 1, '', '', ''),
(979, 6, '5380342', '8e4f0c404afe3196770f999cdc3facc6', 'ACTIVE', 1, '2015-01-12 14:09:12', NULL, '5380342@mahidol.ac.th', '', '', 1, '', '', ''),
(980, 6, '5481022', 'bc3e937390585f460994e857f920f6b3', 'ACTIVE', 1, '2015-01-12 14:09:12', NULL, '5481022@mahidol.ac.th', '', '', 1, '', '', ''),
(981, 6, '5480579', '86c1171b6424d61c19422081a6eaec5e', 'ACTIVE', 1, '2015-01-12 14:09:12', NULL, '5480579@mahidol.ac.th', '', '', 1, '', '', ''),
(982, 6, '5480873', 'f8e54dedf4e4af6722f30f1858be04ca', 'ACTIVE', 1, '2015-01-12 14:09:12', NULL, '5480873@mahidol.ac.th', '', '', 1, '', '', ''),
(983, 6, '5480030', 'e4776378cbbb5f88640357201dd6d869', 'ACTIVE', 1, '2015-03-10 18:19:52', NULL, '5480030@mahidol.ac.th', '', '', 1, '', '', ''),
(984, 6, '5480031', 'b225d003727f408381c53231dfb2d6c3', 'ACTIVE', 1, '2015-03-02 14:34:13', NULL, '5480031@mahidol.ac.th', '', '', 1, '', '', ''),
(985, 6, '5480907', '5ce9bf12b97acee251e73e95fef15b0d', 'ACTIVE', 1, '2015-01-12 14:09:12', NULL, '5480907@mahidol.ac.th', '', '', 1, '', '', ''),
(986, 6, '5580170', '49cd29369dc3b469bf58325cd4f8ac71', 'ACTIVE', 1, '2015-01-12 14:09:12', NULL, '5580170@mahidol.ac.th', '', '', 1, '', '', ''),
(987, 6, '5580407', '11025ff47a50dbd3e1719673f94bd47f', 'ACTIVE', 1, '2015-01-12 14:09:12', NULL, '5580407@mahidol.ac.th', '', '', 1, '', '', ''),
(988, 6, '5580175', '0e0f803982ca956969b5390e3594ac98', 'ACTIVE', 1, '2015-01-12 14:09:12', NULL, '5580175@mahidol.ac.th', '', '', 1, '', '', ''),
(989, 6, '5580416', 'a82be66b3ff75a19f94476f4f6f78c56', 'ACTIVE', 1, '2015-03-05 12:41:05', NULL, '5580416@mahidol.ac.th', '', '', 1, '', '', ''),
(990, 6, '5481064', '27ee5a2b6705adf8e391f951693a77fc', 'ACTIVE', 1, '2015-01-12 14:09:12', NULL, '5481064@mahidol.ac.th', '', '', 1, '', '', ''),
(991, 6, '5580402', '1ede5f86d030dabf3c19256fcef68377', 'ACTIVE', 1, '2015-03-05 12:39:25', NULL, '5580402@mahidol.ac.th', '', '', 1, '', '', ''),
(992, 6, '5580475', '13561f1911adc2f0c0cb9e6c22cff235', 'ACTIVE', 1, '2015-03-03 17:20:43', NULL, '5580475@mahidol.ac.th', '', '', 1, '', '', ''),
(993, 6, '5580056', '0381670b8d166caf9d36ce3077ee3c7a', 'ACTIVE', 1, '2015-01-12 14:09:12', NULL, '5580056@mahidol.ac.th', '', '', 1, '', '', ''),
(994, 6, '5580064', 'd58254e9c3fb1f8dc953d1dcaf8f17c7', 'ACTIVE', 1, '2015-01-12 14:09:12', NULL, '5580064@mahidol.ac.th', '', '', 1, '', '', ''),
(995, 6, '5580436', 'ee67629ef9791e824d1eda54197a216b', 'ACTIVE', 1, '2015-01-12 14:09:12', NULL, '5580436@mahidol.ac.th', '', '', 1, '', '', ''),
(996, 6, '5580029', 'f20d790a433152b6f1e9153d20934558', 'ACTIVE', 1, '2015-01-12 14:09:12', NULL, '5580029@mahidol.ac.th', '', '', 1, '', '', ''),
(997, 6, '5780484', 'f586686f106a00a160e7ec579ee27f25', 'ACTIVE', 1, '2015-01-12 14:09:12', NULL, '5780484@mahidol.ac.th', '', '', 1, '', '', ''),
(998, 6, '5580015', '4bbaa0335b7c9f502631b43de6de5eae', 'ACTIVE', 1, '2015-01-12 14:09:12', NULL, '5580015@mahidol.ac.th', '', '', 1, '', '', ''),
(999, 6, '5480088', 'cf5d31bcd853ff868993b2246ca794a6', 'ACTIVE', 1, '2015-01-12 14:09:12', NULL, '5480088@mahidol.ac.th', '', '', 1, '', '', ''),
(1000, 6, '5480947', 'a5963b58e464a6a9e825f659b42bd8a3', 'ACTIVE', 1, '2015-01-12 14:09:12', NULL, '5480947@mahidol.ac.th', '', '', 1, '', '', ''),
(1001, 6, '5780150', '0804e9de7cdd03d857082498e3961c4b', 'ACTIVE', 1, '2015-01-12 14:09:12', NULL, '5780150@mahidol.ac.th', '', '', 1, '', '', ''),
(1002, 6, '5580173', '6ed35df5859e20cfb9d2396d4382b9a4', 'ACTIVE', 1, '2015-01-12 14:09:12', NULL, '5580173@mahidol.ac.th', '', '', 1, '', '', ''),
(1003, 6, '5580028', 'bee9b21b2ae3bd24b7076f7073e2a796', 'ACTIVE', 1, '2015-01-12 14:09:12', NULL, '5580028@mahidol.ac.th', '', '', 1, '', '', ''),
(1004, 6, '5680877', 'ecf8136ce51b9a500f3819861632a9b9', 'ACTIVE', 1, '2015-02-25 18:14:17', NULL, '5680877@mahidol.ac.th', '', '', 1, '', '', ''),
(1005, 6, '5480824', 'a9f86db7b632fa194fdb1865e83aad1a', 'ACTIVE', 1, '2015-01-12 14:09:12', NULL, '5480824@mahidol.ac.th', '', '', 1, '', '', ''),
(1006, 6, '5580581', '8fb259f7141b71466a4adbb39037a259', 'ACTIVE', 1, '2015-01-12 14:09:12', NULL, '5580581@mahidol.ac.th', '', '', 1, '', '', ''),
(1007, 6, '5580169', 'e1c30efd06dacf37321b9f8e3fb314c0', 'ACTIVE', 1, '2015-01-12 14:09:12', NULL, '5580169@mahidol.ac.th', '', '', 1, '', '', ''),
(1008, 6, '5580572', '1781aeae1282c38db7a215078e4fa434', 'ACTIVE', 1, '2015-01-12 14:09:12', NULL, '5580572@mahidol.ac.th', '', '', 1, '', '', ''),
(1009, 6, '5580674', 'ef8ae0a5f690997968607e5fe8e8f1cc', 'ACTIVE', 1, '2015-01-12 14:09:12', NULL, '5580674@mahidol.ac.th', '', '', 1, '', '', ''),
(1010, 6, '5580579', '1f0fba567a770bba79200cfebef4e40c', 'ACTIVE', 1, '2015-01-12 14:09:12', NULL, '5580579@mahidol.ac.th', '', '', 1, '', '', ''),
(1011, 6, '5580582', 'e0445c6edefbd4c2473c6bd6769e8f4e', 'ACTIVE', 1, '2015-01-12 14:09:12', NULL, '5580582@mahidol.ac.th', '', '', 1, '', '', ''),
(1012, 6, '5580627', 'af882dfe3c870f8ec6126fe2939ccf05', 'ACTIVE', 1, '2015-01-12 14:09:12', NULL, '5580627@mahidol.ac.th', '', '', 1, '', '', ''),
(1013, 6, '5580577', 'd2e2e2b400a52fa749ed4da70e9e5a67', 'ACTIVE', 1, '2015-01-12 14:09:12', NULL, '5580577@mahidol.ac.th', '', '', 1, '', '', ''),
(1014, 6, '5580166', 'f35acf0de0822a4e307421b5cf08a253', 'ACTIVE', 1, '2015-01-12 14:09:12', NULL, '5580166@mahidol.ac.th', '', '', 1, '', '', ''),
(1015, 6, '5481062', '749d8fcbed868f90913f5318d3cdd4e5', 'ACTIVE', 1, '2015-01-12 14:09:12', NULL, '5481062@mahidol.ac.th', '', '', 1, '', '', ''),
(1016, 6, '5580619', '3580fb4f2c29288c2c78cc4f931b1f65', 'ACTIVE', 1, '2015-01-12 14:09:12', NULL, '5580619@mahidol.ac.th', '', '', 1, '', '', ''),
(1017, 6, '5480676', '13168fb671a954cd64f1a8fa1f4f7d65', 'ACTIVE', 1, '2015-03-06 11:38:57', NULL, '5480676@mahidol.ac.th', '', '', 1, '', '', ''),
(1018, 6, '5580575', '23c71972afd87e581fc3129d388dd213', 'ACTIVE', 1, '2015-01-12 14:09:12', NULL, '5580575@mahidol.ac.th', '', '', 1, '', '', ''),
(1019, 6, '5480519', '828e49496f5b458fedcdd52bdec9ed90', 'ACTIVE', 1, '2015-03-02 14:30:54', NULL, '5480519@mahidol.ac.th', '', '', 1, '', '', ''),
(1020, 6, '5480904', 'f362483f5dee77ac9a144b0f802e0530', 'ACTIVE', 1, '2015-01-12 14:09:12', NULL, '5480904@mahidol.ac.th', '', '', 1, '', '', ''),
(1021, 6, '5580435', 'cc730e2463de38fee78806c9de76e2ac', 'ACTIVE', 1, '2015-03-12 11:54:32', NULL, '5580435@mahidol.ac.th', '', '', 1, '', '', ''),
(1022, 6, '5481061', '03c68cf9230e5144ba1f036977f53dc7', 'ACTIVE', 1, '2015-01-12 14:09:12', NULL, '5481061@mahidol.ac.th', '', '', 1, '', '', ''),
(1023, 6, '5480195', 'bfccfb9766eec05d9ac24cc5a606830f', 'ACTIVE', 1, '2015-01-12 14:09:12', NULL, '5480195@mahidol.ac.th', '', '', 1, '', '', ''),
(1024, 6, '5580177', '8ca0c706de28a0d9579e024498ce2734', 'ACTIVE', 1, '2015-01-12 14:09:12', NULL, '5580177@mahidol.ac.th', '', '', 1, '', '', ''),
(1025, 6, '5780232', 'e1ee074ce75594ba30cab357a37cfae0', 'ACTIVE', 1, '2015-01-12 14:09:12', NULL, '5780232@mahidol.ac.th', '', '', 1, '', '', ''),
(1026, 6, '5380540', '29add23610b9efcae6fdd37193a7da99', 'ACTIVE', 1, '2015-01-12 14:09:12', NULL, '5380540@mahidol.ac.th', '', '', 1, '', '', ''),
(1027, 6, '5480859', '3f709adbab3bc0d6dcf7a6dc5ea6cbf3', 'ACTIVE', 1, '2015-03-06 15:14:23', NULL, '5480859@mahidol.ac.th', '', '', 1, '', '', ''),
(1028, 6, '5680882', '42df3adf4a209c8611f89093d0b818ae', 'ACTIVE', 1, '2015-01-12 14:09:12', NULL, '5680882@mahidol.ac.th', '', '', 1, '', '', ''),
(1029, 6, '5580695', '89f0ed5ab2e666940260b785653863ad', 'ACTIVE', 1, '2015-01-12 14:09:12', NULL, '5580695@mahidol.ac.th', '', '', 1, '', '', ''),
(1030, 6, '5480569', '2ca49c767efdb8eab40bd33b0400d8c8', 'ACTIVE', 1, '2015-03-11 17:04:02', NULL, '5480569@mahidol.ac.th', '', '', 1, '', '', ''),
(1031, 6, '5580580', '8102ca510fdaac5a3c81d7e527354c74', 'ACTIVE', 1, '2015-01-12 14:09:12', NULL, '5580580@mahidol.ac.th', '', '', 1, '', '', ''),
(1032, 6, '5480948', '453f5f1542539b5cbe6176b5acd3aa6b', 'ACTIVE', 1, '2015-01-12 14:09:12', NULL, '5480948@mahidol.ac.th', '', '', 1, '', '', ''),
(1033, 6, '5481065', '98672b909d44ea1ee55ba8297480ae9a', 'ACTIVE', 1, '2015-01-12 14:09:12', NULL, '5481065@mahidol.ac.th', '', '', 1, '', '', ''),
(1034, 6, '5580569', '0e6f829e27a7ea016fd613f4b7afc14f', 'ACTIVE', 1, '2015-01-12 14:09:12', NULL, '5580569@mahidol.ac.th', '', '', 1, '', '', ''),
(1035, 6, '5680968', '73704a7a8d0f6dc25f111072d6378725', 'ACTIVE', 1, '2015-01-12 14:09:12', NULL, '5680968@mahidol.ac.th', '', '', 1, '', '', ''),
(1036, 6, '5480675', '1817b1e703529d76357f9ad00c93cbeb', 'ACTIVE', 1, '2015-01-12 14:09:12', NULL, '5480675@mahidol.ac.th', '', '', 1, '', '', ''),
(1037, 6, '5380704', 'd520657c894c5456a8064a4e6beef2c2', 'ACTIVE', 1, '2015-01-12 14:09:12', NULL, '5380704@mahidol.ac.th', '', '', 1, '', '', ''),
(1038, 6, '5380705', '11944f75ae869350dadd09cc50850645', 'ACTIVE', 1, '2015-01-12 14:09:12', NULL, '5380705@mahidol.ac.th', '', '', 1, '', '', ''),
(1039, 6, '5681101', '15f92abb6bdde297f94671566bc2bc32', 'ACTIVE', 1, '2015-01-12 14:09:12', NULL, '5681101@mahidol.ac.th', '', '', 1, '', '', ''),
(1040, 6, '5480917', 'd548e35340150ea324113ce61649b737', 'ACTIVE', 1, '2015-01-12 14:09:12', NULL, '5480917@mahidol.ac.th', '', '', 1, '', '', ''),
(1041, 6, '5580395', 'ac66f01c26acf62bf7a99a46eed7a6e3', 'ACTIVE', 1, '2015-01-12 14:09:12', NULL, '5580395@mahidol.ac.th', '', '', 1, '', '', ''),
(1042, 6, '5580570', '7b434e35eb1062d17e9d64af0f3d9481', 'ACTIVE', 1, '2015-01-12 14:09:12', NULL, '5580570@mahidol.ac.th', '', '', 1, '', '', ''),
(1043, 6, '5380887', '755d2fcfe0c00ec2874924538dab8475', 'ACTIVE', 1, '2015-01-12 14:09:12', NULL, '5380887@mahidol.ac.th', '', '', 1, '', '', ''),
(1044, 6, '5480906', '2f9e6fcdd86e2b719047459f9e5275f2', 'ACTIVE', 1, '2015-01-12 14:09:12', NULL, '5480906@mahidol.ac.th', '', '', 1, '', '', ''),
(1045, 6, '5580172', 'dbb231e002f210778aaaf8bd1b684779', 'ACTIVE', 1, '2015-01-12 14:09:12', NULL, '5580172@mahidol.ac.th', '', '', 1, '', '', ''),
(1046, 6, '5480704', 'b7da5fdbbb18244da6d5eccaf59f1d25', 'ACTIVE', 1, '2015-01-12 14:09:12', NULL, '5480704@mahidol.ac.th', '', '', 1, '', '', ''),
(1047, 6, '5580167', '26e92f233b64758b3a38e688ccc0601e', 'ACTIVE', 1, '2015-01-12 14:09:12', NULL, '5580167@mahidol.ac.th', '', '', 1, '', '', ''),
(1048, 6, '5580093', '585e871a2a91d63af2d3e33e11bd3b0e', 'ACTIVE', 1, '2015-01-12 14:09:12', NULL, '5580093@mahidol.ac.th', '', '', 1, '', '', ''),
(1049, 6, '5580042', '65198089526964f7ecae9be1c787afdc', 'ACTIVE', 1, '2015-01-12 14:09:12', NULL, '5580042@mahidol.ac.th', '', '', 1, '', '', ''),
(1050, 6, '5580685', '9f4e932196888f4ce91c725d5ae17074', 'ACTIVE', 1, '2015-01-12 14:09:12', NULL, '5580685@mahidol.ac.th', '', '', 1, '', '', ''),
(1051, 6, '5580171', 'b590188600d7ce893a959d6a6542f5e5', 'ACTIVE', 1, '2015-01-12 14:09:12', NULL, '5580171@mahidol.ac.th', '', '', 1, '', '', ''),
(1052, 6, '5580633', '697cbc296da99d6441bfd89e1cc91a77', 'ACTIVE', 1, '2015-01-12 14:09:12', NULL, '5580633@mahidol.ac.th', '', '', 1, '', '', ''),
(1053, 6, '5480416', '3edbfec967ab034b1b750f611ac4ca72', 'ACTIVE', 1, '2015-01-12 14:09:12', NULL, '5480416@mahidol.ac.th', '', '', 1, '', '', ''),
(1054, 6, '5580063', '9b14ca3285d228fdf0af291c40d05150', 'ACTIVE', 1, '2015-03-03 17:13:31', NULL, '5580063@mahidol.ac.th', '', '', 1, '', '', ''),
(1055, 6, '5580001', 'db013e3616de79901599ef7eea6ca72b', 'ACTIVE', 1, '2015-01-12 14:09:12', NULL, '5580001@mahidol.ac.th', '', '', 1, '', '', ''),
(1056, 6, '5780769', '94f6109338eeefe0cbb787db351dfa73', 'ACTIVE', 1, '2015-01-12 14:09:12', NULL, '5780769@mahidol.ac.th', '', '', 1, '', '', ''),
(1057, 6, '5681080', 'cec782ba2f6fd4ab2b917525fcba2ecc', 'ACTIVE', 1, '2015-01-12 14:09:12', NULL, '5681080@mahidol.ac.th', '', '', 1, '', '', ''),
(1058, 6, '5580481', '656ea2e469417729e163dfcfca06de70', 'ACTIVE', 1, '2015-01-12 14:09:12', NULL, '5580481@mahidol.ac.th', '', '', 1, '', '', ''),
(1059, 6, '5380466', 'febb2faf9ad2958242ccccc2a9005ad4', 'ACTIVE', 1, '2015-03-10 15:12:07', NULL, '5380466@mahidol.ac.th', '', '', 1, '', '', ''),
(1060, 6, '5580574', '8b2cc895600d8bc4586d8b3d439465b7', 'ACTIVE', 1, '2015-03-09 15:00:51', NULL, '5580574@mahidol.ac.th', '', '', 1, '', '', ''),
(1061, 6, '5580638', 'f1678d7a8fd06a21597f1e6f3c4eafcc', 'ACTIVE', 1, '2015-01-12 14:09:12', NULL, '5580638@mahidol.ac.th', '', '', 1, '', '', ''),
(1062, 6, '5680883', 'ba35e87fe67f760bdfc83d5041ddd34b', 'ACTIVE', 1, '2015-01-12 14:09:12', NULL, '5680883@mahidol.ac.th', '', '', 1, '', '', ''),
(1063, 6, '5480336', 'f84aa09ea1674c4c7bf4381930816275', 'ACTIVE', 1, '2015-01-12 14:09:12', NULL, '5480336@mahidol.ac.th', '', '', 1, '', '', ''),
(1064, 6, '5580003', 'b3ac997255c44ddddb162aa31bd47ec3', 'ACTIVE', 1, '2015-01-12 14:09:12', NULL, '5580003@mahidol.ac.th', '', '', 1, '', '', ''),
(1065, 6, '5580010', '6509905b599119182ad23192f29105a8', 'ACTIVE', 1, '2015-01-12 14:09:12', NULL, '5580010@mahidol.ac.th', '', '', 1, '', '', ''),
(1066, 6, '5480610', '5808c9dd83113ea65b2657506ebf741f', 'ACTIVE', 1, '2015-01-12 14:09:12', NULL, '5480610@mahidol.ac.th', '', '', 1, '', '', ''),
(1067, 6, '5580147', 'd99d015c628e463c25aaed612c6f8d07', 'ACTIVE', 1, '2015-01-12 14:09:12', NULL, '5580147@mahidol.ac.th', '', '', 1, '', '', ''),
(1068, 6, '5580176', 'f21439a1c685c66656a53ba212181436', 'ACTIVE', 1, '2015-01-12 14:09:12', NULL, '5580176@mahidol.ac.th', '', '', 1, '', '', ''),
(1069, 6, '5780217', '58a01c9c700292ca7b3e621e02afd18b', 'ACTIVE', 1, '2015-01-12 14:09:12', NULL, '5780217@mahidol.ac.th', '', '', 1, '', '', ''),
(1070, 6, '5480577', '630f300cc5aa1af9fc429d6b862cb0b9', 'ACTIVE', 1, '2015-01-12 14:09:12', NULL, '5480577@mahidol.ac.th', '', '', 1, '', '', ''),
(1071, 6, '5780739', '28f814f0cea2e91cc144dbc5be27e405', 'ACTIVE', 1, '2015-01-12 14:09:12', NULL, '5780739@mahidol.ac.th', '', '', 1, '', '', ''),
(1072, 6, '5380701', '83f19edadf1f96fe5870f27457ded01f', 'ACTIVE', 1, '2015-01-12 14:09:12', NULL, '5380701@mahidol.ac.th', '', '', 1, '', '', ''),
(1073, 6, '5780001', '74dae498c0cf86c26a4ba521154aa281', 'ACTIVE', 1, '2015-01-12 14:09:12', NULL, '5780001@mahidol.ac.th', '', '', 1, '', '', ''),
(1074, 6, '5180653', '55ba46560d003c5ef442d108775ce09f', 'ACTIVE', 1, '2015-01-12 14:09:12', NULL, '5180653@mahidol.ac.th', '', '', 1, '', '', ''),
(1075, 6, '5581009', '460cd8ade9576033c7f36bbdace513c1', 'ACTIVE', 1, '2015-03-06 14:06:31', NULL, '5581009@mahidol.ac.th', '', '', 1, '', '', ''),
(1076, 6, '5580890', '1abd6e31b7bae662350da552c15c90d4', 'ACTIVE', 1, '2015-01-12 14:09:12', NULL, '5580890@mahidol.ac.th', '', '', 1, '', '', ''),
(1077, 6, '5481067', 'd6b350cf1f4c0fbe3c7ae7470d8e11f3', 'ACTIVE', 1, '2015-03-06 13:48:16', NULL, '5481067@mahidol.ac.th', '', '', 1, '', '', ''),
(1078, 6, '5681085', 'a96ef0092a7a8a54110ae40bb499ab8c', 'ACTIVE', 1, '2015-01-12 14:09:12', NULL, '5681085@mahidol.ac.th', '', '', 1, '', '', ''),
(1079, 6, '5580821', '60e07f7b3de600470610bc7a5442a2ed', 'ACTIVE', 1, '2015-01-12 14:09:12', NULL, '5580821@mahidol.ac.th', '', '', 1, '', '', ''),
(1080, 6, '5580892', '0140e9788ec82e54e79259e21abd7103', 'ACTIVE', 1, '2015-01-12 14:09:12', NULL, '5580892@mahidol.ac.th', '', '', 1, '', '', ''),
(1081, 6, '5580178', '145bc094b50e05dcbfc44cf36c636921', 'ACTIVE', 1, '2015-01-12 14:09:12', NULL, '5580178@mahidol.ac.th', '', '', 1, '', '', ''),
(1082, 6, '5580952', 'ff84e96db6c830f05caf7a35727a9e20', 'ACTIVE', 1, '2015-01-12 14:09:12', NULL, '5580952@mahidol.ac.th', '', '', 1, '', '', ''),
(1083, 6, '5580942', 'd5636391bf86d8ffaa119d9f31c1b1c5', 'ACTIVE', 1, '2015-01-12 14:09:12', NULL, '5580942@mahidol.ac.th', '', '', 1, '', '', ''),
(1084, 6, '5581005', '54dd76667af800fe4949d2924c97f872', 'ACTIVE', 1, '2015-01-12 14:09:12', NULL, '5581005@mahidol.ac.th', '', '', 1, '', '', ''),
(1085, 6, '5780560', '2e555b65a6f03965142c9a33831eeb2a', 'ACTIVE', 1, '2015-01-12 14:09:12', NULL, '5780560@mahidol.ac.th', '', '', 1, '', '', ''),
(1086, 6, '5580888', '346812c02470cf560763d58364d7d9b2', 'ACTIVE', 1, '2015-01-12 14:09:12', NULL, '5580888@mahidol.ac.th', '', '', 1, '', '', ''),
(1087, 6, '5580806', '009d4a84d9ba2561b7d599ae46ae2c3b', 'ACTIVE', 1, '2015-01-12 14:09:12', NULL, '5580806@mahidol.ac.th', '', '', 1, '', '', ''),
(1088, 6, '5480496', 'a6f5132443d58a6294e26af059737b81', 'ACTIVE', 1, '2015-01-12 14:09:12', NULL, '5480496@mahidol.ac.th', '', '', 1, '', '', ''),
(1089, 6, '5680326', 'b401cc146925998af3db66e9288df445', 'ACTIVE', 1, '2015-01-12 14:09:12', NULL, '5680326@mahidol.ac.th', '', '', 1, '', '', ''),
(1090, 6, '5680329', '5bbe6ed2c492e096db9967cd13baa94b', 'ACTIVE', 1, '2015-01-12 14:09:12', NULL, '5680329@mahidol.ac.th', '', '', 1, '', '', ''),
(1091, 6, '5680002', '1cd8f6b9b9f6867b6cc4ba159c503d72', 'ACTIVE', 1, '2015-01-12 14:09:12', NULL, '5680002@mahidol.ac.th', '', '', 1, '', '', ''),
(1092, 6, '5680459', 'c62ca925e8c245a7b8ee7a1cdcbcee69', 'ACTIVE', 1, '2015-03-03 13:57:03', NULL, '5680459@mahidol.ac.th', '', '', 1, '', '', ''),
(1093, 6, '5680411', 'e7c7f3f96e1cfa0d7f0a06216ff1335d', 'ACTIVE', 1, '2015-01-12 14:09:12', NULL, '5680411@mahidol.ac.th', '', '', 1, '', '', ''),
(1094, 6, '5680413', 'cfaf22b274d4019a356d99c83f2cec23', 'ACTIVE', 1, '2015-01-12 14:09:12', NULL, '5680413@mahidol.ac.th', '', '', 1, '', '', ''),
(1095, 6, '5680407', 'aaeda44eb38d0d9f1115d77fa92aee92', 'ACTIVE', 1, '2015-03-06 16:41:05', NULL, '5680407@mahidol.ac.th', '', '', 1, '', '', ''),
(1096, 6, '5380924', '9109657562e35c1fd13fd1154684b126', 'ACTIVE', 1, '2015-02-11 16:29:43', NULL, '5380924@mahidol.ac.th', '', '', 1, '', '', ''),
(1097, 6, '5780051', '3ff2792836967f5a0dbccd47cdfcfe83', 'ACTIVE', 1, '2015-01-12 14:09:12', NULL, '5780051@mahidol.ac.th', '', '', 1, '', '', ''),
(1098, 6, '5680060', 'a7b14e44091406bb6936585c28f06436', 'ACTIVE', 1, '2015-02-09 13:45:56', NULL, '5680060@mahidol.ac.th', '', '', 1, '', '', ''),
(1099, 6, '5680056', '0920c8ce00a8f92fd5ad93bfe429e1e7', 'ACTIVE', 1, '2015-01-12 14:09:12', NULL, '5680056@mahidol.ac.th', '', '', 1, '', '', ''),
(1100, 6, '5680157', '17745c3c3b383db8dcd37bde21e7d244', 'ACTIVE', 1, '2015-01-12 14:09:12', NULL, '5680157@mahidol.ac.th', '', '', 1, '', '', ''),
(1101, 6, '5480580', '10c35c20e9981b02c59e7e064ef8187f', 'ACTIVE', 1, '2015-01-12 14:09:12', NULL, '5480580@mahidol.ac.th', '', '', 1, '', '', ''),
(1102, 6, '5680057', 'fc3d18b6d7733ff3251c6c72c57959fb', 'ACTIVE', 1, '2015-01-12 14:09:12', NULL, '5680057@mahidol.ac.th', '', '', 1, '', '', ''),
(1103, 6, '5481066', '979fea962ce86882f191b9c3f5fb4607', 'ACTIVE', 1, '2015-03-09 16:50:50', NULL, '5481066@mahidol.ac.th', '', '', 1, '', '', ''),
(1104, 6, '5680086', '587bc921b1c7e072e98f0e31ca47ab88', 'ACTIVE', 1, '2015-01-12 14:09:12', NULL, '5680086@mahidol.ac.th', '', '', 1, '', '', ''),
(1105, 6, '5580649', 'd207b922fe066d21a158a0118ab6b138', 'ACTIVE', 1, '2015-02-23 10:43:10', NULL, '5580649@mahidol.ac.th', '', '', 1, '', '', ''),
(1106, 6, '5580647', 'dd04e2cf6b0d780d74c00d2bd1567419', 'ACTIVE', 1, '2015-01-12 14:09:13', NULL, '5580647@mahidol.ac.th', '', '', 1, '', '', ''),
(1107, 6, '5480854', '0df6efefa2a909e523e2012f327ec891', 'ACTIVE', 1, '2015-01-12 14:09:13', NULL, '5480854@mahidol.ac.th', '', '', 1, '', '', ''),
(1108, 6, '5680406', '743450052cea784e3e6c51abd2ded89a', 'ACTIVE', 1, '2015-03-06 15:39:05', NULL, '5680406@mahidol.ac.th', '', '', 1, '', '', ''),
(1109, 6, '5581008', '53aa58a1ba4b93164156ede80ad7de0c', 'ACTIVE', 1, '2015-01-12 14:09:13', NULL, '5581008@mahidol.ac.th', '', '', 1, '', '', ''),
(1110, 6, '5580893', 'eab5eb7dc9890b99bf5d73c4bb5f003f', 'ACTIVE', 1, '2015-01-12 14:09:13', NULL, '5580893@mahidol.ac.th', '', '', 1, '', '', ''),
(1111, 6, '5680409', 'dc8de76f2d8c90e59c5c9492b872ef8c', 'ACTIVE', 1, '2015-02-10 09:51:42', NULL, '5680409@mahidol.ac.th', '', '', 1, '', '', ''),
(1113, 2, 'somphat.suk', '31cf7fa9ecf43210ce6772f83556801c', 'ACTIVE', NULL, '0000-00-00 00:00:00', NULL, 'somphat.suk@mahidol.ac.th', '', '', 1, '0', '0', NULL),
(1114, 2, 'tichakorn.jir', 'f346846abb662abce8cfb06d39c1ddeb', 'ACTIVE', NULL, '0000-00-00 00:00:00', NULL, 'tichakorn.jir@mahidol.ac.th', '', '', 1, '0', '0', NULL),
(1115, 2, 'threepak.pat', '3868162af9765843650a6f4e6286ce85', 'ACTIVE', NULL, '0000-00-00 00:00:00', NULL, 'threepak.pat@mahidol.ac.th', '', '', 1, '0', '0', NULL),
(1116, 2, 'rungtipa.sae', 'b1f25ad1e4a04c21447c6c337d398173', 'ACTIVE', NULL, '2015-03-11 11:39:29', NULL, 'rungtipa.sae@mahidol.ac.th', '', '', 1, '0', '0', NULL),
(1117, 2, 'nattika.phu', 'd21b2757a56f0d9cdde1e8fc42dff572', 'ACTIVE', NULL, '0000-00-00 00:00:00', NULL, 'nattika.phu@mahidol.ac.th', '', '', 1, '0', '0', NULL),
(1118, 2, 'sompon.bua', 'f5399a86e60141fb1da1b3e451baa746', 'ACTIVE', NULL, '2015-02-18 11:23:24', NULL, 'sompon.bua@mahidol.ac.th', '', '', 1, '0', '0', NULL),
(1119, 2, 'preecha.rum', '4582b5e25228e23a13f9373046afc987', 'ACTIVE', NULL, '0000-00-00 00:00:00', NULL, 'preecha.rum@mahidol.ac.th', '', '', 1, '0', '0', NULL),
(1120, 2, 'veena.tha', '3674a735fc274ed90b96b6a9171695b8', 'ACTIVE', NULL, '0000-00-00 00:00:00', NULL, 'veena.tha@mahidol.ac.th', '', '', 1, '0', '0', NULL),
(1121, 2, 'teerawan.nun', 'd292518f5c5d504e0fedf1574cfdb8bb', 'ACTIVE', NULL, '0000-00-00 00:00:00', NULL, 'teerawan.nun@mahidol.ac.th', '', '', 1, '0', '0', NULL),
(1122, 2, 'hiranya.sir', '0b3fa98b8a3c147fbafb7bbd81dfc03b', 'ACTIVE', NULL, '0000-00-00 00:00:00', NULL, 'hiranya.sir@mahidol.ac.th', '', '', 1, '0', '0', NULL),
(1123, 2, 'jaruporn.bun', 'fa7d6ff46a1c403162f520e1b33da56a', 'ACTIVE', NULL, '0000-00-00 00:00:00', NULL, 'jaruporn.bun@mahidol.ac.th', '', '', 1, '0', '0', NULL),
(1124, 2, 'panisara.aka', '804f11158118e88f90493a5dd10ff314', 'ACTIVE', NULL, '0000-00-00 00:00:00', NULL, 'panisara.aka@mahidol.ac.th', '', '', 1, '0', '0', NULL),
(1125, 2, 'budsara.yar', '64004829896a507f7e0814a978e11173', 'ACTIVE', NULL, '0000-00-00 00:00:00', NULL, 'budsara.yar@mahidol.ac.th', '', '', 1, '0', '0', NULL),
(1126, 2, 'nisit.tim', '708089f8025cae427f1ca8ac2c06f955', 'ACTIVE', NULL, '0000-00-00 00:00:00', NULL, 'nisit.tim@mahidol.ac.th', '', '', 1, '0', '0', NULL),
(1127, 2, 'chayapa.suk', '7b463622f4cd17c81d09598fab3eec4c', 'ACTIVE', NULL, '0000-00-00 00:00:00', NULL, 'chayapa.suk@mahidol.ac.th', '', '', 1, '0', '0', NULL),
(1128, 2, 'sithapan.vir', 'b9976a413c524d9cf3396f905665d3d4', 'ACTIVE', NULL, '0000-00-00 00:00:00', NULL, 'sithapan.vir@mahidol.ac.th', '', '', 1, '0', '0', NULL),
(1129, 2, 'thipsukhon.chu', 'ec1b1758d4a00a823b1337d6905d0535', 'ACTIVE', NULL, '0000-00-00 00:00:00', NULL, 'thipsukhon.chu@mahidol.ac.th', '', '', 1, '0', '0', NULL),
(1130, 2, 'woranan.api', '2565cb05dc10d68f6b4ddfda953a9a6a', 'ACTIVE', NULL, '0000-00-00 00:00:00', NULL, 'woranan.api@mahidol.ac.th', '', '', 1, '0', '0', NULL),
(1131, 6, '5380106', '431153d8c9bf60da4c3d388d178232fd', 'ACTIVE', 1, '2015-03-02 14:33:47', NULL, '5380106@mahidol.ac.th', '', '', 1, '', '', ''),
(1132, 6, '5380710', '756dbbeb89b67d476641e6d7b5e45698', 'ACTIVE', 1, '2015-02-09 17:11:18', NULL, '5380710@mahidol.ac.th', '', '', 1, '', '', ''),
(1133, 6, '5480468', '6b9ab86be163ca3458818b34f9294e2d', 'ACTIVE', 1, '2015-02-09 17:11:18', NULL, '5480468@mahidol.ac.th', '', '', 1, '', '', ''),
(1134, 6, '5480625', '3fc57da2dd30b4e01e1de941a7965722', 'ACTIVE', 1, '2015-02-09 17:11:18', NULL, '5480625@mahidol.ac.th', '', '', 1, '', '', ''),
(1135, 6, '5480689', 'f1fea2dd77c22e33cc136ba5cb9ae4e9', 'ACTIVE', 1, '2015-02-09 17:11:18', NULL, '5480689@mahidol.ac.th', '', '', 1, '', '', ''),
(1136, 6, '5480991', '88fc164b00c2299454c16d1a6fbd71bf', 'ACTIVE', 1, '2015-02-09 17:11:18', NULL, '5480991@mahidol.ac.th', '', '', 1, '', '', ''),
(1137, 6, '5481063', '7866cc726c898036798ed596393e3c75', 'ACTIVE', 1, '2015-02-09 17:11:18', NULL, '5481063@mahidol.ac.th', '', '', 1, '', '', ''),
(1138, 6, '5580020', '2d7629e6435e7278c850c7f127503b9e', 'ACTIVE', 1, '2015-02-09 17:11:18', NULL, '5580020@mahidol.ac.th', '', '', 1, '', '', ''),
(1139, 6, '5580174', 'a2710f15223909730671bd5a6c146f41', 'ACTIVE', 1, '2015-02-09 17:11:18', NULL, '5580174@mahidol.ac.th', '', '', 1, '', '', ''),
(1140, 6, '5580385', '9e2b22890ecffa1b5df4cea9216b31b0', 'ACTIVE', 1, '2015-02-09 17:11:18', NULL, '5580385@mahidol.ac.th', '', '', 1, '', '', ''),
(1141, 6, '5580439', '20e7bcfcf911adee1f8ae8eb2e6ed850', 'ACTIVE', 1, '2015-02-09 17:11:18', NULL, '5580439@mahidol.ac.th', '', '', 1, '', '', ''),
(1142, 6, '5580578', '05afa4834aebc809f6a7edd2230d7502', 'ACTIVE', 1, '2015-02-09 17:11:18', NULL, '5580578@mahidol.ac.th', '', '', 1, '', '', ''),
(1143, 6, '5580794', 'f950ccf1e86a6c75fdd3b3258c1a3262', 'ACTIVE', 1, '2015-02-09 17:11:18', NULL, '5580794@mahidol.ac.th', '', '', 1, '', '', ''),
(1144, 6, '5580795', '2b58d22d551ac3cf054cdddf6517d61b', 'ACTIVE', 1, '2015-02-09 17:11:18', NULL, '5580795@mahidol.ac.th', '', '', 1, '', '', ''),
(1145, 6, '5580886', 'e2a88e90dc49b6698c733a1aa75b98da', 'ACTIVE', 1, '2015-02-09 17:11:18', NULL, '5580886@mahidol.ac.th', '', '', 1, '', '', ''),
(1146, 6, '5580887', '845641fece0ad0590008c9c9a2bd3593', 'ACTIVE', 1, '2015-02-09 17:11:18', NULL, '5580887@mahidol.ac.th', '', '', 1, '', '', ''),
(1147, 6, '5580889', '3629967de7cff679fa7866b84f15b0ed', 'ACTIVE', 1, '2015-02-09 17:11:18', NULL, '5580889@mahidol.ac.th', '', '', 1, '', '', ''),
(1148, 6, '5580891', '3c155f8204a01f982e946cf8fffe19a7', 'ACTIVE', 1, '2015-02-09 17:11:18', NULL, '5580891@mahidol.ac.th', '', '', 1, '', '', ''),
(1149, 6, '5580955', '80f741f3bfb66fd72896d253f3ee65c0', 'ACTIVE', 1, '2015-02-09 17:11:18', NULL, '5580955@mahidol.ac.th', '', '', 1, '', '', ''),
(1150, 6, '5580982', '36b1290ba6651b7afa82a9948ec5f880', 'ACTIVE', 1, '2015-02-09 17:11:18', NULL, '5580982@mahidol.ac.th', '', '', 1, '', '', ''),
(1151, 6, '5581023', 'c3dfc53ea38711557750c90a220a6439', 'ACTIVE', 1, '2015-02-09 17:11:18', NULL, '5581023@mahidol.ac.th', '', '', 1, '', '', ''),
(1152, 6, '5581024', 'a024f334fcc8c85d8323d32f308de9b3', 'ACTIVE', 1, '2015-02-09 17:11:18', NULL, '5581024@mahidol.ac.th', '', '', 1, '', '', ''),
(1153, 6, '5680001', '22e7bde9b83a5ddd291207ef1b3536c0', 'ACTIVE', 1, '2015-02-09 17:11:18', NULL, '5680001@mahidol.ac.th', '', '', 1, '', '', ''),
(1154, 6, '5680020', 'acdfb7b6cad7307d0895dbcab1393d05', 'ACTIVE', 1, '2015-02-09 17:11:18', NULL, '5680020@mahidol.ac.th', '', '', 1, '', '', ''),
(1155, 6, '5680058', '3091e03e8d7ad5905dd2b611e506237c', 'ACTIVE', 1, '2015-02-09 17:11:18', NULL, '5680058@mahidol.ac.th', '', '', 1, '', '', ''),
(1156, 6, '5680059', 'b260af39ceb8c66c99a30cc16e36d413', 'ACTIVE', 1, '2015-02-09 17:11:18', NULL, '5680059@mahidol.ac.th', '', '', 1, '', '', ''),
(1157, 6, '5680097', '7902b61a8d38b9107ea57d9327f4763b', 'ACTIVE', 1, '2015-02-09 17:11:18', NULL, '5680097@mahidol.ac.th', '', '', 1, '', '', ''),
(1158, 6, '5680106', 'e178cd6fe79e99fa0d639ea5cac0b23f', 'ACTIVE', 1, '2015-02-09 17:11:18', NULL, '5680106@mahidol.ac.th', '', '', 1, '', '', ''),
(1159, 6, '5680107', '6383e9d8b64f77d040ce1a8a483a1406', 'ACTIVE', 1, '2015-03-06 14:01:34', NULL, '5680107@mahidol.ac.th', '', '', 1, '', '', ''),
(1160, 6, '5680118', 'b68799777cf3b479ea10a3d3e9da2266', 'ACTIVE', 1, '2015-02-09 17:11:18', NULL, '5680118@mahidol.ac.th', '', '', 1, '', '', ''),
(1161, 6, '5680133', 'cea37bdffcd88d1abbfb034905751a1f', 'ACTIVE', 1, '2015-03-09 17:39:17', NULL, '5680133@mahidol.ac.th', '', '', 1, '', '', ''),
(1162, 6, '5680141', '1989b5606757bcfbf9f0d34097f27b2d', 'ACTIVE', 1, '2015-02-09 17:11:18', NULL, '5680141@mahidol.ac.th', '', '', 1, '', '', ''),
(1163, 6, '5680161', '48800de421e10d3fcf7a451be92cb8b2', 'ACTIVE', 1, '2015-02-09 17:11:18', NULL, '5680161@mahidol.ac.th', '', '', 1, '', '', ''),
(1164, 6, '5680327', '73c4f10f0df8e1621ae88953809dbec0', 'ACTIVE', 1, '2015-02-09 17:11:18', NULL, '5680327@mahidol.ac.th', '', '', 1, '', '', ''),
(1165, 6, '5680328', '967112ecf07d541d796a30253fd9a947', 'ACTIVE', 1, '2015-02-09 17:11:18', NULL, '5680328@mahidol.ac.th', '', '', 1, '', '', ''),
(1166, 6, '5680408', 'd07d78f47db0d93c0b0c75da167b51c7', 'ACTIVE', 1, '2015-02-09 17:11:19', NULL, '5680408@mahidol.ac.th', '', '', 1, '', '', ''),
(1167, 6, '5680449', '854d37d90c094f3733f4c8227bb26644', 'ACTIVE', 1, '2015-03-06 15:28:55', NULL, '5680449@mahidol.ac.th', '', '', 1, '', '', ''),
(1168, 6, '5680480', '3b1e22e6f30463a32ceabbd6af381bf6', 'ACTIVE', 1, '2015-02-09 17:11:19', NULL, '5680480@mahidol.ac.th', '', '', 1, '', '', ''),
(1169, 6, '5680502', 'ceeeeb868797ae332d26c609498530e0', 'ACTIVE', 1, '2015-03-10 17:48:29', NULL, '5680502@mahidol.ac.th', '', '', 1, '', '', ''),
(1170, 6, '5680504', '2bbb0105df0e12936e7bbf9ba46137c0', 'ACTIVE', 1, '2015-03-12 10:48:50', NULL, '5680504@mahidol.ac.th', '', '', 1, '', '', ''),
(1171, 6, '5680561', '600326fbc4f5c3e7d46ddb91fa907f81', 'ACTIVE', 1, '2015-02-27 10:14:15', NULL, '5680561@mahidol.ac.th', '', '', 1, '', '', ''),
(1172, 6, '5680562', '743cf2ff5434d69e5dce82d9c890b2cc', 'ACTIVE', 1, '2015-03-06 16:33:16', NULL, '5680562@mahidol.ac.th', '', '', 1, '', '', ''),
(1173, 6, '5680563', '93fc0dca5903c302ff3ae45f87f14ced', 'ACTIVE', 1, '2015-02-09 17:11:19', NULL, '5680563@mahidol.ac.th', '', '', 1, '', '', ''),
(1174, 6, '5680586', 'bc90df8d62ee917e38d11c1a10a4e624', 'ACTIVE', 1, '2015-02-09 17:11:19', NULL, '5680586@mahidol.ac.th', '', '', 1, '', '', ''),
(1175, 6, '5680587', '21aeb949c9717bfb8b16f61efc60ac7a', 'ACTIVE', 1, '2015-03-06 16:37:25', NULL, '5680587@mahidol.ac.th', '', '', 1, '', '', ''),
(1176, 6, '5680588', 'dfb018c606652a0c1fede3f0b5651dd0', 'ACTIVE', 1, '2015-02-09 17:11:19', NULL, '5680588@mahidol.ac.th', '', '', 1, '', '', ''),
(1177, 6, '5680589', '154ecb73c58ecc8b03373e90646ae151', 'ACTIVE', 1, '2015-02-09 17:11:19', NULL, '5680589@mahidol.ac.th', '', '', 1, '', '', ''),
(1178, 6, '5680632', '7bf7e40d866b2a4862853111e2718900', 'ACTIVE', 1, '2015-03-06 16:26:07', NULL, '5680632@mahidol.ac.th', '', '', 1, '', '', ''),
(1179, 6, '5680683', '44ac1d18363a3d250bfe0a5186200208', 'ACTIVE', 1, '2015-02-09 17:11:19', NULL, '5680683@mahidol.ac.th', '', '', 1, '', '', ''),
(1180, 6, '5680727', '4be4a53563fd420d67dc611cfe7f97f1', 'ACTIVE', 1, '2015-02-09 17:11:19', NULL, '5680727@mahidol.ac.th', '', '', 1, '', '', ''),
(1181, 6, '5680880', '18fabb81ab741fbccb6131dd3486c86b', 'ACTIVE', 1, '2015-02-09 17:11:19', NULL, '5680880@mahidol.ac.th', '', '', 1, '', '', ''),
(1182, 6, '5680916', '8a90adb1f576a861afaa8d088d565a98', 'ACTIVE', 1, '2015-02-09 17:11:19', NULL, '5680916@mahidol.ac.th', '', '', 1, '', '', ''),
(1183, 6, '5680995', '894a344979ef61b557eaa99d5662a0f3', 'ACTIVE', 1, '2015-02-09 17:11:19', NULL, '5680995@mahidol.ac.th', '', '', 1, '', '', ''),
(1184, 6, '5681011', '3602aec9a37c9bfaf645fc979ba7aa3b', 'ACTIVE', 1, '2015-02-09 17:11:19', NULL, '5681011@mahidol.ac.th', '', '', 1, '', '', ''),
(1185, 6, '5681065', '34fa8d9c4d46a49e0ec8bfc17a599219', 'ACTIVE', 1, '2015-02-09 17:11:19', NULL, '5681065@mahidol.ac.th', '', '', 1, '', '', ''),
(1186, 6, '5681082', 'b204bb6a050e42e5b418c06aae4d1f36', 'ACTIVE', 1, '2015-03-10 11:21:00', NULL, '5681082@mahidol.ac.th', '', '', 1, '', '', ''),
(1190, 5, 'yubol.boo', '6dcd42e5483a1e9a657bdb69fd0bb22a', 'ACTIVE', NULL, '0000-00-00 00:00:00', NULL, 'yubol.boo@mahidol.ac.th', '', '', 1, '0', '0', NULL),
(1191, 5, 'metpariya.kir', 'fd750dc8ec65f00900208f0556aa6f1c', 'ACTIVE', NULL, '2015-03-08 08:51:05', NULL, 'metpariya.kir@mahidol.ac.th', '', '', 1, '0', '0', NULL),
(1192, 5, 'natthapong.bus', 'ef0dd18a91d3ef11bebcd57e7694c552', 'ACTIVE', NULL, '0000-00-00 00:00:00', NULL, 'natthapong.bus@mahidol.ac.th', '', '', 1, '0', '0', NULL),
(1193, 5, 'virawan.amn', '05f7cf397cc9507062af8f457e799a2c', 'ACTIVE', NULL, '0000-00-00 00:00:00', NULL, 'virawan.amn@mahidol.ac.th', '', '', 1, '0', '0', NULL),
(1194, 5, 'chakkaphon.sin', '4ab2d56b294f3a9edfadbf6b798f770d', 'ACTIVE', NULL, '0000-00-00 00:00:00', NULL, 'chakkaphon.sin@mahidol.ac.th', '', '', 1, '0', '0', NULL);

-- --------------------------------------------------------

--
-- Table structure for table `using_log`
--

CREATE TABLE IF NOT EXISTS `using_log` (
`id` int(11) NOT NULL,
  `user_login_id` int(11) DEFAULT NULL,
  `controller_id` varchar(255) NOT NULL,
  `action_id` varchar(255) NOT NULL,
  `datetime` datetime NOT NULL
) ENGINE=InnoDB  DEFAULT CHARSET=utf8 AUTO_INCREMENT=746 ;

--
-- Dumping data for table `using_log`
--

INSERT INTO `using_log` (`id`, `user_login_id`, `controller_id`, `action_id`, `datetime`) VALUES
(5, 1, 'Solution', '', '2013-06-10 01:57:35'),
(6, 1, 'Report', '', '2013-06-10 01:57:39'),
(7, 1, 'Report', 'RequestBookingStatisticReport', '2013-06-10 01:57:53'),
(8, 1, 'Report', 'RequestBookingUsingStatisticReport', '2013-06-10 01:57:55'),
(9, 1, 'RequestService', '', '2013-06-10 02:00:38'),
(10, 1, 'RequestService', 'Request', '2013-06-10 02:00:40'),
(11, 1, 'RequestService', '', '2013-06-10 02:00:57'),
(12, 1, 'requestService', 'update', '2013-06-10 02:01:00'),
(13, 1, 'RequestBorrow', '', '2013-06-10 02:02:09'),
(14, 1, 'RequestBorrow', 'Request', '2013-06-10 02:02:12'),
(15, 1, 'RequestBorrow', '', '2013-06-10 02:02:17'),
(16, 1, 'RequestBorrow', 'Index', '2013-06-10 02:02:19'),
(17, 1, 'RequestBorrow', '', '2013-06-10 02:02:24'),
(18, 1, 'RequestBorrow', 'Index', '2013-06-10 02:02:25'),
(19, 1, 'RequestBorrow', 'Index', '2013-06-10 02:02:27'),
(20, 1, 'RequestBorrow', 'Index', '2013-06-10 02:02:29'),
(21, 1, 'RequestBorrow', 'Request', '2013-06-10 02:02:41'),
(22, 1, 'RequestBorrow', 'View', '2013-06-10 02:02:56'),
(23, 1, 'RequestBorrow', 'Update', '2013-06-10 02:02:59'),
(24, 1, 'Report', '', '2013-06-10 02:05:27'),
(25, 1, 'Report', 'EquipmentCrackStatisticReport', '2013-06-10 02:05:29'),
(26, 1, 'Report', 'EquipmentCrackStatisticReport', '2013-06-10 02:05:42'),
(27, 1, 'Report', 'EquipmentCrackStatisticReport', '2013-06-10 02:06:14'),
(28, 1, 'Report', 'EquipmentCrackStatisticReport', '2013-06-10 02:06:19'),
(29, 1, 'Report', 'EquipmentCrackStatisticReport', '2013-06-10 02:06:30'),
(30, 1, 'Report', 'EquipmentCrackStatisticReport', '2013-06-10 02:06:35'),
(31, 1, 'Report', 'RequestServiceUsingStatisticReport', '2013-06-10 02:06:39'),
(32, 1, 'Report', 'RequestServiceUsingStatisticReport', '2013-06-10 02:07:13'),
(33, 1, 'Report', 'RequestServiceUsingStatisticReport', '2013-06-10 02:07:18'),
(34, 1, 'Report', 'RequestBorrowStatisticReport', '2013-06-10 02:07:20'),
(35, 1, 'Report', 'RequestBorrowUsingStatisticReport', '2013-06-10 02:07:22'),
(36, 1, 'Report', 'RequestBookingUsingStatisticReport', '2013-06-10 02:07:24'),
(37, 1, 'Report', 'RequestBookingStatisticReport', '2013-06-10 02:07:27'),
(38, 1, 'Report', 'RequestBookingUsingStatisticReport', '2013-06-10 02:07:28'),
(39, 1, 'Report', 'RequestBookingUsingStatisticReport', '2013-06-10 02:07:33'),
(40, 1, 'Report', 'RequestBookingUsingStatisticReport', '2013-06-10 02:07:37'),
(41, 1, 'Report', 'RequestBorrowStatisticReport', '2013-06-10 02:08:42'),
(42, 1, 'Report', 'RequestBorrowUsingStatisticReport', '2013-06-10 02:08:44'),
(43, 1, 'RequestBooking', '', '2013-06-10 02:16:45'),
(44, 1, 'RequestBooking', '', '2013-06-10 02:16:45'),
(45, 1, 'RequestBooking', 'Request', '2013-06-10 02:16:47'),
(46, 1, 'RequestBooking', 'View', '2013-06-10 02:16:57'),
(47, 1, 'RequestBooking', 'update', '2013-06-10 02:23:02'),
(48, 1, 'RequestBorrow', '', '2013-06-10 02:23:03'),
(49, 1, 'RequestBorrow', 'CheckStatus', '2013-06-10 02:23:05'),
(50, 1, 'RequestBorrow', '', '2013-06-10 02:23:07'),
(51, 1, 'RequestBorrow', 'Index', '2013-06-10 02:23:09'),
(52, 1, 'RequestBorrow', 'Request', '2013-06-10 02:23:11'),
(53, 1, 'RequestBorrow', '', '2013-06-10 02:23:28'),
(54, 1, 'RequestBorrow', 'Index', '2013-06-10 02:23:31'),
(55, 1, 'RequestBorrow', 'Index', '2013-06-10 02:23:33'),
(56, 1, 'RequestBorrow', '', '2013-06-10 02:23:34'),
(57, 1, 'RequestBorrow', 'Index', '2013-06-10 02:23:36'),
(58, 1, 'RequestBorrow', '', '2013-06-10 02:24:54'),
(59, 1, 'RequestBorrow', 'Index', '2013-06-10 02:24:56'),
(60, 1, 'requestBorrow', 'update', '2013-06-10 02:25:16'),
(61, 1, 'requestBorrow', 'update', '2013-06-10 02:25:26'),
(62, 1, 'requestBorrow', 'update', '2013-06-10 02:25:31'),
(63, 1, 'requestBorrow', 'update', '2013-06-10 02:25:40'),
(64, 1, 'RequestBorrow', '', '2013-06-10 02:25:50'),
(65, 1, 'RequestBorrow', 'Index', '2013-06-10 02:25:52'),
(66, 1, 'requestBorrow', 'update', '2013-06-10 02:25:54'),
(67, 1, 'RequestBorrow', 'Request', '2013-06-10 02:25:57'),
(68, NULL, 'management', 'login', '2013-06-10 14:40:58'),
(69, NULL, '', '', '2013-06-10 14:40:59'),
(70, 1, 'RequestBooking', '', '2013-06-10 14:41:01'),
(71, 1, 'Report', '', '2013-06-10 14:41:04'),
(72, 1, 'Report', 'UserStatisticReport', '2013-06-10 14:41:06'),
(73, 1, 'Report', 'UserStatisticReport', '2013-06-10 14:41:20'),
(74, 1, 'Report', 'UserStatisticReport', '2013-06-10 14:43:21'),
(75, 1, 'Report', 'UserStatisticReport', '2013-06-10 14:43:37'),
(76, 1, 'Report', 'UserStatisticReport', '2013-06-10 14:43:48'),
(77, 1, 'Report', 'UserStatisticReport', '2013-06-10 14:44:11'),
(78, 1, 'Report', 'UserStatisticReport', '2013-06-10 14:44:20'),
(79, 1, 'Report', 'UserStatisticReport', '2013-06-10 14:44:41'),
(80, 1, 'Report', 'UserStatisticReport', '2013-06-10 14:44:54'),
(81, 1, 'Report', 'UserStatisticReport', '2013-06-10 15:00:40'),
(82, 1, 'Report', 'UserStatisticReport', '2013-06-10 15:01:02'),
(83, 1, 'Report', 'UserStatisticReport', '2013-06-10 15:01:24'),
(84, 1, 'Report', 'UserStatisticReport', '2013-06-10 15:01:59'),
(85, 1, 'Report', 'UserStatisticReport', '2013-06-10 15:02:12'),
(86, 1, 'Report', 'UserStatisticReport', '2013-06-10 15:04:25'),
(87, 1, 'Report', 'UserStatisticReport', '2013-06-10 16:13:35'),
(88, 1, 'Report', 'UserStatisticReport', '2013-06-10 16:19:06'),
(89, 1, 'Report', 'UserStatisticReport', '2013-06-10 16:20:56'),
(90, 1, 'Report', 'UserStatisticReport', '2013-06-10 16:27:07'),
(91, 1, 'Report', 'UserStatisticReport', '2013-06-10 16:27:24'),
(92, 1, 'Report', 'UserStatisticReport', '2013-06-10 16:27:33'),
(93, 1, 'Report', 'UserStatisticReport', '2013-06-10 16:29:15'),
(94, 1, 'Report', 'UserStatisticReport', '2013-06-10 16:29:22'),
(95, 1, 'Report', 'UserStatisticReport', '2013-06-10 16:29:37'),
(96, 1, 'Report', 'UserStatisticReport', '2013-06-10 16:30:17'),
(97, 1, 'Report', 'UserStatisticReport', '2013-06-10 16:31:32'),
(98, 1, 'Report', 'UserStatisticReport', '2013-06-10 16:32:09'),
(99, 1, 'Report', 'UserStatisticReport', '2013-06-10 16:32:36'),
(100, 1, 'Report', 'UserStatisticReport', '2013-06-10 16:32:40'),
(101, 1, 'Report', 'UserStatisticReport', '2013-06-10 16:32:44'),
(102, 1, 'Report', 'UserStatisticReport', '2013-06-10 16:33:33'),
(103, 1, 'Report', 'UserStatisticReport', '2013-06-10 16:35:01'),
(104, 1, 'Report', 'EquipmentCrackStatisticReport', '2013-06-10 16:35:03'),
(105, 1, 'Report', 'UserStatisticReport', '2013-06-10 16:35:05'),
(106, 1, 'Report', 'UserStatisticReport', '2013-06-10 16:35:28'),
(107, 1, 'Report', 'UserStatisticReport', '2013-06-10 16:35:32'),
(108, 1, 'Solution', '', '2013-06-10 16:35:39'),
(109, 1, 'RequestService', '', '2013-06-10 16:35:41'),
(110, 1, 'RequestBorrow', '', '2013-06-10 16:35:43'),
(111, 1, 'RequestBooking', '', '2013-06-10 16:35:43'),
(112, 1, 'Report', '', '2013-06-10 16:35:45'),
(113, 1, 'Report', 'UserStatisticReport', '2013-06-10 16:35:46'),
(114, 1, 'Report', 'UserStatisticReport', '2013-06-10 16:53:16'),
(115, 1, 'Report', 'UserStatisticReport', '2013-06-10 16:53:22'),
(116, 1, 'Report', 'UserStatisticReport', '2013-06-10 16:59:27'),
(117, 1, 'Report', 'UserStatisticReport', '2013-06-10 16:59:31'),
(118, 1, 'Report', 'UserStatisticReport', '2013-06-10 16:59:52'),
(119, NULL, 'management', 'login', '2013-06-10 17:34:46'),
(120, 1, 'RequestBooking', '', '2013-06-10 17:34:48'),
(121, 1, 'Report', '', '2013-06-10 17:34:50'),
(122, 1, 'Report', 'UserStatisticReport', '2013-06-10 17:34:52'),
(123, 1, 'Report', 'UserStatisticReport', '2013-06-10 17:39:20'),
(124, 1, 'Report', 'UserStatisticReport', '2013-06-10 17:39:25'),
(125, 1, 'Report', 'UserStatisticReport', '2013-06-10 17:39:43'),
(126, 1, 'Report', 'UserStatisticReport', '2013-06-10 17:40:30'),
(127, 1, 'Report', 'UserStatisticReport', '2013-06-10 17:40:40'),
(128, 1, 'Report', 'UserStatisticReport', '2013-06-10 17:41:00'),
(129, 1, 'Report', 'UserStatisticReport', '2013-06-10 17:41:09'),
(130, NULL, 'management', 'login', '2013-06-10 17:41:58'),
(131, 1, 'RequestBooking', '', '2013-06-10 17:42:00'),
(132, 1, 'Report', '', '2013-06-10 17:42:04'),
(133, 1, 'Report', 'UserStatisticReport', '2013-06-10 17:42:05'),
(134, 1, 'Report', 'UserStatisticReport', '2013-06-10 17:42:09'),
(135, 1, 'Report', 'UserStatisticReport', '2013-06-10 17:42:56'),
(136, NULL, 'management', 'login', '2013-06-10 23:49:36'),
(137, 1, 'RequestBooking', '', '2013-06-10 23:49:37'),
(138, 1, 'RequestBooking', 'Request', '2013-06-10 23:49:39'),
(139, 1, 'RequestBooking', 'Request', '2013-06-11 00:25:03'),
(140, 1, 'RequestBooking', 'Request', '2013-06-11 00:25:54'),
(141, 1, 'RequestBooking', 'Request', '2013-06-11 00:26:54'),
(142, 1, 'RequestBooking', 'Request', '2013-06-11 00:28:07'),
(143, 1, 'RequestBooking', 'Request', '2013-06-11 00:29:41'),
(144, 1, 'RequestBooking', 'Request', '2013-06-11 00:30:52'),
(145, 1, 'RequestBooking', 'Request', '2013-06-11 00:32:03'),
(146, 1, 'RequestBooking', 'Request', '2013-06-11 00:36:28'),
(147, 1, 'RequestBooking', 'Request', '2013-06-11 00:39:27'),
(148, 1, 'RequestBooking', 'Request', '2013-06-11 00:41:03'),
(149, 1, 'RequestBooking', 'Request', '2013-06-11 00:41:13'),
(150, 1, 'RequestBooking', 'Request', '2013-06-11 00:52:51'),
(151, 1, 'RequestBooking', 'Request', '2013-06-11 00:53:03'),
(152, 1, 'RequestBooking', 'Request', '2013-06-11 00:54:56'),
(153, 1, 'RequestBooking', 'Request', '2013-06-11 00:55:22'),
(154, 1, 'RequestBooking', 'Request', '2013-06-11 00:56:23'),
(155, 1, 'RequestBooking', 'Request', '2013-06-11 00:56:37'),
(156, 1, 'RequestBooking', 'Request', '2013-06-11 00:56:59'),
(157, 1, 'RequestBooking', 'Request', '2013-06-11 01:00:02'),
(158, 1, 'RequestBooking', 'Request', '2013-06-11 01:00:16'),
(159, 1, 'RequestBooking', 'Request', '2013-06-11 01:00:26'),
(160, 1, 'RequestBooking', 'Request', '2013-06-11 01:01:26'),
(161, 1, 'RequestBooking', 'Request', '2013-06-11 01:01:50'),
(162, 1, 'RequestBooking', 'Request', '2013-06-11 01:04:04'),
(163, 1, 'RequestBooking', 'Request', '2013-06-11 01:04:52'),
(164, 1, 'RequestBooking', 'Request', '2013-06-11 01:06:24'),
(165, 1, 'RequestBooking', 'Request', '2013-06-11 01:06:46'),
(166, 1, 'RequestBooking', 'Request', '2013-06-11 01:09:23'),
(167, 1, 'RequestBooking', 'Request', '2013-06-11 01:10:41'),
(168, 1, 'RequestBooking', 'Request', '2013-06-11 01:13:12'),
(169, 1, 'RequestBooking', 'Request', '2013-06-11 01:13:33'),
(170, 1, 'RequestBooking', 'Request', '2013-06-11 01:15:17'),
(171, 1, 'RequestBooking', 'Request', '2013-06-11 01:16:35'),
(172, 1, 'RequestBooking', 'Request', '2013-06-11 01:16:53'),
(173, 1, 'RequestBooking', 'Request', '2013-06-11 01:20:12'),
(174, 1, 'RequestBooking', 'Request', '2013-06-11 01:20:36'),
(175, 1, 'RequestBooking', 'Request', '2013-06-11 01:25:04'),
(176, 1, 'RequestBooking', 'Request', '2013-06-11 01:25:40'),
(177, 1, 'RequestBooking', 'View', '2013-06-11 01:26:13'),
(178, 1, 'RequestBooking', 'View', '2013-06-11 01:27:20'),
(179, 1, 'RequestBooking', 'Request', '2013-06-11 01:27:21'),
(180, 1, 'RequestBooking', 'Request', '2013-06-11 01:27:22'),
(181, 1, 'RequestBooking', 'Request', '2013-06-11 01:27:52'),
(182, 1, 'RequestBooking', 'View', '2013-06-11 01:28:16'),
(183, 1, 'RequestBooking', 'Request', '2013-06-11 01:29:04'),
(184, 1, 'RequestBooking', 'Request', '2013-06-11 01:29:05'),
(185, 1, 'RequestBooking', 'Request', '2013-06-11 01:29:17'),
(186, 1, 'RequestBooking', 'View', '2013-06-11 01:29:39'),
(187, 1, 'RequestBooking', 'Request', '2013-06-11 01:29:47'),
(188, 1, 'RequestBooking', 'View', '2013-06-11 01:30:04'),
(189, 1, 'RequestService', '', '2013-06-11 01:30:30'),
(190, 1, 'RequestService', 'Request', '2013-06-11 01:30:31'),
(191, 1, 'Report', '', '2013-06-11 01:32:33'),
(192, 1, 'Report', 'UserStatisticReport', '2013-06-11 01:32:34'),
(193, 1, 'Report', 'UserStatisticReport', '2013-06-11 01:32:45'),
(194, 1, 'Report', 'EquipmentCrackStatisticReport', '2013-06-11 01:33:30'),
(195, 1, 'Report', 'RequestServiceStatisticReport', '2013-06-11 01:33:34'),
(196, 1, 'Report', 'RequestServiceUsingStatisticReport', '2013-06-11 01:33:36'),
(197, 1, 'Report', 'RequestBorrowStatisticReport', '2013-06-11 01:33:38'),
(198, 1, 'Report', 'RequestBorrowUsingStatisticReport', '2013-06-11 01:33:39'),
(199, 1, 'Report', 'RequestBorrowStatisticReport', '2013-06-11 01:33:41'),
(200, 1, 'Report', 'RequestServiceUsingStatisticReport', '2013-06-11 01:33:46'),
(201, 1, 'Report', 'RequestBookingStatisticReport', '2013-06-11 01:33:54'),
(202, 1, 'Report', 'RequestBookingUsingStatisticReport', '2013-06-11 01:33:56'),
(203, 1, 'Report', 'RequestBookingStatisticReport', '2013-06-11 01:34:05'),
(204, 1, 'RequestService', '', '2013-06-11 01:36:26'),
(205, 1, 'RequestService', 'Request', '2013-06-11 01:36:27'),
(206, 1, 'RequestService', 'Request', '2013-06-11 01:37:33'),
(207, 1, 'RequestService', '', '2013-06-11 01:37:46'),
(208, 1, 'requestService', 'view', '2013-06-11 01:37:53'),
(209, 1, 'requestService', 'view', '2013-06-11 01:37:59'),
(210, 1, 'RequestService', 'Request', '2013-06-11 01:38:01'),
(211, 1, 'RequestService', '', '2013-06-11 01:38:12'),
(212, 1, 'requestService', 'view', '2013-06-11 01:38:15'),
(213, 1, 'Report', '', '2013-06-11 01:38:20'),
(214, 1, 'Report', 'RequestBookingStatisticReport', '2013-06-11 01:38:22'),
(215, 1, 'Report', 'UserStatisticReport', '2013-06-11 01:38:43'),
(216, 1, 'Report', 'UserStatisticReport', '2013-06-11 01:39:12'),
(217, 1, 'Report', 'UserStatisticReport', '2013-06-11 01:39:21'),
(218, 1, 'Report', 'RequestServiceStatisticReport', '2013-06-11 01:39:31'),
(219, 1, 'Report', 'RequestServiceUsingStatisticReport', '2013-06-11 01:39:43'),
(220, 1, 'Report', 'RequestBorrowUsingStatisticReport', '2013-06-11 01:39:53'),
(221, 1, 'Report', 'RequestBorrowStatisticReport', '2013-06-11 01:39:55'),
(222, 1, 'Report', 'RequestBookingUsingStatisticReport', '2013-06-11 01:39:57'),
(223, 1, 'Report', 'RequestBookingStatisticReport', '2013-06-11 01:39:58'),
(224, 1, 'Report', 'RequestBookingStatisticReport', '2013-06-11 01:40:21'),
(225, 1, 'Report', 'RequestBookingStatisticReport', '2013-06-11 01:44:30'),
(226, 1, 'RequestBooking', '', '2013-06-11 01:44:50'),
(227, 1, 'RequestBooking', 'Request', '2013-06-11 01:44:53'),
(228, 1, 'RequestBooking', 'View', '2013-06-11 01:45:03'),
(229, 1, 'Report', '', '2013-06-11 01:45:04'),
(230, 1, 'Report', 'RequestBookingStatisticReport', '2013-06-11 01:45:06'),
(231, 1, 'Report', 'RequestBookingUsingStatisticReport', '2013-06-11 01:45:22'),
(232, 1, 'Report', 'RequestBorrowStatisticReport', '2013-06-11 01:46:19'),
(233, 1, 'Report', 'RequestBorrowStatisticReport', '2013-06-11 01:46:56'),
(234, 1, 'Report', 'RequestBookingUsingStatisticReport', '2013-06-11 01:47:01'),
(235, 1, 'Report', 'RequestBookingUsingStatisticReport', '2013-06-11 01:48:00'),
(236, 1, 'Report', 'RequestBorrowStatisticReport', '2013-06-11 01:48:17'),
(237, 1, 'Report', 'RequestBorrowUsingStatisticReport', '2013-06-11 01:48:20'),
(238, 1, 'Report', 'RequestBorrowUsingStatisticReport', '2013-06-11 01:49:11'),
(239, 1, 'Report', 'RequestServiceStatisticReport', '2013-06-11 01:49:15'),
(240, 1, 'Report', 'RequestServiceStatisticReport', '2013-06-11 01:50:00'),
(241, 1, 'Report', 'RequestServiceUsingStatisticReport', '2013-06-11 01:50:10'),
(242, 1, 'Report', 'RequestServiceUsingStatisticReport', '2013-06-11 01:50:53'),
(243, 1, 'Report', 'EquipmentCrackStatisticReport', '2013-06-11 01:51:01'),
(244, 1, 'Report', 'UserStatisticReport', '2013-06-11 01:51:04'),
(245, 1, 'Report', 'EquipmentCrackStatisticReport', '2013-06-11 01:51:05'),
(246, 1, 'Report', 'EquipmentCrackStatisticReport', '2013-06-11 01:51:50'),
(247, 1, 'Report', 'RequestBookingUsingStatisticReport', '2013-06-11 01:51:58'),
(248, 1, 'Report', 'RequestBookingStatisticReport', '2013-06-11 01:52:00'),
(249, 1, 'Report', 'RequestBorrowStatisticReport', '2013-06-11 01:52:03'),
(250, 1, 'Report', 'RequestBorrowUsingStatisticReport', '2013-06-11 01:52:05'),
(251, 1, 'Report', 'RequestServiceStatisticReport', '2013-06-11 01:52:10'),
(252, 1, 'Report', 'RequestServiceUsingStatisticReport', '2013-06-11 01:52:12'),
(253, 1, '', '', '2013-06-11 01:52:17'),
(254, NULL, 'management', 'login', '2013-06-11 10:55:12'),
(255, 1, 'RequestBooking', '', '2013-06-11 10:59:07'),
(256, 1, 'RequestBooking', '', '2013-06-11 10:59:43'),
(257, 1, 'RequestBooking', 'Request', '2013-06-11 10:59:44'),
(258, 1, 'RequestBooking', 'View', '2013-06-11 11:00:04'),
(259, 1, 'RequestBooking', 'Request', '2013-06-11 11:00:10'),
(260, 1, 'RequestBooking', 'Request', '2013-06-11 11:00:34'),
(261, 1, 'RequestBooking', 'Request', '2013-06-11 11:05:27'),
(262, 1, 'RequestBooking', 'View', '2013-06-11 11:05:52'),
(263, 1, 'RequestBooking', 'Request', '2013-06-11 11:05:53'),
(264, 1, 'RequestBooking', 'Request', '2013-06-11 11:18:13'),
(265, 1, 'RequestBooking', 'Request', '2013-06-11 11:18:53'),
(266, 1, 'RequestBooking', 'Request', '2013-06-11 11:20:23'),
(267, 1, 'RequestBooking', 'Request', '2013-06-11 11:20:36'),
(268, 1, 'RequestBooking', 'Request', '2013-06-11 11:20:47'),
(269, 1, 'RequestBooking', 'Request', '2013-06-11 11:29:45'),
(270, 1, 'RequestBooking', 'Request', '2013-06-11 11:29:49'),
(271, 1, 'RequestBooking', 'Request', '2013-06-11 11:30:10'),
(272, 1, 'RequestBooking', 'Request', '2013-06-11 11:30:46'),
(273, 1, 'RequestBooking', 'Request', '2013-06-11 11:31:09'),
(274, 1, 'RequestBooking', 'Request', '2013-06-11 11:39:06'),
(275, 1, 'RequestBooking', 'Request', '2013-06-11 11:39:32'),
(276, 1, 'RequestBooking', 'Request', '2013-06-11 11:40:19'),
(277, 1, 'RequestBooking', 'Request', '2013-06-11 11:41:40'),
(278, 1, 'RequestBooking', 'Request', '2013-06-11 11:43:18'),
(279, 1, 'RequestBooking', 'Request', '2013-06-11 11:43:24'),
(280, 1, 'RequestBooking', 'Request', '2013-06-11 11:53:32'),
(281, 1, 'RequestBooking', 'Request', '2013-06-11 11:55:15'),
(282, 1, 'RequestBooking', 'Request', '2013-06-11 11:57:30'),
(283, 1, 'RequestBooking', 'Request', '2013-06-11 11:58:02'),
(284, 1, 'RequestBooking', 'Request', '2013-06-11 12:00:51'),
(285, 1, 'RequestBorrow', '', '2013-06-11 12:42:57'),
(286, 1, 'RequestBorrow', 'Request', '2013-06-11 12:42:59'),
(287, 1, 'RequestBorrow', 'Request', '2013-06-11 12:50:47'),
(288, 1, 'RequestBorrow', 'Request', '2013-06-11 12:50:51'),
(289, 1, 'RequestBorrow', 'Request', '2013-06-11 12:50:52'),
(290, 1, 'RequestBorrow', 'Request', '2013-06-11 12:50:56'),
(291, 1, 'RequestBorrow', 'Request', '2013-06-11 12:51:01'),
(292, 1, 'RequestBorrow', 'Request', '2013-06-11 12:52:08'),
(293, 1, 'RequestBorrow', 'Request', '2013-06-11 12:52:09'),
(294, 1, 'RequestBorrow', 'Request', '2013-06-11 12:52:53'),
(295, 1, 'RequestBorrow', 'Request', '2013-06-11 12:53:48'),
(296, 1, 'RequestBorrow', 'View', '2013-06-11 12:54:32'),
(297, 1, 'RequestService', '', '2013-06-11 12:55:19'),
(298, 1, 'RequestService', 'Request', '2013-06-11 12:55:21'),
(299, NULL, 'management', 'login', '2013-06-13 10:48:09'),
(300, 1, 'RequestBooking', '', '2013-06-13 10:48:26'),
(301, 1, 'Solution', '', '2013-06-13 10:48:30'),
(302, 1, 'RequestService', '', '2013-06-13 10:48:31'),
(303, 1, 'RequestService', 'Request', '2013-06-13 10:48:33'),
(304, 1, 'Solution', '', '2013-06-13 10:48:37'),
(305, 1, 'RequestService', '', '2013-06-13 10:48:42'),
(306, 1, 'RequestBorrow', '', '2013-06-13 10:48:45'),
(307, 1, 'RequestBorrow', 'Request', '2013-06-13 10:48:46'),
(308, 1, 'RequestService', '', '2013-06-13 10:48:51'),
(309, 1, 'RequestService', 'Request', '2013-06-13 10:48:53'),
(310, 1, 'RequestService', '', '2013-06-13 10:50:03'),
(311, 1, 'requestService', 'view', '2013-06-13 10:50:05'),
(312, 1, 'RequestService', '', '2013-06-13 10:50:11'),
(313, 1, 'RequestService', 'Request', '2013-06-13 10:50:12'),
(314, 1, 'RequestService', '', '2013-06-13 11:03:18'),
(315, 1, 'RequestService', 'Request', '2013-06-13 11:04:04'),
(316, 1, 'RequestService', 'Request', '2013-06-13 11:04:05'),
(317, 1, 'RequestService', 'View', '2013-06-13 11:04:17'),
(318, 1, 'RequestService', '', '2013-06-13 11:04:23'),
(319, 1, 'RequestService', 'Request', '2013-06-13 11:09:05'),
(320, 1, 'RequestService', 'Request', '2013-06-13 11:14:02'),
(321, 1, 'RequestService', 'View', '2013-06-13 11:14:46'),
(322, NULL, 'management', 'login', '2013-06-13 20:35:52'),
(323, 1, 'RequestBooking', '', '2013-06-13 20:35:55'),
(324, 1, 'RequestBorrow', '', '2013-06-13 20:36:06'),
(325, 1, 'RequestBorrow', 'Request', '2013-06-13 20:36:07'),
(326, 1, 'RequestBorrow', 'View', '2013-06-13 20:37:12'),
(327, NULL, 'management', 'login', '2013-06-14 08:32:55'),
(328, NULL, 'management', 'login', '2013-06-15 11:12:00'),
(329, 1, 'RequestBooking', '', '2013-06-15 11:12:03'),
(330, 1, 'RequestBooking', 'Request', '2013-06-15 11:12:05'),
(331, 1, 'RequestBooking', 'Request', '2013-06-15 11:12:33'),
(332, 1, 'RequestBooking', 'Request', '2013-06-15 11:13:08'),
(333, 1, 'RequestBooking', 'Request', '2013-06-15 11:13:30'),
(334, 1, 'RequestBorrow', 'Approve', '2013-06-15 11:15:49'),
(335, 1, 'RequestBorrow', '', '2013-06-15 11:16:02'),
(336, 1, 'requestBorrow', 'view', '2013-06-15 11:16:09'),
(337, 1, 'RequestBorrow', 'Approve', '2013-06-15 11:18:37'),
(338, 1, 'RequestBorrow', 'Approve', '2013-06-15 11:19:31'),
(339, 1, 'RequestBorrow', 'Approve', '2013-06-15 11:26:07'),
(340, 1, 'RequestBorrow', 'Approve', '2013-06-15 11:26:16'),
(341, 1, 'RequestBorrow', 'Approve', '2013-06-15 11:27:07'),
(342, 1, 'RequestBorrow', 'Approve', '2013-06-15 11:27:12'),
(343, 1, 'RequestBorrow', 'Approve', '2013-06-15 11:27:13'),
(344, 1, 'RequestBorrow', 'Approve', '2013-06-15 11:27:25'),
(345, 1, 'RequestBorrow', 'Approve', '2013-06-15 11:27:33'),
(346, 1, 'RequestBorrow', 'Approve', '2013-06-15 11:28:16'),
(347, NULL, 'management', 'login', '2013-06-15 11:28:26'),
(348, NULL, 'RequestBorrow', 'Approve', '2013-06-15 11:28:27'),
(349, 1, 'RequestBooking', '', '2013-06-15 11:28:32'),
(350, 1, 'RequestBorrow', 'Approve', '2013-06-15 11:28:33'),
(351, 1, 'RequestBorrow', 'FinalApprove', '2013-06-15 11:34:05'),
(352, 1, 'RequestBorrow', 'FinalApprove', '2013-06-15 11:34:22'),
(353, 1, 'RequestBorrow', '', '2013-06-15 11:34:31'),
(354, 1, 'RequestBorrow', '', '2013-06-15 11:34:33'),
(355, 1, 'RequestBorrow', 'Request', '2013-06-15 12:12:04'),
(356, 1, 'RequestBorrow', 'Request', '2013-06-15 12:13:43'),
(357, 1, 'RequestBorrow', 'Request', '2013-06-15 12:14:08'),
(358, 1, 'RequestBorrow', 'View', '2013-06-15 12:14:32'),
(359, 1, 'RequestBorrow', 'FinalApprove', '2013-06-15 12:15:17'),
(360, 1, 'RequestBorrow', 'Approve', '2013-06-15 12:15:30'),
(361, 1, 'RequestBorrow', 'FinalApprove', '2013-06-15 12:15:50'),
(362, 1, 'RequestBorrow', 'Request', '2013-06-15 12:16:22'),
(363, 1, 'RequestBorrow', 'Request', '2013-06-15 12:22:06'),
(364, 1, 'RequestBorrow', 'Request', '2013-06-15 12:22:24'),
(365, 1, 'RequestBorrow', 'Request', '2013-06-15 12:23:51'),
(366, 1, 'RequestBorrow', 'Request', '2013-06-15 12:25:48'),
(367, 1, 'RequestBorrow', 'Request', '2013-06-15 12:26:47'),
(368, 1, 'RequestBorrow', 'View', '2013-06-15 12:27:19'),
(369, 1, 'RequestBorrow', 'Approve', '2013-06-15 12:27:41'),
(370, 1, 'RequestBorrow', 'View', '2013-06-15 12:28:43'),
(371, 1, 'RequestBorrow', 'FinalApprove', '2013-06-15 12:29:00'),
(372, 1, 'RequestBorrow', 'View', '2013-06-15 12:29:02'),
(373, 1, 'RequestBorrow', 'View', '2013-06-15 12:29:03'),
(374, 1, 'RequestBorrow', 'Request', '2013-06-15 12:31:02'),
(375, 1, 'RequestBorrow', 'View', '2013-06-15 12:31:32'),
(376, 1, 'RequestBorrow', 'Approve', '2013-06-15 12:31:52'),
(377, 1, 'RequestBorrow', 'View', '2013-06-15 12:32:00'),
(378, 1, 'RequestBorrow', 'View', '2013-06-15 12:32:19'),
(379, 1, 'RequestBorrow', 'FinalApprove', '2013-06-15 12:35:24'),
(380, 1, 'RequestBorrow', 'View', '2013-06-15 12:35:27'),
(381, 1, 'RequestBorrow', 'Request', '2013-06-15 12:36:26'),
(382, 1, 'RequestBorrow', 'View', '2013-06-15 12:36:49'),
(383, 1, 'RequestBorrow', 'Approve', '2013-06-15 12:37:03'),
(384, 1, 'RequestBorrow', 'View', '2013-06-15 12:37:05'),
(385, 1, 'RequestBorrow', 'Disapprove', '2013-06-15 12:37:22'),
(386, 1, 'RequestBorrow', 'View', '2013-06-15 12:37:27'),
(387, 1, 'RequestBooking', '', '2013-06-15 12:41:21'),
(388, 1, 'RequestBooking', '', '2013-06-15 12:50:03'),
(389, 1, 'RequestBooking', 'Request', '2013-06-15 12:50:05'),
(390, 1, 'RequestBooking', 'View', '2013-06-15 12:50:23'),
(391, 1, 'RequestBooking', '', '2013-06-15 12:50:31'),
(392, 1, 'RequestBooking', 'Request', '2013-06-15 12:51:17'),
(393, NULL, 'management', 'login', '2013-06-15 12:51:34'),
(394, 1, 'RequestBooking', '', '2013-06-15 12:51:35'),
(395, 1, 'RequestBooking', 'Request', '2013-06-15 12:51:38'),
(396, 1, 'RequestBooking', 'View', '2013-06-15 12:51:47'),
(397, 1, 'RequestBooking', 'Request', '2013-06-15 12:52:25'),
(398, 1, 'RequestBooking', 'Request', '2013-06-15 12:52:51'),
(399, 1, 'RequestBooking', 'View', '2013-06-15 12:53:12'),
(400, 1, 'RequestBooking', '', '2013-06-15 12:53:26'),
(401, 1, 'RequestBooking', '', '2013-06-15 12:53:29'),
(402, 1, 'RequestBooking', '', '2013-06-15 12:54:34'),
(403, 1, 'RequestBooking', 'Index', '2013-06-15 12:54:37'),
(404, 1, 'RequestBooking', 'Index', '2013-06-15 12:54:39'),
(405, 1, 'RequestBooking', 'Index', '2013-06-15 12:54:42'),
(406, 1, 'RequestBooking', 'Index', '2013-06-15 12:55:26'),
(407, 1, 'RequestBooking', 'Index', '2013-06-15 12:55:33'),
(408, 1, 'RequestBooking', 'Index', '2013-06-15 12:55:37'),
(409, 1, 'RequestBooking', 'Index', '2013-06-15 12:55:44'),
(410, 1, 'RequestBooking', 'Index', '2013-06-15 12:55:45'),
(411, 1, 'RequestBooking', 'Index', '2013-06-15 12:55:47'),
(412, 1, 'RequestBooking', 'Index', '2013-06-15 12:55:48'),
(413, 1, 'RequestBooking', 'Index', '2013-06-15 12:55:49'),
(414, 1, 'RequestBooking', 'Index', '2013-06-15 12:55:54'),
(415, 1, 'RequestBooking', '', '2013-06-15 12:56:19'),
(416, 1, 'RequestBooking', 'CheckStatus', '2013-06-15 12:56:21'),
(417, 1, 'RequestBooking', '', '2013-06-15 12:56:22'),
(418, 1, 'RequestBooking', 'Request', '2013-06-15 12:56:26'),
(419, 1, 'RequestBooking', '', '2013-06-15 12:56:27'),
(420, 1, 'RequestBooking', 'Index', '2013-06-15 12:56:30'),
(421, 1, 'requestBooking', 'view', '2013-06-15 12:56:32'),
(422, 1, 'RequestBooking', '', '2013-06-15 12:56:34'),
(423, 1, 'RequestBooking', 'Index', '2013-06-15 12:56:36'),
(424, 1, 'RequestBooking', 'Index', '2013-06-15 12:56:38'),
(425, 1, 'requestBooking', 'view', '2013-06-15 12:56:47'),
(426, 1, 'RequestBooking', 'update', '2013-06-15 12:56:49'),
(427, 1, 'RequestBooking', 'update', '2013-06-15 12:56:56'),
(428, 1, 'RequestBooking', 'update', '2013-06-15 12:57:04'),
(429, 1, 'RequestBooking', '', '2013-06-15 12:57:52'),
(430, 1, 'RequestBooking', 'Index', '2013-06-15 12:57:55'),
(431, 1, 'RequestBooking', 'Index', '2013-06-15 12:57:57'),
(432, 1, 'RequestBooking', 'Index', '2013-06-15 12:58:01'),
(433, 1, 'RequestBooking', 'Index', '2013-06-15 12:58:03'),
(434, 1, 'RequestBooking', 'Index', '2013-06-15 12:58:05'),
(435, 1, 'RequestBooking', '', '2013-06-15 12:58:53'),
(436, 1, 'RequestBooking', '', '2013-06-15 12:59:15'),
(437, 1, 'RequestBooking', '', '2013-06-15 12:59:29'),
(438, 1, 'RequestBooking', '', '2013-06-15 12:59:42'),
(439, 1, 'RequestBooking', '', '2013-06-15 13:00:00'),
(440, 1, 'RequestBooking', 'Index', '2013-06-15 13:00:04'),
(441, 1, 'RequestBooking', '', '2013-06-15 13:00:13'),
(442, 1, 'RequestBooking', '', '2013-06-15 13:01:07'),
(443, 1, 'RequestBooking', 'Index', '2013-06-15 13:01:11'),
(444, 1, 'RequestBooking', 'Index', '2013-06-15 13:01:13'),
(445, 1, 'RequestBooking', 'Index', '2013-06-15 13:01:16'),
(446, 1, 'RequestBooking', '', '2013-06-15 13:01:29'),
(447, 1, 'RequestBooking', '', '2013-06-15 13:01:31'),
(448, 1, 'RequestBooking', 'Index', '2013-06-15 13:01:33'),
(449, 1, 'RequestBooking', 'Index', '2013-06-15 13:01:45'),
(450, 1, 'RequestBooking', '', '2013-06-15 13:02:04'),
(451, 1, 'RequestBooking', '', '2013-06-15 13:02:06'),
(452, 1, 'RequestBooking', '', '2013-06-15 13:02:08'),
(453, 1, 'RequestBooking', '', '2013-06-15 13:03:12'),
(454, 1, 'RequestBooking', '', '2013-06-15 13:03:22'),
(455, 1, 'RequestBooking', '', '2013-06-15 13:03:58'),
(456, 1, 'RequestBooking', '', '2013-06-15 13:04:09'),
(457, 1, 'RequestBooking', '', '2013-06-15 13:04:10'),
(458, 1, 'RequestBooking', '', '2013-06-15 13:04:18'),
(459, 1, 'RequestBooking', 'Index', '2013-06-15 13:04:27'),
(460, 1, 'RequestBooking', 'Index', '2013-06-15 13:04:31'),
(461, 1, 'RequestBooking', 'Index', '2013-06-15 13:04:33'),
(462, 1, 'RequestBooking', '', '2013-06-15 13:06:20'),
(463, 1, 'RequestBooking', '', '2013-06-15 13:06:22'),
(464, 1, 'RequestBooking', '', '2013-06-15 13:06:23'),
(465, 1, 'RequestBooking', '', '2013-06-15 13:06:23'),
(466, 1, 'RequestBooking', '', '2013-06-15 13:06:23'),
(467, 1, 'RequestBooking', '', '2013-06-15 13:06:36'),
(468, 1, 'RequestBooking', '', '2013-06-15 13:17:17'),
(469, 1, 'management', 'checkalerttosocialmedia', '2013-06-15 13:17:20'),
(470, 1, 'RequestBooking', '', '2013-06-15 13:17:39'),
(471, 1, 'RequestBooking', '', '2013-06-15 13:17:41'),
(472, 1, 'RequestBooking', '', '2013-06-15 13:17:49'),
(473, 1, 'management', 'checkalerttosocialmedia', '2013-06-15 13:17:57'),
(474, 1, 'management', 'checkalerttosocialmedia', '2013-06-15 13:17:58'),
(475, 1, 'management', 'checkalerttosocialmedia', '2013-06-15 13:17:59'),
(476, 1, 'management', 'checkalerttosocialmedia', '2013-06-15 13:18:00'),
(477, 1, 'management', 'checkalerttosocialmedia', '2013-06-15 13:18:00'),
(478, 1, 'management', 'checkalerttosocialmedia', '2013-06-15 13:18:00'),
(479, 1, 'management', 'checkalerttosocialmedia', '2013-06-15 13:18:01'),
(480, 1, 'management', 'checkalerttosocialmedia', '2013-06-15 13:50:18'),
(481, 1, 'management', 'checkalerttosocialmedia', '2013-06-15 13:50:25'),
(482, 1, 'management', 'checkalerttosocialmedia', '2013-06-15 13:50:58'),
(483, 1, 'management', 'checkalerttosocialmedia', '2013-06-15 13:50:59'),
(484, 1, 'management', 'checkalerttosocialmedia', '2013-06-15 13:51:58'),
(485, 1, 'management', 'checkalerttosocialmedia', '2013-06-15 13:56:17'),
(486, 1, 'management', 'checkalerttosocialmedia', '2013-06-15 13:56:30'),
(487, 1, 'management', 'checkalerttosocialmedia', '2013-06-15 13:56:31'),
(488, 1, 'management', 'CheckAlertToTurnItemBack', '2013-06-15 14:14:29'),
(489, 1, 'management', 'CheckAlertToTurnItemBack', '2013-06-15 14:15:29'),
(490, 1, 'management', 'CheckAlertToTurnItemBack', '2013-06-15 14:16:33'),
(491, 1, 'management', 'CheckAlertToTurnItemBack', '2013-06-15 14:16:37'),
(492, 1, 'management', 'CheckAlertToTurnItemBack', '2013-06-15 14:16:38'),
(493, 1, 'management', 'checkalerttosocialmedia', '2013-06-15 14:19:16'),
(494, 1, 'management', 'checkalerttosocialmedia', '2013-06-15 14:19:59'),
(495, 1, 'management', 'checkalerttosocialmedia', '2013-06-15 14:19:59'),
(496, 1, 'management', 'checkalerttosocialmedia', '2013-06-15 14:20:01'),
(497, 1, 'management', 'checkalerttosocialmedia', '2013-06-15 13:50:27'),
(498, 1, 'management', 'checkalerttosocialmedia', '2013-06-15 13:50:36'),
(499, 1, 'management', 'checkalerttosocialmedia', '2013-06-15 13:50:46'),
(500, 1, 'management', 'checkalerttosocialmedia', '2013-06-15 13:51:01'),
(501, 1, 'management', 'checkalerttosocialmedia', '2013-06-15 13:53:18'),
(502, 1, 'management', 'checkalerttosocialmedia', '2013-06-15 13:54:29'),
(503, 1, 'management', 'checkalerttosocialmedia', '2013-06-15 13:55:29'),
(504, NULL, '', '', '2013-06-16 10:42:23'),
(505, NULL, 'management', 'login', '2013-06-16 10:42:50'),
(506, NULL, 'management', 'login', '2013-06-16 10:42:55'),
(507, 1, 'RequestBooking', '', '2013-06-16 10:43:03'),
(508, 1, 'Admin', '', '2013-06-16 10:43:06'),
(509, 1, 'Report', '', '2013-06-16 10:43:07'),
(510, 1, 'Report', 'RequestBookingStatisticReport', '2013-06-16 10:43:14'),
(511, 1, 'Report', 'RequestBookingStatisticReport', '2013-06-16 10:43:26'),
(512, 1, 'Report', 'RequestBookingStatisticReport', '2013-06-16 10:43:29'),
(513, 1, 'Admin', '', '2013-06-16 10:43:53'),
(514, 1, 'Room', '', '2013-06-16 10:43:57'),
(515, 1, 'EquipmentType', '', '2013-06-16 10:44:00'),
(516, 1, 'equipmentType', 'update', '2013-06-16 10:44:06'),
(517, 1, 'EquipmentType', '', '2013-06-16 10:44:18'),
(518, 1, 'equipmentType', 'update', '2013-06-16 10:44:20'),
(519, 1, 'EquipmentType', '', '2013-06-16 10:44:30'),
(520, 1, 'equipmentType', 'update', '2013-06-16 10:44:32'),
(521, 1, 'EquipmentType', '', '2013-06-16 10:44:45'),
(522, 1, 'equipmentType', 'update', '2013-06-16 10:44:47'),
(523, 1, 'EquipmentType', '', '2013-06-16 10:44:59'),
(524, 1, 'equipmentType', 'update', '2013-06-16 10:45:08'),
(525, 1, 'EquipmentType', '', '2013-06-16 10:45:21'),
(526, 1, 'equipmentType', 'update', '2013-06-16 10:45:23'),
(527, 1, 'EquipmentType', '', '2013-06-16 10:45:38'),
(528, 1, 'equipmentType', 'update', '2013-06-16 10:45:41'),
(529, 1, 'EquipmentType', '', '2013-06-16 10:45:46'),
(530, 1, 'EquipmentType', '', '2013-06-16 10:45:47'),
(531, 1, 'equipmentType', 'update', '2013-06-16 10:45:49'),
(532, 1, 'EquipmentType', '', '2013-06-16 10:45:57'),
(533, 1, 'equipmentType', 'update', '2013-06-16 10:46:02'),
(534, 1, 'EquipmentType', '', '2013-06-16 10:46:14'),
(535, 1, 'EquipmentType', 'create', '2013-06-16 10:46:16'),
(536, 1, 'EquipmentType', '', '2013-06-16 10:46:20'),
(537, 1, 'EquipmentType', 'create', '2013-06-16 10:46:28'),
(538, 1, 'EquipmentType', '', '2013-06-16 10:46:53'),
(539, 1, 'Equipment', '', '2013-06-16 10:47:02'),
(540, 1, 'Equipment', '', '2013-06-16 11:40:44'),
(541, 1, 'Room', '', '2013-06-16 11:40:46'),
(542, 1, 'Equipment', '', '2013-06-16 11:41:14'),
(543, NULL, '', '', '2013-06-16 12:50:19'),
(544, 1, 'RequestBooking', '', '2013-06-16 12:50:23'),
(545, 1, 'Admin', '', '2013-06-16 12:50:30'),
(546, 1, 'Equipment', '', '2013-06-16 12:50:33'),
(547, 1, 'Solution', '', '2013-06-16 12:50:39'),
(548, 1, 'Solution', 'Index', '2013-06-16 12:50:43'),
(549, 1, 'Solution', 'Index', '2013-06-16 12:50:54'),
(550, 1, 'RequestBooking', '', '2013-06-16 12:51:07'),
(551, 1, 'RequestBooking', 'Request', '2013-06-16 12:51:08'),
(552, 1, 'RequestBooking', 'Request', '2013-06-16 12:51:14'),
(553, 1, 'RequestBooking', '', '2013-06-16 12:51:20'),
(554, 1, 'RequestBooking', 'Request', '2013-06-16 12:51:23'),
(555, NULL, '', '', '2013-06-16 22:22:35'),
(556, 2, 'RequestBooking', '', '2013-06-16 22:22:40'),
(557, 2, 'RequestBooking', 'CheckStatus', '2013-06-16 22:22:47'),
(558, 2, 'RequestBooking', '', '2013-06-16 22:22:49'),
(559, 2, 'RequestBooking', 'Index', '2013-06-16 22:22:50'),
(560, 2, 'RequestBooking', 'Request', '2013-06-16 22:22:55'),
(561, 2, 'RequestBooking', 'View', '2013-06-16 22:23:57'),
(562, 2, 'RequestBooking', '', '2013-06-16 22:23:59'),
(563, 2, 'RequestBooking', 'Request', '2013-06-16 22:24:04'),
(564, 2, 'RequestBooking', 'View', '2013-06-16 22:24:42'),
(565, 2, 'RequestBooking', '', '2013-06-16 22:27:07'),
(566, 2, 'RequestBooking', 'Request', '2013-06-16 22:27:09'),
(567, 2, 'RequestBorrow', '', '2013-06-16 22:27:28'),
(568, 2, 'RequestBorrow', 'CheckStatus', '2013-06-16 22:27:30'),
(569, 2, 'RequestBooking', '', '2013-06-16 22:27:38'),
(570, 2, 'RequestBooking', 'Request', '2013-06-16 22:27:39'),
(571, 2, 'RequestBorrow', '', '2013-06-16 22:28:24'),
(572, 2, 'RequestBorrow', 'Request', '2013-06-16 22:28:26'),
(573, 2, 'RequestBorrow', 'CheckStatus', '2013-06-16 22:28:40'),
(574, 2, 'RequestBorrow', 'Request', '2013-06-16 22:29:56'),
(575, 2, 'RequestBorrow', 'CheckStatus', '2013-06-16 22:30:01'),
(576, 2, 'RequestBorrow', 'Request', '2013-06-16 22:30:05'),
(577, 2, 'RequestService', '', '2013-06-16 22:30:07'),
(578, 2, 'RequestService', 'Request', '2013-06-16 22:30:08'),
(579, 2, 'RequestBorrow', '', '2013-06-16 22:30:10'),
(580, 2, 'RequestBorrow', 'Request', '2013-06-16 22:30:11'),
(581, 2, 'RequestBorrow', 'Request', '2013-06-16 22:30:40'),
(582, 2, 'RequestBorrow', 'Request', '2013-06-16 22:31:06'),
(583, 2, 'RequestBorrow', '', '2013-06-16 22:31:45'),
(584, 2, 'RequestBorrow', 'CheckStatus', '2013-06-16 22:31:47'),
(585, 2, 'RequestBorrow', 'Request', '2013-06-16 22:31:49'),
(586, 2, 'RequestBooking', '', '2013-06-16 22:33:51'),
(587, 2, 'RequestBooking', 'Request', '2013-06-16 22:33:53'),
(588, 2, 'RequestBooking', 'Request', '2013-06-16 22:34:37'),
(589, 2, 'RequestBooking', 'Request', '2013-06-16 22:35:02'),
(590, 2, 'RequestBooking', 'View', '2013-06-16 22:35:30'),
(591, 2, 'RequestBooking', '', '2013-06-16 22:35:32'),
(592, 2, 'RequestBooking', 'Index', '2013-06-16 22:35:34'),
(593, 2, 'RequestBooking', 'Index', '2013-06-16 22:35:38'),
(594, 2, 'RequestBooking', 'Index', '2013-06-16 22:35:42'),
(595, 2, 'RequestService', '', '2013-06-16 22:35:46'),
(596, 2, 'RequestService', 'Request', '2013-06-16 22:35:48'),
(597, 2, 'RequestService', 'View', '2013-06-16 22:36:01'),
(598, 2, 'RequestService', '', '2013-06-16 22:36:03'),
(599, 2, 'RequestService', 'Request', '2013-06-16 22:36:12'),
(600, 2, 'Admin', '', '2013-06-16 22:36:15'),
(601, 2, 'ServiceTypeItem', '', '2013-06-16 22:36:17'),
(602, 2, 'EquipmentType', '', '2013-06-16 22:36:18'),
(603, 2, 'Equipment', '', '2013-06-16 22:36:19'),
(604, 2, 'Department', '', '2013-06-16 22:36:20'),
(605, 2, 'Room', '', '2013-06-16 22:36:22'),
(606, 2, 'Semester', '', '2013-06-16 22:36:23'),
(607, 2, 'User', '', '2013-06-16 22:36:24'),
(608, 2, 'user', 'update', '2013-06-16 22:37:43'),
(609, 2, 'User', '', '2013-06-16 22:37:50'),
(610, 2, 'RequestBorrow', '', '2013-06-16 22:38:29'),
(611, 2, 'RequestBooking', '', '2013-06-16 22:38:31'),
(612, 2, 'RequestBooking', 'Request', '2013-06-16 22:38:32'),
(613, 2, 'RequestBorrow', '', '2013-06-16 22:45:50'),
(614, 2, 'RequestBooking', '', '2013-06-16 22:45:52'),
(615, 2, 'RequestBooking', 'CheckStatus', '2013-06-16 22:45:54'),
(616, 2, 'RequestBooking', 'Request', '2013-06-16 22:45:56'),
(617, 2, 'RequestBorrow', '', '2013-06-16 22:46:08'),
(618, 2, 'RequestBorrow', 'Request', '2013-06-16 22:46:10'),
(619, 2, 'RequestBorrow', 'CheckStatus', '2013-06-16 22:46:11'),
(620, 2, 'RequestBorrow', 'request', '2013-06-16 22:46:48'),
(621, 2, 'RequestBorrow', 'CheckStatus', '2013-06-16 22:46:58'),
(622, 2, 'RequestBorrow', 'request', '2013-06-16 22:47:02'),
(623, 2, 'RequestBorrow', 'CheckStatus', '2013-06-16 22:47:08'),
(624, 2, 'RequestBorrow', 'request', '2013-06-16 22:47:12'),
(625, 2, 'RequestBorrow', 'CheckStatus', '2013-06-16 22:47:14'),
(626, 2, 'RequestBorrow', 'request', '2013-06-16 22:47:16'),
(627, 2, 'RequestBorrow', 'CheckStatus', '2013-06-16 22:47:18'),
(628, 2, 'RequestBorrow', 'request', '2013-06-16 22:47:20'),
(629, 2, 'RequestBorrow', 'CheckStatus', '2013-06-16 22:47:22'),
(630, 2, 'RequestBorrow', 'request', '2013-06-16 22:47:27'),
(631, 2, 'RequestBorrow', 'CheckStatus', '2013-06-16 22:47:29'),
(632, 2, 'RequestBorrow', 'request', '2013-06-16 22:47:31'),
(633, 2, 'RequestBorrow', 'CheckStatus', '2013-06-16 22:47:33'),
(634, 2, 'RequestBorrow', 'request', '2013-06-16 22:47:41'),
(635, 2, 'RequestBorrow', 'CheckStatus', '2013-06-16 22:47:43'),
(636, 2, 'RequestBorrow', 'request', '2013-06-16 22:47:46'),
(637, 2, 'RequestBorrow', 'CheckStatus', '2013-06-16 22:47:48'),
(638, 2, 'RequestBorrow', 'request', '2013-06-16 22:47:52'),
(639, 2, 'RequestBorrow', 'CheckStatus', '2013-06-16 22:47:54'),
(640, 2, 'RequestBorrow', 'request', '2013-06-16 22:47:59'),
(641, 2, 'RequestBorrow', 'CheckStatus', '2013-06-16 22:48:01'),
(642, 2, 'RequestBorrow', 'request', '2013-06-16 22:48:02'),
(643, 2, 'RequestBorrow', 'Request', '2013-06-16 22:48:05'),
(644, 2, 'RequestService', '', '2013-06-16 22:48:11'),
(645, 2, 'Admin', '', '2013-06-16 22:48:13'),
(646, 2, 'User', '', '2013-06-16 22:59:42'),
(647, 2, 'Room', '', '2013-06-16 23:04:22'),
(648, 2, 'User', '', '2013-06-16 23:04:26'),
(649, 2, 'user', 'update', '2013-06-16 23:04:28'),
(650, 2, 'User', '', '2013-06-16 23:04:30'),
(651, 2, 'user', 'view', '2013-06-16 23:04:34'),
(652, 2, 'user', '', '2013-06-16 23:04:36'),
(653, 2, 'Room', '', '2013-06-16 23:04:39'),
(654, 2, 'Semester', '', '2013-06-16 23:04:47'),
(655, 2, 'Department', '', '2013-06-16 23:04:50'),
(656, 2, 'department', 'view', '2013-06-16 23:04:54'),
(657, 2, 'Department', '', '2013-06-16 23:04:55'),
(658, NULL, 'management', 'login', '2013-06-16 23:05:08'),
(659, 1, 'RequestBooking', '', '2013-06-16 23:05:16'),
(660, 1, 'Admin', '', '2013-06-16 23:05:18'),
(661, 1, 'User', '', '2013-06-16 23:05:21'),
(662, 1, 'user', 'delete', '2013-06-16 23:05:24'),
(663, 1, 'User', '', '2013-06-16 23:05:24'),
(664, 1, 'user', 'delete', '2013-06-16 23:05:27'),
(665, 1, 'User', '', '2013-06-16 23:05:27'),
(666, 1, 'User', '', '2013-06-16 23:06:24'),
(667, 1, 'user', 'delete', '2013-06-16 23:06:28'),
(668, 1, 'User', '', '2013-06-16 23:06:28'),
(669, 1, 'user', 'delete', '2013-06-16 23:06:31'),
(670, 1, 'User', '', '2013-06-16 23:06:31'),
(671, 1, 'user', 'delete', '2013-06-16 23:06:33'),
(672, 1, 'User', '', '2013-06-16 23:06:33'),
(673, 1, 'user', 'delete', '2013-06-16 23:06:36'),
(674, 1, 'User', '', '2013-06-16 23:06:36'),
(675, 1, 'user', 'delete', '2013-06-16 23:06:38'),
(676, 1, 'User', '', '2013-06-16 23:06:38'),
(677, 1, 'user', 'delete', '2013-06-16 23:06:40'),
(678, 1, 'User', '', '2013-06-16 23:06:41'),
(679, 1, 'user', 'delete', '2013-06-16 23:06:42'),
(680, 1, 'User', '', '2013-06-16 23:06:43'),
(681, 1, 'ConfirmUser', '', '2013-06-16 23:06:45'),
(682, 1, 'admin', '', '2013-06-16 23:06:46'),
(683, 1, 'ConfirmUser', '', '2013-06-16 23:06:48'),
(684, 1, 'User', '', '2013-06-16 23:06:49'),
(685, 1, 'User', 'Staff', '2013-06-16 23:06:51'),
(686, 1, 'User', '', '2013-06-16 23:06:55'),
(687, 1, 'Role', '', '2013-06-16 23:06:59'),
(688, 1, 'User', 'Staff', '2013-06-16 23:07:01'),
(689, 1, 'User', '', '2013-06-16 23:07:11'),
(690, 1, 'user', 'create', '2013-06-16 23:07:17'),
(691, 1, 'user', 'create', '2013-06-16 23:07:38'),
(692, 1, 'user', 'create', '2013-06-16 23:08:00'),
(693, 1, 'RequestBooking', '', '2013-06-16 23:08:11'),
(694, 1, 'Admin', '', '2013-06-16 23:08:13'),
(695, 1, 'User', '', '2013-06-16 23:08:14'),
(696, 1, 'user', 'delete', '2013-06-16 23:08:26'),
(697, 1, 'User', '', '2013-06-16 23:08:26'),
(698, 1, 'user', 'update', '2013-06-16 23:08:28'),
(699, 1, 'user', 'view', '2013-06-16 23:08:44'),
(700, 1, 'user', '', '2013-06-16 23:08:46'),
(701, 1, 'user', 'update', '2013-06-16 23:08:55'),
(702, 1, 'user', 'view', '2013-06-16 23:09:08'),
(703, 1, 'user', '', '2013-06-16 23:09:09'),
(704, NULL, 'management', 'login', '2013-06-16 23:09:14'),
(705, NULL, 'Management', 'Register', '2013-06-16 23:09:15'),
(706, NULL, 'Management', 'Register', '2013-06-16 23:09:41'),
(707, 1, 'RequestBooking', '', '2013-06-16 23:09:52'),
(708, 1, 'Admin', '', '2013-06-16 23:09:54'),
(709, 1, 'User', '', '2013-06-16 23:09:56'),
(710, 1, 'RequestBorrow', '', '2013-06-16 23:09:57'),
(711, 1, 'RequestBorrow', 'Request', '2013-06-16 23:09:58'),
(712, 1, 'RequestBorrow', 'Request', '2013-06-16 23:10:33'),
(713, 1, 'RequestBorrow', 'Request', '2013-06-16 23:11:00'),
(714, 1, 'RequestService', '', '2013-06-16 23:11:11'),
(715, 1, 'RequestBorrow', '', '2013-06-16 23:11:15'),
(716, 1, 'Solution', '', '2013-06-16 23:12:11'),
(717, 1, 'Solution', 'Index', '2013-06-16 23:12:14'),
(718, 1, 'Solution', 'Index', '2013-06-16 23:12:15'),
(719, 1, 'Solution', 'Index', '2013-06-16 23:12:22'),
(720, 1, 'Solution', 'Index', '2013-06-16 23:12:23'),
(721, 1, 'RequestService', '', '2013-06-16 23:12:25'),
(722, 1, 'RequestBooking', '', '2013-06-16 23:12:26'),
(723, 1, 'RequestBooking', 'Request', '2013-06-16 23:12:29'),
(724, 1, 'RequestBooking', 'CheckStatus', '2013-06-16 23:12:31'),
(725, 1, 'RequestBooking', '', '2013-06-16 23:12:32'),
(726, 1, 'RequestBooking', 'Index', '2013-06-16 23:12:34'),
(727, 1, 'RequestBooking', 'Request', '2013-06-16 23:12:38'),
(728, 1, 'RequestBooking', 'Request', '2013-06-16 23:12:57'),
(729, 1, 'RequestBooking', 'View', '2013-06-16 23:13:26'),
(730, 1, 'RequestBooking', '', '2013-06-16 23:13:28'),
(731, 1, 'RequestBorrow', '', '2013-06-16 23:13:29'),
(732, 1, 'RequestBorrow', 'Request', '2013-06-16 23:13:30'),
(733, 1, 'RequestBorrow', 'Request', '2013-06-16 23:13:49'),
(734, 1, 'RequestBorrow', 'Request', '2013-06-16 23:21:41'),
(735, 1, 'RequestBorrow', 'Request', '2013-06-16 23:22:01'),
(736, 1, 'RequestBorrow', 'View', '2013-06-16 23:25:56'),
(737, 1, 'RequestBorrow', '', '2013-06-16 23:26:04'),
(738, 1, 'RequestBorrow', 'Request', '2013-06-16 23:26:06'),
(739, 1, 'RequestBorrow', 'View', '2013-06-16 23:26:36'),
(740, 1, 'RequestBorrow', '', '2013-06-16 23:26:38'),
(741, 1, 'RequestBorrow', '', '2013-06-16 23:26:52'),
(742, 1, 'RequestBorrow', 'Index', '2013-06-16 23:26:56'),
(743, 1, 'RequestBorrow', 'CheckStatus', '2013-06-16 23:27:02'),
(744, NULL, 'management', 'login', '2013-06-16 23:46:43'),
(745, 3, 'RequestBooking', '', '2013-06-16 23:46:49');

--
-- Indexes for dumped tables
--

--
-- Indexes for table `department`
--
ALTER TABLE `department`
 ADD PRIMARY KEY (`id`), ADD UNIQUE KEY `department_code` (`department_code`,`name`);

--
-- Indexes for table `enumeration`
--
ALTER TABLE `enumeration`
 ADD PRIMARY KEY (`id`), ADD KEY `enumeration_type_id` (`enumeration_type_code`);

--
-- Indexes for table `enumeration_type`
--
ALTER TABLE `enumeration_type`
 ADD PRIMARY KEY (`code`);

--
-- Indexes for table `equipment`
--
ALTER TABLE `equipment`
 ADD PRIMARY KEY (`id`), ADD KEY `equipment_type_id` (`equipment_type_id`), ADD KEY `room_id` (`room_id`);

--
-- Indexes for table `equipment_cracked_log`
--
ALTER TABLE `equipment_cracked_log`
 ADD PRIMARY KEY (`id`);

--
-- Indexes for table `equipment_type`
--
ALTER TABLE `equipment_type`
 ADD PRIMARY KEY (`id`), ADD UNIQUE KEY `equipment_type_code` (`equipment_type_code`,`name`);

--
-- Indexes for table `equipment_type_list`
--
ALTER TABLE `equipment_type_list`
 ADD PRIMARY KEY (`id`), ADD KEY `fk_group_idx` (`equipment_type_id`);

--
-- Indexes for table `event_type`
--
ALTER TABLE `event_type`
 ADD PRIMARY KEY (`id`);

--
-- Indexes for table `gallery`
--
ALTER TABLE `gallery`
 ADD PRIMARY KEY (`id`);

--
-- Indexes for table `link`
--
ALTER TABLE `link`
 ADD PRIMARY KEY (`id`);

--
-- Indexes for table `news`
--
ALTER TABLE `news`
 ADD PRIMARY KEY (`id`);

--
-- Indexes for table `period`
--
ALTER TABLE `period`
 ADD PRIMARY KEY (`id`), ADD KEY `status_code` (`status_code`), ADD KEY `preriod_group_id` (`period_group_id`);

--
-- Indexes for table `period_group`
--
ALTER TABLE `period_group`
 ADD PRIMARY KEY (`id`), ADD KEY `status_code` (`status_code`);

--
-- Indexes for table `permission`
--
ALTER TABLE `permission`
 ADD PRIMARY KEY (`permission_code`), ADD UNIQUE KEY `name` (`name`), ADD KEY `permission_group_id` (`permission_group_id`);

--
-- Indexes for table `permission_group`
--
ALTER TABLE `permission_group`
 ADD PRIMARY KEY (`id`);

--
-- Indexes for table `position`
--
ALTER TABLE `position`
 ADD PRIMARY KEY (`id`), ADD UNIQUE KEY `position_code` (`position_code`);

--
-- Indexes for table `present_type`
--
ALTER TABLE `present_type`
 ADD PRIMARY KEY (`id`);

--
-- Indexes for table `request_booking`
--
ALTER TABLE `request_booking`
 ADD PRIMARY KEY (`id`), ADD KEY `user_login_id` (`user_login_id`), ADD KEY `room_id` (`room_id`), ADD KEY `period_start` (`period_start`), ADD KEY `period_end` (`period_end`), ADD KEY `status_code` (`status_code`), ADD KEY `semester_id` (`semester_id`), ADD KEY `request_booking_type_id` (`request_booking_type_id`);

--
-- Indexes for table `request_booking_activity_detail`
--
ALTER TABLE `request_booking_activity_detail`
 ADD PRIMARY KEY (`id`), ADD KEY `event_type_id` (`event_type_id`), ADD KEY `room_type_id` (`room_type_id`);

--
-- Indexes for table `request_booking_activity_present_type`
--
ALTER TABLE `request_booking_activity_present_type`
 ADD PRIMARY KEY (`id`), ADD KEY `request_booking_activity_id` (`request_booking_activity_id`), ADD KEY `present_type_id` (`present_type_id`);

--
-- Indexes for table `request_booking_alert_log`
--
ALTER TABLE `request_booking_alert_log`
 ADD PRIMARY KEY (`id`), ADD KEY `request_booking_id` (`request_booking_id`);

--
-- Indexes for table `request_booking_equipment_type`
--
ALTER TABLE `request_booking_equipment_type`
 ADD PRIMARY KEY (`id`), ADD KEY `request_booking_id` (`request_booking_id`), ADD KEY `equipment_type_id` (`equipment_type_id`);

--
-- Indexes for table `request_booking_type`
--
ALTER TABLE `request_booking_type`
 ADD PRIMARY KEY (`id`);

--
-- Indexes for table `request_borrow`
--
ALTER TABLE `request_borrow`
 ADD PRIMARY KEY (`id`), ADD KEY `event_type_id` (`event_type_id`), ADD KEY `user_login_id` (`user_login_id`), ADD KEY `status_code` (`status_code`);

--
-- Indexes for table `request_borrow_alert_log`
--
ALTER TABLE `request_borrow_alert_log`
 ADD PRIMARY KEY (`id`), ADD KEY `request_borrow_id` (`request_borrow_id`);

--
-- Indexes for table `request_borrow_approve_link`
--
ALTER TABLE `request_borrow_approve_link`
 ADD PRIMARY KEY (`id`);

--
-- Indexes for table `request_borrow_equipment_type`
--
ALTER TABLE `request_borrow_equipment_type`
 ADD PRIMARY KEY (`id`), ADD KEY `request_borrow_id` (`request_borrow_id`), ADD KEY `request_borrow_equipment_type_ibfk_4_idx` (`equipment_type_list_id`);

--
-- Indexes for table `request_borrow_equipment_type_item`
--
ALTER TABLE `request_borrow_equipment_type_item`
 ADD PRIMARY KEY (`id`);

--
-- Indexes for table `request_service`
--
ALTER TABLE `request_service`
 ADD PRIMARY KEY (`id`), ADD KEY `user_login_id` (`user_login_id`), ADD KEY `time_period` (`time_period`), ADD KEY `status_code` (`status_code`);

--
-- Indexes for table `request_service_detail`
--
ALTER TABLE `request_service_detail`
 ADD PRIMARY KEY (`id`), ADD KEY `request_service_id` (`request_service_id`), ADD KEY `request_service_type_detail_id` (`request_service_type_detail_id`);

--
-- Indexes for table `request_service_type`
--
ALTER TABLE `request_service_type`
 ADD PRIMARY KEY (`id`);

--
-- Indexes for table `request_service_type_detail`
--
ALTER TABLE `request_service_type_detail`
 ADD PRIMARY KEY (`id`), ADD KEY `request_service_type_id` (`request_service_type_id`);

--
-- Indexes for table `role`
--
ALTER TABLE `role`
 ADD PRIMARY KEY (`id`), ADD UNIQUE KEY `name` (`name`);

--
-- Indexes for table `role_permission`
--
ALTER TABLE `role_permission`
 ADD PRIMARY KEY (`id`), ADD UNIQUE KEY `role_id` (`role_id`,`permission_code`), ADD KEY `permission_id` (`permission_code`);

--
-- Indexes for table `room`
--
ALTER TABLE `room`
 ADD PRIMARY KEY (`id`), ADD UNIQUE KEY `room_code` (`room_code`), ADD KEY `room_type_id` (`room_group_id`);

--
-- Indexes for table `room_equipment`
--
ALTER TABLE `room_equipment`
 ADD PRIMARY KEY (`id`), ADD KEY `room_id` (`room_id`), ADD KEY `equipment_id` (`equipment_id`);

--
-- Indexes for table `room_group`
--
ALTER TABLE `room_group`
 ADD PRIMARY KEY (`id`);

--
-- Indexes for table `room_staff`
--
ALTER TABLE `room_staff`
 ADD PRIMARY KEY (`id`), ADD UNIQUE KEY `room_id` (`room_id`,`staff_id`);

--
-- Indexes for table `room_type`
--
ALTER TABLE `room_type`
 ADD PRIMARY KEY (`id`);

--
-- Indexes for table `semester`
--
ALTER TABLE `semester`
 ADD PRIMARY KEY (`id`);

--
-- Indexes for table `social_media`
--
ALTER TABLE `social_media`
 ADD PRIMARY KEY (`id`);

--
-- Indexes for table `status`
--
ALTER TABLE `status`
 ADD PRIMARY KEY (`status_code`), ADD KEY `status_group_id` (`status_group_id`);

--
-- Indexes for table `status_group`
--
ALTER TABLE `status_group`
 ADD PRIMARY KEY (`id`);

--
-- Indexes for table `subject`
--
ALTER TABLE `subject`
 ADD PRIMARY KEY (`id`);

--
-- Indexes for table `tb_email_forapprove`
--
ALTER TABLE `tb_email_forapprove`
 ADD PRIMARY KEY (`id`);

--
-- Indexes for table `tb_holiday`
--
ALTER TABLE `tb_holiday`
 ADD PRIMARY KEY (`id`);

--
-- Indexes for table `tb_setting`
--
ALTER TABLE `tb_setting`
 ADD PRIMARY KEY (`id`);

--
-- Indexes for table `tb_sky_notification`
--
ALTER TABLE `tb_sky_notification`
 ADD PRIMARY KEY (`id`);

--
-- Indexes for table `user_forget_password_request`
--
ALTER TABLE `user_forget_password_request`
 ADD PRIMARY KEY (`id`), ADD KEY `user_login_id` (`user_login_id`);

--
-- Indexes for table `user_information`
--
ALTER TABLE `user_information`
 ADD PRIMARY KEY (`id`), ADD UNIQUE KEY `personal_card_id` (`personal_card_id`);

--
-- Indexes for table `user_login`
--
ALTER TABLE `user_login`
 ADD PRIMARY KEY (`id`), ADD UNIQUE KEY `username` (`username`), ADD UNIQUE KEY `email` (`email`), ADD KEY `role_id` (`role_id`), ADD KEY `department_id` (`department_id`), ADD KEY `status` (`status`);

--
-- Indexes for table `using_log`
--
ALTER TABLE `using_log`
 ADD PRIMARY KEY (`id`);

--
-- AUTO_INCREMENT for dumped tables
--

--
-- AUTO_INCREMENT for table `department`
--
ALTER TABLE `department`
MODIFY `id` int(11) NOT NULL AUTO_INCREMENT,AUTO_INCREMENT=3;
--
-- AUTO_INCREMENT for table `enumeration`
--
ALTER TABLE `enumeration`
MODIFY `id` int(11) NOT NULL AUTO_INCREMENT,AUTO_INCREMENT=8;
--
-- AUTO_INCREMENT for table `equipment`
--
ALTER TABLE `equipment`
MODIFY `id` int(11) NOT NULL AUTO_INCREMENT,AUTO_INCREMENT=2967;
--
-- AUTO_INCREMENT for table `equipment_cracked_log`
--
ALTER TABLE `equipment_cracked_log`
MODIFY `id` int(11) NOT NULL AUTO_INCREMENT,AUTO_INCREMENT=4;
--
-- AUTO_INCREMENT for table `equipment_type`
--
ALTER TABLE `equipment_type`
MODIFY `id` int(11) NOT NULL AUTO_INCREMENT,AUTO_INCREMENT=28;
--
-- AUTO_INCREMENT for table `equipment_type_list`
--
ALTER TABLE `equipment_type_list`
MODIFY `id` int(11) NOT NULL AUTO_INCREMENT,AUTO_INCREMENT=1072;
--
-- AUTO_INCREMENT for table `event_type`
--
ALTER TABLE `event_type`
MODIFY `id` int(11) NOT NULL AUTO_INCREMENT,AUTO_INCREMENT=8;
--
-- AUTO_INCREMENT for table `gallery`
--
ALTER TABLE `gallery`
MODIFY `id` int(11) NOT NULL AUTO_INCREMENT;
--
-- AUTO_INCREMENT for table `link`
--
ALTER TABLE `link`
MODIFY `id` int(11) NOT NULL AUTO_INCREMENT,AUTO_INCREMENT=8;
--
-- AUTO_INCREMENT for table `news`
--
ALTER TABLE `news`
MODIFY `id` int(11) NOT NULL AUTO_INCREMENT,AUTO_INCREMENT=14;
--
-- AUTO_INCREMENT for table `period`
--
ALTER TABLE `period`
MODIFY `id` int(11) NOT NULL AUTO_INCREMENT,AUTO_INCREMENT=129;
--
-- AUTO_INCREMENT for table `period_group`
--
ALTER TABLE `period_group`
MODIFY `id` int(11) NOT NULL AUTO_INCREMENT,AUTO_INCREMENT=3;
--
-- AUTO_INCREMENT for table `permission_group`
--
ALTER TABLE `permission_group`
MODIFY `id` int(11) NOT NULL AUTO_INCREMENT,AUTO_INCREMENT=19;
--
-- AUTO_INCREMENT for table `position`
--
ALTER TABLE `position`
MODIFY `id` int(11) NOT NULL AUTO_INCREMENT,AUTO_INCREMENT=3;
--
-- AUTO_INCREMENT for table `present_type`
--
ALTER TABLE `present_type`
MODIFY `id` int(11) NOT NULL AUTO_INCREMENT,AUTO_INCREMENT=6;
--
-- AUTO_INCREMENT for table `request_booking`
--
ALTER TABLE `request_booking`
MODIFY `id` int(11) NOT NULL AUTO_INCREMENT,AUTO_INCREMENT=1113;
--
-- AUTO_INCREMENT for table `request_booking_activity_detail`
--
ALTER TABLE `request_booking_activity_detail`
MODIFY `id` int(11) NOT NULL AUTO_INCREMENT,AUTO_INCREMENT=1113;
--
-- AUTO_INCREMENT for table `request_booking_activity_present_type`
--
ALTER TABLE `request_booking_activity_present_type`
MODIFY `id` int(11) NOT NULL AUTO_INCREMENT,AUTO_INCREMENT=93;
--
-- AUTO_INCREMENT for table `request_booking_alert_log`
--
ALTER TABLE `request_booking_alert_log`
MODIFY `id` int(11) NOT NULL AUTO_INCREMENT,AUTO_INCREMENT=14;
--
-- AUTO_INCREMENT for table `request_booking_equipment_type`
--
ALTER TABLE `request_booking_equipment_type`
MODIFY `id` int(11) NOT NULL AUTO_INCREMENT,AUTO_INCREMENT=526;
--
-- AUTO_INCREMENT for table `request_booking_type`
--
ALTER TABLE `request_booking_type`
MODIFY `id` int(11) NOT NULL AUTO_INCREMENT,AUTO_INCREMENT=4;
--
-- AUTO_INCREMENT for table `request_borrow`
--
ALTER TABLE `request_borrow`
MODIFY `id` int(11) NOT NULL AUTO_INCREMENT,AUTO_INCREMENT=214;
--
-- AUTO_INCREMENT for table `request_borrow_alert_log`
--
ALTER TABLE `request_borrow_alert_log`
MODIFY `id` int(11) NOT NULL AUTO_INCREMENT,AUTO_INCREMENT=13;
--
-- AUTO_INCREMENT for table `request_borrow_approve_link`
--
ALTER TABLE `request_borrow_approve_link`
MODIFY `id` int(11) NOT NULL AUTO_INCREMENT,AUTO_INCREMENT=261;
--
-- AUTO_INCREMENT for table `request_borrow_equipment_type`
--
ALTER TABLE `request_borrow_equipment_type`
MODIFY `id` int(11) NOT NULL AUTO_INCREMENT,AUTO_INCREMENT=621;
--
-- AUTO_INCREMENT for table `request_borrow_equipment_type_item`
--
ALTER TABLE `request_borrow_equipment_type_item`
MODIFY `id` int(11) NOT NULL AUTO_INCREMENT,AUTO_INCREMENT=495;
--
-- AUTO_INCREMENT for table `request_service`
--
ALTER TABLE `request_service`
MODIFY `id` int(11) NOT NULL AUTO_INCREMENT,AUTO_INCREMENT=35;
--
-- AUTO_INCREMENT for table `request_service_detail`
--
ALTER TABLE `request_service_detail`
MODIFY `id` int(11) NOT NULL AUTO_INCREMENT,AUTO_INCREMENT=29;
--
-- AUTO_INCREMENT for table `request_service_type`
--
ALTER TABLE `request_service_type`
MODIFY `id` int(11) NOT NULL AUTO_INCREMENT,AUTO_INCREMENT=9;
--
-- AUTO_INCREMENT for table `request_service_type_detail`
--
ALTER TABLE `request_service_type_detail`
MODIFY `id` int(11) NOT NULL AUTO_INCREMENT,AUTO_INCREMENT=19;
--
-- AUTO_INCREMENT for table `role`
--
ALTER TABLE `role`
MODIFY `id` int(11) NOT NULL AUTO_INCREMENT,AUTO_INCREMENT=7;
--
-- AUTO_INCREMENT for table `role_permission`
--
ALTER TABLE `role_permission`
MODIFY `id` int(11) NOT NULL AUTO_INCREMENT,AUTO_INCREMENT=219;
--
-- AUTO_INCREMENT for table `room`
--
ALTER TABLE `room`
MODIFY `id` int(11) NOT NULL AUTO_INCREMENT,AUTO_INCREMENT=5315;
--
-- AUTO_INCREMENT for table `room_equipment`
--
ALTER TABLE `room_equipment`
MODIFY `id` int(11) NOT NULL AUTO_INCREMENT;
--
-- AUTO_INCREMENT for table `room_group`
--
ALTER TABLE `room_group`
MODIFY `id` int(11) NOT NULL AUTO_INCREMENT,AUTO_INCREMENT=5;
--
-- AUTO_INCREMENT for table `room_staff`
--
ALTER TABLE `room_staff`
MODIFY `id` int(11) NOT NULL AUTO_INCREMENT,AUTO_INCREMENT=33;
--
-- AUTO_INCREMENT for table `room_type`
--
ALTER TABLE `room_type`
MODIFY `id` int(11) NOT NULL AUTO_INCREMENT,AUTO_INCREMENT=5;
--
-- AUTO_INCREMENT for table `semester`
--
ALTER TABLE `semester`
MODIFY `id` int(11) NOT NULL AUTO_INCREMENT,AUTO_INCREMENT=9;
--
-- AUTO_INCREMENT for table `social_media`
--
ALTER TABLE `social_media`
MODIFY `id` int(11) NOT NULL AUTO_INCREMENT,AUTO_INCREMENT=2;
--
-- AUTO_INCREMENT for table `subject`
--
ALTER TABLE `subject`
MODIFY `id` int(11) NOT NULL AUTO_INCREMENT,AUTO_INCREMENT=7;
--
-- AUTO_INCREMENT for table `tb_sky_notification`
--
ALTER TABLE `tb_sky_notification`
MODIFY `id` int(11) NOT NULL AUTO_INCREMENT,AUTO_INCREMENT=10;
--
-- AUTO_INCREMENT for table `user_forget_password_request`
--
ALTER TABLE `user_forget_password_request`
MODIFY `id` int(11) NOT NULL AUTO_INCREMENT;
--
-- AUTO_INCREMENT for table `user_information`
--
ALTER TABLE `user_information`
MODIFY `id` int(11) NOT NULL AUTO_INCREMENT COMMENT 'รหัส',AUTO_INCREMENT=1195;
--
-- AUTO_INCREMENT for table `user_login`
--
ALTER TABLE `user_login`
MODIFY `id` int(11) NOT NULL AUTO_INCREMENT COMMENT 'รหัส',AUTO_INCREMENT=1195;
--
-- AUTO_INCREMENT for table `using_log`
--
ALTER TABLE `using_log`
MODIFY `id` int(11) NOT NULL AUTO_INCREMENT,AUTO_INCREMENT=746;
--
-- Constraints for dumped tables
--

--
-- Constraints for table `enumeration`
--
ALTER TABLE `enumeration`
ADD CONSTRAINT `enumeration_ibfk_1` FOREIGN KEY (`enumeration_type_code`) REFERENCES `enumeration_type` (`code`);

--
-- Constraints for table `equipment`
--
ALTER TABLE `equipment`
ADD CONSTRAINT `equipment_ibfk_1` FOREIGN KEY (`equipment_type_id`) REFERENCES `equipment_type` (`id`) ON UPDATE CASCADE,
ADD CONSTRAINT `equipment_ibfk_2` FOREIGN KEY (`room_id`) REFERENCES `room` (`id`);

--
-- Constraints for table `period`
--
ALTER TABLE `period`
ADD CONSTRAINT `period_ibfk_2` FOREIGN KEY (`period_group_id`) REFERENCES `period_group` (`id`),
ADD CONSTRAINT `period_ibfk_3` FOREIGN KEY (`status_code`) REFERENCES `status` (`status_code`);

--
-- Constraints for table `period_group`
--
ALTER TABLE `period_group`
ADD CONSTRAINT `period_group_ibfk_1` FOREIGN KEY (`status_code`) REFERENCES `status` (`status_code`);

--
-- Constraints for table `permission`
--
ALTER TABLE `permission`
ADD CONSTRAINT `permission_ibfk_1` FOREIGN KEY (`permission_group_id`) REFERENCES `permission_group` (`id`);

--
-- Constraints for table `request_booking`
--
ALTER TABLE `request_booking`
ADD CONSTRAINT `request_booking_ibfk_30` FOREIGN KEY (`user_login_id`) REFERENCES `user_login` (`id`),
ADD CONSTRAINT `request_booking_ibfk_31` FOREIGN KEY (`request_booking_type_id`) REFERENCES `request_booking_type` (`id`),
ADD CONSTRAINT `request_booking_ibfk_32` FOREIGN KEY (`room_id`) REFERENCES `room` (`id`),
ADD CONSTRAINT `request_booking_ibfk_33` FOREIGN KEY (`semester_id`) REFERENCES `semester` (`id`),
ADD CONSTRAINT `request_booking_ibfk_34` FOREIGN KEY (`period_start`) REFERENCES `period` (`id`),
ADD CONSTRAINT `request_booking_ibfk_35` FOREIGN KEY (`period_end`) REFERENCES `period` (`id`),
ADD CONSTRAINT `request_booking_ibfk_36` FOREIGN KEY (`status_code`) REFERENCES `status` (`status_code`);

--
-- Constraints for table `request_booking_activity_present_type`
--
ALTER TABLE `request_booking_activity_present_type`
ADD CONSTRAINT `request_booking_activity_present_type_ibfk_3` FOREIGN KEY (`request_booking_activity_id`) REFERENCES `request_booking_activity_detail` (`id`) ON DELETE CASCADE,
ADD CONSTRAINT `request_booking_activity_present_type_ibfk_4` FOREIGN KEY (`present_type_id`) REFERENCES `present_type` (`id`);

--
-- Constraints for table `request_booking_alert_log`
--
ALTER TABLE `request_booking_alert_log`
ADD CONSTRAINT `request_booking_alert_log_ibfk_1` FOREIGN KEY (`request_booking_id`) REFERENCES `request_booking` (`id`) ON DELETE CASCADE ON UPDATE CASCADE;

--
-- Constraints for table `request_borrow`
--
ALTER TABLE `request_borrow`
ADD CONSTRAINT `request_borrow_ibfk_11` FOREIGN KEY (`user_login_id`) REFERENCES `user_login` (`id`),
ADD CONSTRAINT `request_borrow_ibfk_12` FOREIGN KEY (`event_type_id`) REFERENCES `event_type` (`id`),
ADD CONSTRAINT `request_borrow_ibfk_13` FOREIGN KEY (`status_code`) REFERENCES `status` (`status_code`);

--
-- Constraints for table `request_borrow_alert_log`
--
ALTER TABLE `request_borrow_alert_log`
ADD CONSTRAINT `request_borrow_alert_log_ibfk_1` FOREIGN KEY (`request_borrow_id`) REFERENCES `request_borrow` (`id`);

--
-- Constraints for table `request_borrow_equipment_type`
--
ALTER TABLE `request_borrow_equipment_type`
ADD CONSTRAINT `request_borrow_equipment_type_ibfk_3` FOREIGN KEY (`request_borrow_id`) REFERENCES `request_borrow` (`id`) ON DELETE CASCADE;

--
-- Constraints for table `request_service`
--
ALTER TABLE `request_service`
ADD CONSTRAINT `request_service_ibfk_6` FOREIGN KEY (`user_login_id`) REFERENCES `user_login` (`id`),
ADD CONSTRAINT `request_service_ibfk_7` FOREIGN KEY (`time_period`) REFERENCES `period` (`id`),
ADD CONSTRAINT `request_service_ibfk_8` FOREIGN KEY (`status_code`) REFERENCES `status` (`status_code`);

--
-- Constraints for table `request_service_detail`
--
ALTER TABLE `request_service_detail`
ADD CONSTRAINT `request_service_detail_ibfk_3` FOREIGN KEY (`request_service_id`) REFERENCES `request_service` (`id`) ON DELETE CASCADE,
ADD CONSTRAINT `request_service_detail_ibfk_4` FOREIGN KEY (`request_service_type_detail_id`) REFERENCES `request_service_type_detail` (`id`);

--
-- Constraints for table `request_service_type_detail`
--
ALTER TABLE `request_service_type_detail`
ADD CONSTRAINT `request_service_type_detail_ibfk_1` FOREIGN KEY (`request_service_type_id`) REFERENCES `request_service_type` (`id`);

--
-- Constraints for table `role_permission`
--
ALTER TABLE `role_permission`
ADD CONSTRAINT `role_permission_ibfk_1` FOREIGN KEY (`role_id`) REFERENCES `role` (`id`) ON DELETE CASCADE,
ADD CONSTRAINT `role_permission_ibfk_2` FOREIGN KEY (`permission_code`) REFERENCES `permission` (`permission_code`) ON DELETE CASCADE;

--
-- Constraints for table `room`
--
ALTER TABLE `room`
ADD CONSTRAINT `room_ibfk_1` FOREIGN KEY (`room_group_id`) REFERENCES `room_group` (`id`);

--
-- Constraints for table `room_equipment`
--
ALTER TABLE `room_equipment`
ADD CONSTRAINT `room_equipment_ibfk_1` FOREIGN KEY (`room_id`) REFERENCES `room` (`id`),
ADD CONSTRAINT `room_equipment_ibfk_2` FOREIGN KEY (`equipment_id`) REFERENCES `equipment` (`id`);

--
-- Constraints for table `status`
--
ALTER TABLE `status`
ADD CONSTRAINT `status_ibfk_1` FOREIGN KEY (`status_group_id`) REFERENCES `status_group` (`id`);

--
-- Constraints for table `user_forget_password_request`
--
ALTER TABLE `user_forget_password_request`
ADD CONSTRAINT `user_forget_password_request_ibfk_1` FOREIGN KEY (`user_login_id`) REFERENCES `user_login` (`id`);

--
-- Constraints for table `user_information`
--
ALTER TABLE `user_information`
ADD CONSTRAINT `user_information_ibfk_1` FOREIGN KEY (`id`) REFERENCES `user_login` (`id`) ON DELETE CASCADE;

--
-- Constraints for table `user_login`
--
ALTER TABLE `user_login`
ADD CONSTRAINT `user_login_ibfk_3` FOREIGN KEY (`role_id`) REFERENCES `role` (`id`),
ADD CONSTRAINT `user_login_ibfk_4` FOREIGN KEY (`status`) REFERENCES `status` (`status_code`),
ADD CONSTRAINT `user_login_ibfk_5` FOREIGN KEY (`department_id`) REFERENCES `department` (`id`);

/*!40101 SET CHARACTER_SET_CLIENT=@OLD_CHARACTER_SET_CLIENT */;
/*!40101 SET CHARACTER_SET_RESULTS=@OLD_CHARACTER_SET_RESULTS */;
/*!40101 SET COLLATION_CONNECTION=@OLD_COLLATION_CONNECTION */;
